timestamp_utc,repo_name,repo_path,default_ref,commit_index,commit,commit_subject,build_tool,build_command,elapsed_seconds,exit_code,outcome,message
2026-03-29T09:19:28.071881+00:00,FasterXML__jackson-core,FasterXML__jackson-core,refs/remotes/origin/3.x,1,6dbf54186b36f116f426cb60373cab53cfd9a36d,Merge branch '3.1' into 3.x,maven,sh ./mvnw -B clean package -DskipTests -Dmaven.repo.local=/data/tmp-build/cache/m2,11.141121,0,success,
2026-03-29T09:19:33.431146+00:00,FasterXML__jackson-core,FasterXML__jackson-core,refs/remotes/origin/3.x,2,2a0054aead585f616238d1df6a70972f72277711,Add `NonBlockingByteBufferParser` tests for JSON-escaped surrogate pairs in field names (#1581) (#1582),maven,sh ./mvnw -B clean package -DskipTests -Dmaven.repo.local=/data/tmp-build/cache/m2,5.312209,0,success,
2026-03-29T09:19:38.727631+00:00,FasterXML__jackson-core,FasterXML__jackson-core,refs/remotes/origin/3.x,3,f97baf9d78883c818748e9eb2f1df169c4693f55,Trigger 3.x cascading publish,maven,sh ./mvnw -B clean package -DskipTests -Dmaven.repo.local=/data/tmp-build/cache/m2,5.271898,0,success,
2026-03-29T09:19:43.980040+00:00,FasterXML__jackson-core,FasterXML__jackson-core,refs/remotes/origin/3.x,4,c53454a55c2e8f6642459378befaf7fe28050f1d,Add `JsonParser.willInternPropertyNames()` for property name intern introspection (#1211) (#1580),maven,sh ./mvnw -B clean package -DskipTests -Dmaven.repo.local=/data/tmp-build/cache/m2,5.229235,0,success,
2026-03-29T09:19:49.230022+00:00,FasterXML__jackson-core,FasterXML__jackson-core,refs/remotes/origin/3.x,5,701cd6af465c586aa9b33e95294acde034bd17af,Implement document length tracking for DataInput-backed JSON parsers via subclass (#1575),maven,sh ./mvnw -B clean package -DskipTests -Dmaven.repo.local=/data/tmp-build/cache/m2,5.224596,0,success,
2026-03-29T09:19:54.467171+00:00,FasterXML__jackson-core,FasterXML__jackson-core,refs/remotes/origin/3.x,6,93a8a168dd89185226bf3dc3e6f9fada0c7760c1,Fix version number -- somehow reverted to 3.1.0-SNAPSHOT,maven,sh ./mvnw -B clean package -DskipTests -Dmaven.repo.local=/data/tmp-build/cache/m2,5.210462,0,success,
2026-03-29T09:20:03.152773+00:00,FasterXML__jackson-core,FasterXML__jackson-core,refs/remotes/origin/3.x,7,032014d1c9a2f95c2425b7519ee04d223e2f83ef,Use intrinsified Math.multiplyHigh() (#1577),maven,sh ./mvnw -B clean package -DskipTests -Dmaven.repo.local=/data/tmp-build/cache/m2,8.662415,0,success,
2026-03-29T09:20:08.436014+00:00,FasterXML__jackson-core,FasterXML__jackson-core,refs/remotes/origin/3.x,8,c6f47e4d748d5c38efaac4fdf639418826366f4c,Fix release notes,maven,sh ./mvnw -B clean package -DskipTests -Dmaven.repo.local=/data/tmp-build/cache/m2,5.26063,0,success,
2026-03-29T09:20:13.728244+00:00,FasterXML__jackson-core,FasterXML__jackson-core,refs/remotes/origin/3.x,9,e6bf8d18d7e90f27eadbd29c671426ee38ed3da9,Merge branch '3.1' into 3.x,maven,sh ./mvnw -B clean package -DskipTests -Dmaven.repo.local=/data/tmp-build/cache/m2,5.269407,0,success,
2026-03-29T09:20:19.019836+00:00,FasterXML__jackson-core,FasterXML__jackson-core,refs/remotes/origin/3.x,10,436019c2f467afe57f0faa35bc393aeac7a5010f,Merge branch '3.1' into 3.x,maven,sh ./mvnw -B clean package -DskipTests -Dmaven.repo.local=/data/tmp-build/cache/m2,5.268007,0,success,
2026-03-29T09:20:24.296963+00:00,FasterXML__jackson-core,FasterXML__jackson-core,refs/remotes/origin/3.x,11,5eb7479647d337037d1b681983d446f5a2583a77,Fix #1570: fail on DataInput parsing if max-doc-length set (#1571),maven,sh ./mvnw -B clean package -DskipTests -Dmaven.repo.local=/data/tmp-build/cache/m2,5.250777,0,success,
2026-03-29T09:20:29.641918+00:00,FasterXML__jackson-core,FasterXML__jackson-core,refs/remotes/origin/3.x,12,fd2eadaf3916429df148317895cc80dd5de03d26,Merge branch '2.x' into 3.x,maven,sh ./mvnw -B clean package -DskipTests -Dmaven.repo.local=/data/tmp-build/cache/m2,5.251775,0,success,
2026-03-29T09:20:34.980282+00:00,FasterXML__jackson-core,FasterXML__jackson-core,refs/remotes/origin/3.x,13,ef744c51ef688aac550800d29ebfaf52909e2d43,Merge branch '3.1' into 3.x,maven,sh ./mvnw -B clean package -DskipTests -Dmaven.repo.local=/data/tmp-build/cache/m2,5.313292,0,success,
2026-03-29T09:20:40.237046+00:00,FasterXML__jackson-core,FasterXML__jackson-core,refs/remotes/origin/3.x,14,82dbaf67e8fa4722dc4f5a7707efb4565b2496b8,Implement #1564: Add `SimpleStreamReadContext.rollbackValueRead()` method (#1565),maven,sh ./mvnw -B clean package -DskipTests -Dmaven.repo.local=/data/tmp-build/cache/m2,5.234405,0,success,
2026-03-29T09:20:45.511998+00:00,FasterXML__jackson-core,FasterXML__jackson-core,refs/remotes/origin/3.x,15,36dc53a80c3215d5f4654e582ab4baabebcba7df,Minor test addition,maven,sh ./mvnw -B clean package -DskipTests -Dmaven.repo.local=/data/tmp-build/cache/m2,5.24911,0,success,
2026-03-29T09:20:50.751799+00:00,FasterXML__jackson-core,FasterXML__jackson-core,refs/remotes/origin/3.x,16,6502f3cdd5b1883d586a7983b87fbb767685c156,Manual `pom.xml` merge from #1562,maven,sh ./mvnw -B clean package -DskipTests -Dmaven.repo.local=/data/tmp-build/cache/m2,5.214634,0,success,
2026-03-29T09:20:56.057526+00:00,FasterXML__jackson-core,FasterXML__jackson-core,refs/remotes/origin/3.x,17,8e7392e025490b1a913dbabd9ed48597ca7e5f1c,Merge branch '3.1' into 3.x,maven,sh ./mvnw -B clean package -DskipTests -Dmaven.repo.local=/data/tmp-build/cache/m2,5.282325,0,success,
2026-03-29T09:21:01.368750+00:00,FasterXML__jackson-core,FasterXML__jackson-core,refs/remotes/origin/3.x,18,10932a4151274a07ad51d1b6c5f4b1764f43b172,Merge branch '2.x' into 3.x,maven,sh ./mvnw -B clean package -DskipTests -Dmaven.repo.local=/data/tmp-build/cache/m2,5.225952,0,success,
2026-03-29T09:21:06.619007+00:00,FasterXML__jackson-core,FasterXML__jackson-core,refs/remotes/origin/3.x,19,4ac127be77a08ef03299426f85d6f4c2c3596c27,Bump the github-actions group with 5 updates (#1559),maven,sh ./mvnw -B clean package -DskipTests -Dmaven.repo.local=/data/tmp-build/cache/m2,5.224259,0,success,
2026-03-29T09:21:11.907039+00:00,FasterXML__jackson-core,FasterXML__jackson-core,refs/remotes/origin/3.x,20,8cd3b6ba568eaf16f1f80ded7fcbf3111570bdea,Merge branch '3.1' into 3.x,maven,sh ./mvnw -B clean package -DskipTests -Dmaven.repo.local=/data/tmp-build/cache/m2,5.261784,0,success,
2026-03-29T09:21:17.152256+00:00,FasterXML__jackson-core,FasterXML__jackson-core,refs/remotes/origin/3.x,21,42f94c4435ac8f2091041d14e450c974c3bced57,Fix #679 (#1556),maven,sh ./mvnw -B clean package -DskipTests -Dmaven.repo.local=/data/tmp-build/cache/m2,5.220993,0,success,
2026-03-29T09:21:22.427979+00:00,FasterXML__jackson-core,FasterXML__jackson-core,refs/remotes/origin/3.x,22,3cccdc3c8166d6191724706389982825ba4afdab,Fix release notes,maven,sh ./mvnw -B clean package -DskipTests -Dmaven.repo.local=/data/tmp-build/cache/m2,5.24896,0,success,
2026-03-29T09:21:27.711619+00:00,FasterXML__jackson-core,FasterXML__jackson-core,refs/remotes/origin/3.x,23,e42db3f106ead78186c0eff9010f42d575dda4ac,Validate `read()` parameters in `MergedStream` and `UTF32Reader` implementations (#1544),maven,sh ./mvnw -B clean package -DskipTests -Dmaven.repo.local=/data/tmp-build/cache/m2,5.25781,0,success,
2026-03-29T09:21:32.960445+00:00,FasterXML__jackson-core,FasterXML__jackson-core,refs/remotes/origin/3.x,24,3ca7c5e99eb08c65e508f200eb5adc0a4e01f65b,Fix #1545: update Android min SDK from 26 to 34 (#1547),maven,sh ./mvnw -B clean package -DskipTests -Dmaven.repo.local=/data/tmp-build/cache/m2,5.224467,0,success,
2026-03-29T09:21:38.230273+00:00,FasterXML__jackson-core,FasterXML__jackson-core,refs/remotes/origin/3.x,25,ac944817a9bd30b0270c3e1cf72291df8895c33d,Merge branch '3.1' into 3.x,maven,sh ./mvnw -B clean package -DskipTests -Dmaven.repo.local=/data/tmp-build/cache/m2,5.245853,0,success,
2026-03-29T09:21:43.484125+00:00,FasterXML__jackson-core,FasterXML__jackson-core,refs/remotes/origin/3.x,26,d2a2d270301b7f7377b809ad5050545f279513e0,Create 3.1 branch; 3.x -> 3.2.0-SNAPSHOT,maven,sh ./mvnw -B clean package -DskipTests -Dmaven.repo.local=/data/tmp-build/cache/m2,5.232159,0,success,
2026-03-29T09:21:52.175629+00:00,FasterXML__jackson-core,FasterXML__jackson-core,refs/remotes/origin/3.x,27,a92f3f917dfd4eabc250b7156c5828d84d99c654,Merge branch '3.0' into 3.x,maven,sh ./mvnw -B clean package -DskipTests -Dmaven.repo.local=/data/tmp-build/cache/m2,8.666093,0,success,
2026-03-29T09:21:57.438795+00:00,FasterXML__jackson-core,FasterXML__jackson-core,refs/remotes/origin/3.x,28,0b4fdde28c1368b43bcd43517b35e22748be4181,Rm src/site/site.xml,maven,sh ./mvnw -B clean package -DskipTests -Dmaven.repo.local=/data/tmp-build/cache/m2,5.237041,0,success,
2026-03-29T09:22:02.641761+00:00,FasterXML__jackson-core,FasterXML__jackson-core,refs/remotes/origin/3.x,29,21c990f3e072f87f41dbcc2f5ac19405b0b54b93,Post-release dep version bump,maven,sh ./mvnw -B clean package -DskipTests -Dmaven.repo.local=/data/tmp-build/cache/m2,5.177621,0,success,
2026-03-29T09:22:08.961402+00:00,FasterXML__jackson-core,FasterXML__jackson-core,refs/remotes/origin/3.x,30,ac0ce3e6a8140abdcce060ac768ab18dbc5ec3d5,[maven-release-plugin] prepare for next development iteration,maven,sh ./mvnw -B clean package -DskipTests -Dmaven.repo.local=/data/tmp-build/cache/m2,6.296199,0,success,
2026-03-29T09:22:14.227687+00:00,FasterXML__jackson-core,FasterXML__jackson-core,refs/remotes/origin/3.x,31,f59c10646e6fd09f37d149bb97a9a956bc684e1e,[maven-release-plugin] prepare release jackson-core-3.1.0,maven,sh ./mvnw -B clean package -DskipTests -Dmaven.repo.local=/data/tmp-build/cache/m2,5.24131,0,success,
2026-03-29T09:22:19.463550+00:00,FasterXML__jackson-core,FasterXML__jackson-core,refs/remotes/origin/3.x,32,a916a01fb8c7446d8629ea2f8220f9e34259ec4c,Prep for 3.1.0 release,maven,sh ./mvnw -B clean package -DskipTests -Dmaven.repo.local=/data/tmp-build/cache/m2,5.21221,0,success,
2026-03-29T09:22:24.714384+00:00,FasterXML__jackson-core,FasterXML__jackson-core,refs/remotes/origin/3.x,33,754caf7df94b863066556be8604093bcca20ab85,Merge branch '2.x' into 3.x,maven,sh ./mvnw -B clean package -DskipTests -Dmaven.repo.local=/data/tmp-build/cache/m2,5.164889,0,success,
2026-03-29T09:22:30.064453+00:00,FasterXML__jackson-core,FasterXML__jackson-core,refs/remotes/origin/3.x,34,2a50859c7caee54b7dec35f157b6b746005fd5b5,Merge branch '2.x' into 3.x,maven,sh ./mvnw -B clean package -DskipTests -Dmaven.repo.local=/data/tmp-build/cache/m2,5.268809,0,success,
2026-03-29T09:22:35.336571+00:00,FasterXML__jackson-core,FasterXML__jackson-core,refs/remotes/origin/3.x,35,c3b052cd729f09b25e1c1e1d452490b61225ce57,...,maven,sh ./mvnw -B clean package -DskipTests -Dmaven.repo.local=/data/tmp-build/cache/m2,5.248148,0,success,
2026-03-29T09:22:40.710943+00:00,FasterXML__jackson-core,FasterXML__jackson-core,refs/remotes/origin/3.x,36,522a0c81e16a2289a208684d7ff58552329eb94a,Merge branch '2.x' into 3.x,maven,sh ./mvnw -B clean package -DskipTests -Dmaven.repo.local=/data/tmp-build/cache/m2,5.288616,0,success,
2026-03-29T09:22:45.953575+00:00,FasterXML__jackson-core,FasterXML__jackson-core,refs/remotes/origin/3.x,37,d30ed9573ef2b12029ec584724d34895551dd906,Merge branch '3.x' of github.com:FasterXML/jackson-core into 3.x,maven,sh ./mvnw -B clean package -DskipTests -Dmaven.repo.local=/data/tmp-build/cache/m2,5.217249,0,success,
2026-03-29T09:22:51.199059+00:00,FasterXML__jackson-core,FasterXML__jackson-core,refs/remotes/origin/3.x,38,ee9dc0feffec4ef8a9dbe891e72597e142a92830,More GH action version pinning,maven,sh ./mvnw -B clean package -DskipTests -Dmaven.repo.local=/data/tmp-build/cache/m2,5.218105,0,success,
2026-03-29T09:22:56.408200+00:00,FasterXML__jackson-core,FasterXML__jackson-core,refs/remotes/origin/3.x,39,8b25fd67f20583e75fb09564ce1eaab06cd5a902,Fix #1553 (#1554),maven,sh ./mvnw -B clean package -DskipTests -Dmaven.repo.local=/data/tmp-build/cache/m2,5.183719,0,success,
2026-03-29T09:23:01.657988+00:00,FasterXML__jackson-core,FasterXML__jackson-core,refs/remotes/origin/3.x,40,ad93650d6f136f9d8ddf6e35ca4c729a881f9ce3,Merge branch '2.x' into 3.x,maven,sh ./mvnw -B clean package -DskipTests -Dmaven.repo.local=/data/tmp-build/cache/m2,5.165913,0,success,
2026-03-29T09:23:06.821487+00:00,FasterXML__jackson-core,FasterXML__jackson-core,refs/remotes/origin/3.x,41,403f3d2bd84a0bd92aca7b1572c26cd7b09beb99,Pin GH workflow action versions,maven,sh ./mvnw -B clean package -DskipTests -Dmaven.repo.local=/data/tmp-build/cache/m2,5.140282,0,success,
2026-03-29T09:23:12.223415+00:00,FasterXML__jackson-core,FasterXML__jackson-core,refs/remotes/origin/3.x,42,b2c4cbe0cf7aca1b4a9840f38f1c60656df7ecb2,Merge branch '2.x' into 3.x,maven,sh ./mvnw -B clean package -DskipTests -Dmaven.repo.local=/data/tmp-build/cache/m2,5.32133,0,success,
2026-03-29T09:23:17.430015+00:00,FasterXML__jackson-core,FasterXML__jackson-core,refs/remotes/origin/3.x,43,22815c439ec1769a60f43c2b971d0cc31f382536,enable DeeplyNestedContentReadTest (#1551),maven,sh ./mvnw -B clean package -DskipTests -Dmaven.repo.local=/data/tmp-build/cache/m2,5.182931,0,success,
2026-03-29T09:23:22.733020+00:00,FasterXML__jackson-core,FasterXML__jackson-core,refs/remotes/origin/3.x,44,09d0888207179c686b1aaa8831772d628cc3a9b4,Merge branch '2.x' into 3.x,maven,sh ./mvnw -B clean package -DskipTests -Dmaven.repo.local=/data/tmp-build/cache/m2,5.223368,0,success,
2026-03-29T09:23:27.981308+00:00,FasterXML__jackson-core,FasterXML__jackson-core,refs/remotes/origin/3.x,45,8c99dc01765d59e1fe06a3fe951fdd271a831328,Merge branch '2.x' into 3.x,maven,sh ./mvnw -B clean package -DskipTests -Dmaven.repo.local=/data/tmp-build/cache/m2,5.167094,0,success,
2026-03-29T09:23:33.193382+00:00,FasterXML__jackson-core,FasterXML__jackson-core,refs/remotes/origin/3.x,46,c9c3652893e96302cfcb2134783f9e3eccc8d25f,"Revert ""Update Android SDK and plugin versions in pom.xml"" (#1546)",maven,sh ./mvnw -B clean package -DskipTests -Dmaven.repo.local=/data/tmp-build/cache/m2,5.188906,0,success,
2026-03-29T09:23:38.391405+00:00,FasterXML__jackson-core,FasterXML__jackson-core,refs/remotes/origin/3.x,47,d8def97d3872cbe4b355dd9d11b6d9476288271b,Update Android SDK and plugin versions in pom.xml,maven,sh ./mvnw -B clean package -DskipTests -Dmaven.repo.local=/data/tmp-build/cache/m2,5.175886,0,success,
2026-03-29T09:23:43.584391+00:00,FasterXML__jackson-core,FasterXML__jackson-core,refs/remotes/origin/3.x,48,38399a076eca19bbfa057b2c71bf7165cbe56a32,Fix #1541: inconsistent handling of UTF-8 surrogates in names (#1542),maven,sh ./mvnw -B clean package -DskipTests -Dmaven.repo.local=/data/tmp-build/cache/m2,5.167642,0,success,
2026-03-29T09:23:48.778020+00:00,FasterXML__jackson-core,FasterXML__jackson-core,refs/remotes/origin/3.x,49,52c40ef7457f57027a0d1b92404ae9c39365e78b,Bump the github-actions group with 5 updates (#1539),maven,sh ./mvnw -B clean package -DskipTests -Dmaven.repo.local=/data/tmp-build/cache/m2,5.169162,0,success,
2026-03-29T09:23:53.992383+00:00,FasterXML__jackson-core,FasterXML__jackson-core,refs/remotes/origin/3.x,50,ceee70db0e6c54d907c75585e4678a43dabe3dd6,Post-release dep version bump,maven,sh ./mvnw -B clean package -DskipTests -Dmaven.repo.local=/data/tmp-build/cache/m2,5.190975,0,success,
2026-03-29T09:24:10.235983+00:00,FasterXML__jackson-databind,FasterXML__jackson-databind,refs/remotes/origin/3.x,1,8c6439de9732b134feb82452ba4da12525d6d365,"Add tests for artificial ""native"" Object and Type Ids (#5848)",maven,sh ./mvnw -B clean package -DskipTests -Dmaven.repo.local=/data/tmp-build/cache/m2,15.361512,0,success,
2026-03-29T09:24:20.228628+00:00,FasterXML__jackson-databind,FasterXML__jackson-databind,refs/remotes/origin/3.x,2,5cf2be626c3b1d68b0a710f3e39448c90e7a031a,"Add support wrt [dataformats-text#22] for native Object Ids, @JsonCreator (#5847)",maven,sh ./mvnw -B clean package -DskipTests -Dmaven.repo.local=/data/tmp-build/cache/m2,9.825313,0,success,
2026-03-29T09:24:30.040296+00:00,FasterXML__jackson-databind,FasterXML__jackson-databind,refs/remotes/origin/3.x,3,0afd702a1575476fe132dbcadd85de91c080dcf1,...,maven,sh ./mvnw -B clean package -DskipTests -Dmaven.repo.local=/data/tmp-build/cache/m2,9.709019,0,success,
2026-03-29T09:24:39.940423+00:00,FasterXML__jackson-databind,FasterXML__jackson-databind,refs/remotes/origin/3.x,4,89c6c2b563e065e94840e259660c46a8e7f40c39,Merge branch '3.1' into 3.x,maven,sh ./mvnw -B clean package -DskipTests -Dmaven.repo.local=/data/tmp-build/cache/m2,9.783588,0,success,
2026-03-29T09:24:49.858831+00:00,FasterXML__jackson-databind,FasterXML__jackson-databind,refs/remotes/origin/3.x,5,b5201ef33df34075d2ce96c927a174482a5800ff,Manual merge of release notes for 3.1.1,maven,sh ./mvnw -B clean package -DskipTests -Dmaven.repo.local=/data/tmp-build/cache/m2,9.814103,0,success,
2026-03-29T09:24:59.795188+00:00,FasterXML__jackson-databind,FasterXML__jackson-databind,refs/remotes/origin/3.x,6,97a8ea34a4e2052ea2834b2ca2703cbda35f8637,Merge branch '3.1' into 3.x,maven,sh ./mvnw -B clean package -DskipTests -Dmaven.repo.local=/data/tmp-build/cache/m2,9.827489,0,success,
2026-03-29T09:25:09.676299+00:00,FasterXML__jackson-databind,FasterXML__jackson-databind,refs/remotes/origin/3.x,7,f24671f8e98e5901ff3ec32cda01ea79d8244bdb,Add passing test for #5247 (#5845),maven,sh ./mvnw -B clean package -DskipTests -Dmaven.repo.local=/data/tmp-build/cache/m2,9.762155,0,success,
2026-03-29T09:25:19.649542+00:00,FasterXML__jackson-databind,FasterXML__jackson-databind,refs/remotes/origin/3.x,8,60ea24551b6a5c88f28f9a847e6646a2166c4477,Trigger cascading 3.x rebuild,maven,sh ./mvnw -B clean package -DskipTests -Dmaven.repo.local=/data/tmp-build/cache/m2,9.86912,0,success,
2026-03-29T09:25:29.647461+00:00,FasterXML__jackson-databind,FasterXML__jackson-databind,refs/remotes/origin/3.x,9,5676c1e1c16c48f67d3e92aeea37c9d2e20d2361,warnings cleanup,maven,sh ./mvnw -B clean package -DskipTests -Dmaven.repo.local=/data/tmp-build/cache/m2,9.879051,0,success,
2026-03-29T09:25:39.473418+00:00,FasterXML__jackson-databind,FasterXML__jackson-databind,refs/remotes/origin/3.x,10,e7a0198e6a37d3a0022d5ec1707189ac62cd9232,Fix a minor regression from #4988 (#5844),maven,sh ./mvnw -B clean package -DskipTests -Dmaven.repo.local=/data/tmp-build/cache/m2,9.719918,0,success,
2026-03-29T09:25:49.383185+00:00,FasterXML__jackson-databind,FasterXML__jackson-databind,refs/remotes/origin/3.x,11,9c934a19b51d7259ed0e6c2b6505f13771b6dd18,Update release notes wrt #4983,maven,sh ./mvnw -B clean package -DskipTests -Dmaven.repo.local=/data/tmp-build/cache/m2,9.787103,0,success,
2026-03-29T09:25:59.220079+00:00,FasterXML__jackson-databind,FasterXML__jackson-databind,refs/remotes/origin/3.x,12,590acf6d262d65b39b88604b8bed5f3473acf30f,Fix #4983:`@JsonTypeInfo` location actual baseType via hierarchy (#4988),maven,sh ./mvnw -B clean package -DskipTests -Dmaven.repo.local=/data/tmp-build/cache/m2,9.733016,0,success,
2026-03-29T09:26:09.145510+00:00,FasterXML__jackson-databind,FasterXML__jackson-databind,refs/remotes/origin/3.x,13,70bf01d245b7105545f546e55d8bc20d4492bc35,Fix #4014: support @JsonIdentityInfo(PropertyGenerator) on interfaces with @JsonTypeInfo (#5782),maven,sh ./mvnw -B clean package -DskipTests -Dmaven.repo.local=/data/tmp-build/cache/m2,9.820169,0,success,
2026-03-29T09:26:19.133179+00:00,FasterXML__jackson-databind,FasterXML__jackson-databind,refs/remotes/origin/3.x,14,eaa7a3555ba78c3bc3c9d066602f4b7d959967cb,Fix #3229: allow update of local/anonymous classes (#5837),maven,sh ./mvnw -B clean package -DskipTests -Dmaven.repo.local=/data/tmp-build/cache/m2,9.880853,0,success,
2026-03-29T09:26:28.924269+00:00,FasterXML__jackson-databind,FasterXML__jackson-databind,refs/remotes/origin/3.x,15,948558cdcae6c2e31cc971d82d248af039ead4fc,Add helper method to use for #4983 fix (#5836),maven,sh ./mvnw -B clean package -DskipTests -Dmaven.repo.local=/data/tmp-build/cache/m2,9.681845,0,success,
2026-03-29T09:26:38.779568+00:00,FasterXML__jackson-databind,FasterXML__jackson-databind,refs/remotes/origin/3.x,16,e30a9865f6aad368ada139b68d61bebc15f3bd52,Robustify tests for CI,maven,sh ./mvnw -B clean package -DskipTests -Dmaven.repo.local=/data/tmp-build/cache/m2,9.749605,0,success,
2026-03-29T09:26:48.707651+00:00,FasterXML__jackson-databind,FasterXML__jackson-databind,refs/remotes/origin/3.x,17,71d3cdab4597a440b2163690bef2ae006f4b66e3,Implement #3604: allow `@JsonAnyGetter` on `ObjectNode` fields (#5833),maven,sh ./mvnw -B clean package -DskipTests -Dmaven.repo.local=/data/tmp-build/cache/m2,9.820864,0,success,
2026-03-29T09:26:58.580307+00:00,FasterXML__jackson-databind,FasterXML__jackson-databind,refs/remotes/origin/3.x,18,f4ec2196dd9fe99185cfd5da8a6de84f5db538f1,One more fix wrt #5615 concurrency failures (#5835),maven,sh ./mvnw -B clean package -DskipTests -Dmaven.repo.local=/data/tmp-build/cache/m2,9.758776,0,success,
2026-03-29T09:27:08.412437+00:00,FasterXML__jackson-databind,FasterXML__jackson-databind,refs/remotes/origin/3.x,19,90087749d89cbac289a603be46745df6bb80a98a,Try isolating potentially problematic test,maven,sh ./mvnw -B clean package -DskipTests -Dmaven.repo.local=/data/tmp-build/cache/m2,9.727233,0,success,
2026-03-29T09:27:18.396296+00:00,FasterXML__jackson-databind,FasterXML__jackson-databind,refs/remotes/origin/3.x,20,778d90f6e917d8156a0ebd215ca25b0ec5ea38f3,One more tweak to fully resolve #5615 (#5834),maven,sh ./mvnw -B clean package -DskipTests -Dmaven.repo.local=/data/tmp-build/cache/m2,9.861921,0,success,
2026-03-29T09:27:28.397707+00:00,FasterXML__jackson-databind,FasterXML__jackson-databind,refs/remotes/origin/3.x,21,ed72e257731408eae61aec25b69e93dab57865e5,SerializerCache refactoring: use HashMap for _inProgressMap (#5825),maven,sh ./mvnw -B clean package -DskipTests -Dmaven.repo.local=/data/tmp-build/cache/m2,9.896904,0,success,
2026-03-29T09:27:38.369062+00:00,FasterXML__jackson-databind,FasterXML__jackson-databind,refs/remotes/origin/3.x,22,6ea56cb975dfa7b5b80c4c5c21f209e958c63122,"Add `AnnotatedClass.getSuperTypes()`, tests (#5832)",maven,sh ./mvnw -B clean package -DskipTests -Dmaven.repo.local=/data/tmp-build/cache/m2,9.844076,0,success,
2026-03-29T09:27:48.243220+00:00,FasterXML__jackson-databind,FasterXML__jackson-databind,refs/remotes/origin/3.x,23,7fafcce11e0f8aba7c010c35d205907fb59dffb3,Add `SerializationFeature.ORDER_SET_ELEMENTS` for #3166 (#5780),maven,sh ./mvnw -B clean package -DskipTests -Dmaven.repo.local=/data/tmp-build/cache/m2,9.766036,0,success,
2026-03-29T09:27:58.206428+00:00,FasterXML__jackson-databind,FasterXML__jackson-databind,refs/remotes/origin/3.x,24,2abe5203fe0418c3b0d877013571cc6ca33aab3b,...,maven,sh ./mvnw -B clean package -DskipTests -Dmaven.repo.local=/data/tmp-build/cache/m2,9.855351,0,success,
2026-03-29T09:28:07.956251+00:00,FasterXML__jackson-databind,FasterXML__jackson-databind,refs/remotes/origin/3.x,25,abcee4bb60fd5384129ea2e104e20149c8ebf766,Merge branch '3.1' into 3.x,maven,sh ./mvnw -B clean package -DskipTests -Dmaven.repo.local=/data/tmp-build/cache/m2,9.620553,0,success,
2026-03-29T09:28:17.799802+00:00,FasterXML__jackson-databind,FasterXML__jackson-databind,refs/remotes/origin/3.x,26,91cc61858469b50fdd473f829527aab2b03c42ba,fix typo in test method name (#5831),maven,sh ./mvnw -B clean package -DskipTests -Dmaven.repo.local=/data/tmp-build/cache/m2,9.739346,0,success,
2026-03-29T09:28:27.686613+00:00,FasterXML__jackson-databind,FasterXML__jackson-databind,refs/remotes/origin/3.x,27,edd9ff6489499a2e3f8455e57f0f5aaa2411c0ae,Merge branch '3.1' into 3.x,maven,sh ./mvnw -B clean package -DskipTests -Dmaven.repo.local=/data/tmp-build/cache/m2,9.774937,0,success,
2026-03-29T09:28:37.625820+00:00,FasterXML__jackson-databind,FasterXML__jackson-databind,refs/remotes/origin/3.x,28,1f5c18670e81bb2d63f60c987dbed770ae1f9fd6,Fix dead code and side-effect bug in `BeanPropertyWriter.toString()` (#5821),maven,sh ./mvnw -B clean package -DskipTests -Dmaven.repo.local=/data/tmp-build/cache/m2,9.832385,0,success,
2026-03-29T09:28:47.636382+00:00,FasterXML__jackson-databind,FasterXML__jackson-databind,refs/remotes/origin/3.x,29,441a33c76b4db1a88a6c2081532bc50a37fdc30b,Set utf-8 in export_to_json (#5829),maven,sh ./mvnw -B clean package -DskipTests -Dmaven.repo.local=/data/tmp-build/cache/m2,9.902268,0,success,
2026-03-29T09:28:57.645141+00:00,FasterXML__jackson-databind,FasterXML__jackson-databind,refs/remotes/origin/3.x,30,67c9d4e78479705ccbe702025da97893baf2a221,Merge branch '3.1' into 3.x,maven,sh ./mvnw -B clean package -DskipTests -Dmaven.repo.local=/data/tmp-build/cache/m2,9.902194,0,success,
2026-03-29T09:29:07.494943+00:00,FasterXML__jackson-databind,FasterXML__jackson-databind,refs/remotes/origin/3.x,31,30f8703d87cbea42766592010ae9dd0550158d27,Minor `NumberUtil` refactoring (#5828),maven,sh ./mvnw -B clean package -DskipTests -Dmaven.repo.local=/data/tmp-build/cache/m2,9.738088,0,success,
2026-03-29T09:29:17.325945+00:00,FasterXML__jackson-databind,FasterXML__jackson-databind,refs/remotes/origin/3.x,32,c078ad3bc9108911df7de85761d87423710fafb6,Fix release notes,maven,sh ./mvnw -B clean package -DskipTests -Dmaven.repo.local=/data/tmp-build/cache/m2,9.724339,0,success,
2026-03-29T09:29:27.136047+00:00,FasterXML__jackson-databind,FasterXML__jackson-databind,refs/remotes/origin/3.x,33,71bc9c3e2159ec6058f0c9a000a927fbbfa992d9,Merge branch '3.1' into 3.x,maven,sh ./mvnw -B clean package -DskipTests -Dmaven.repo.local=/data/tmp-build/cache/m2,9.689015,0,success,
2026-03-29T09:29:36.965553+00:00,FasterXML__jackson-databind,FasterXML__jackson-databind,refs/remotes/origin/3.x,34,fb086d5aa249ea71047c1462ceb4c3f117797b9d,Fix #5819: `JsonNodeFeature.STRIP_TRAILING_BIGDECIMAL_ZEROES` not working with `ObjectMapper.valueToTree()` (#5824),maven,sh ./mvnw -B clean package -DskipTests -Dmaven.repo.local=/data/tmp-build/cache/m2,9.724652,0,success,
2026-03-29T09:29:46.791715+00:00,FasterXML__jackson-databind,FasterXML__jackson-databind,refs/remotes/origin/3.x,35,21cfb7cf31f95fcf1c40527fb78bf745875b09f1,Merge branch '3.1' into 3.x,maven,sh ./mvnw -B clean package -DskipTests -Dmaven.repo.local=/data/tmp-build/cache/m2,9.698084,0,success,
2026-03-29T09:29:56.750163+00:00,FasterXML__jackson-databind,FasterXML__jackson-databind,refs/remotes/origin/3.x,36,5585cbf9cadaa3f4178067f3b996bf8bca68e427,Update release notes wrt #5814,maven,sh ./mvnw -B clean package -DskipTests -Dmaven.repo.local=/data/tmp-build/cache/m2,9.852023,0,success,
2026-03-29T09:30:06.676746+00:00,FasterXML__jackson-databind,FasterXML__jackson-databind,refs/remotes/origin/3.x,37,29387e788cafd478afec3d4a985065d594f22f57,Fix #5814: `JsonFormat.Feature.ACCEPT_CASE_INSENSITIVE_VALUES` not working for Enums (#5815),maven,sh ./mvnw -B clean package -DskipTests -Dmaven.repo.local=/data/tmp-build/cache/m2,9.821407,0,success,
2026-03-29T09:30:16.543318+00:00,FasterXML__jackson-databind,FasterXML__jackson-databind,refs/remotes/origin/3.x,38,02f7f1bd84f2dc668e45c8e234570ee9c0c31eb8,merge credits too,maven,sh ./mvnw -B clean package -DskipTests -Dmaven.repo.local=/data/tmp-build/cache/m2,9.746326,0,success,
2026-03-29T09:30:26.454832+00:00,FasterXML__jackson-databind,FasterXML__jackson-databind,refs/remotes/origin/3.x,39,9f74d6ec06109593d8e61b1d66bad8c4310345f7,Merge branch '3.1' into 3.x,maven,sh ./mvnw -B clean package -DskipTests -Dmaven.repo.local=/data/tmp-build/cache/m2,9.80207,0,success,
2026-03-29T09:30:36.430543+00:00,FasterXML__jackson-databind,FasterXML__jackson-databind,refs/remotes/origin/3.x,40,d23ee776ddb9f4d629f2b7c5aa7a2879e081b603,Fix #5785: wrong path in InvalidFormatException for nested fields and BuilderBasedDeserializer (#5784),maven,sh ./mvnw -B clean package -DskipTests -Dmaven.repo.local=/data/tmp-build/cache/m2,9.851172,0,success,
2026-03-29T09:30:46.303125+00:00,FasterXML__jackson-databind,FasterXML__jackson-databind,refs/remotes/origin/3.x,41,ad114b6b40dd95980955d63d0edb799b4fc3abb2,"Add passing test for #917 (fixed already in 2.19.0, likely) (#5809)",maven,sh ./mvnw -B clean package -DskipTests -Dmaven.repo.local=/data/tmp-build/cache/m2,9.768401,0,success,
2026-03-29T09:30:56.200306+00:00,FasterXML__jackson-databind,FasterXML__jackson-databind,refs/remotes/origin/3.x,42,bbdd5ca35064f1d7dbb8cb9c948cb18911dbfa69,Fix #4758: @JsonManagedReference vs `Nulls.AS_EMPTY` (#5808),maven,sh ./mvnw -B clean package -DskipTests -Dmaven.repo.local=/data/tmp-build/cache/m2,9.793546,0,success,
2026-03-29T09:31:06.091510+00:00,FasterXML__jackson-databind,FasterXML__jackson-databind,refs/remotes/origin/3.x,43,c4b4b7e49dc8c593ecb392b53ff8eaea78343393,Add method in `AnnotationIntrospector.XmlExtensions` needed by `jackson-dataformat-xml` (#5807),maven,sh ./mvnw -B clean package -DskipTests -Dmaven.repo.local=/data/tmp-build/cache/m2,9.778737,0,success,
2026-03-29T09:31:15.908757+00:00,FasterXML__jackson-databind,FasterXML__jackson-databind,refs/remotes/origin/3.x,44,85d6f967c639e26850ebe41dbe78b2f335f3abdd,...,maven,sh ./mvnw -B clean package -DskipTests -Dmaven.repo.local=/data/tmp-build/cache/m2,9.706304,0,success,
2026-03-29T09:31:25.791888+00:00,FasterXML__jackson-databind,FasterXML__jackson-databind,refs/remotes/origin/3.x,45,b2db6e800f1bd95dcf3acdb511b0e730fa4b48d2,Merge branch '3.1' into 3.x,maven,sh ./mvnw -B clean package -DskipTests -Dmaven.repo.local=/data/tmp-build/cache/m2,9.768578,0,success,
2026-03-29T09:31:35.740364+00:00,FasterXML__jackson-databind,FasterXML__jackson-databind,refs/remotes/origin/3.x,46,1f7c723ef8ac6647b5e81ca450c9b70f1471ae46,Merge branch '3.1' into 3.x,maven,sh ./mvnw -B clean package -DskipTests -Dmaven.repo.local=/data/tmp-build/cache/m2,9.826739,0,success,
2026-03-29T09:31:45.548526+00:00,FasterXML__jackson-databind,FasterXML__jackson-databind,refs/remotes/origin/3.x,47,146409aab3f4e38af0179e91d99021ea4366bf66,...,maven,sh ./mvnw -B clean package -DskipTests -Dmaven.repo.local=/data/tmp-build/cache/m2,9.70164,0,success,
2026-03-29T09:31:55.324396+00:00,FasterXML__jackson-databind,FasterXML__jackson-databind,refs/remotes/origin/3.x,48,177ad6bbc652c0dfe1a8bb8ea5cf1f885a48f0d4,Merge branch '3.1' into 3.x,maven,sh ./mvnw -B clean package -DskipTests -Dmaven.repo.local=/data/tmp-build/cache/m2,9.667724,0,success,
2026-03-29T09:32:05.189116+00:00,FasterXML__jackson-databind,FasterXML__jackson-databind,refs/remotes/origin/3.x,49,bc4c186f715d9d4591adcce012e8d7e0c4e4b584,Implement #3083: allow use of `@JsonIncludeProperties` for ordering (#5787),maven,sh ./mvnw -B clean package -DskipTests -Dmaven.repo.local=/data/tmp-build/cache/m2,9.742199,0,success,
2026-03-29T09:32:15.056378+00:00,FasterXML__jackson-databind,FasterXML__jackson-databind,refs/remotes/origin/3.x,50,f5870d28aa3c42d9857efa8564283060ca5e80bd,Further fix 5728: @JsonUnwrapped with delegating deserializer chains (#5744),maven,sh ./mvnw -B clean package -DskipTests -Dmaven.repo.local=/data/tmp-build/cache/m2,9.759308,0,success,
2026-03-29T09:32:31.476798+00:00,JodaOrg__joda-time,JodaOrg__joda-time,refs/remotes/origin/main,1,c377753444ba79cccc0c6c4806ba6fd0a800e629,Release v2.14.1,maven,mvn -B clean package -DskipTests -Dmaven.repo.local=/data/tmp-build/cache/m2,15.571648,0,success,
2026-03-29T09:32:37.485512+00:00,JodaOrg__joda-time,JodaOrg__joda-time,refs/remotes/origin/main,2,3fd08d499067667fb51d210870e2c6bf19651bd3,Update time zone data to 2026agtz (#829),maven,mvn -B clean package -DskipTests -Dmaven.repo.local=/data/tmp-build/cache/m2,5.944993,0,success,
2026-03-29T09:32:43.592418+00:00,JodaOrg__joda-time,JodaOrg__joda-time,refs/remotes/origin/main,3,c4bf8778152f20aba5a320316e11d05776fae7f5,Fix name key (#827),maven,mvn -B clean package -DskipTests -Dmaven.repo.local=/data/tmp-build/cache/m2,6.073103,0,success,
2026-03-29T09:32:49.703178+00:00,JodaOrg__joda-time,JodaOrg__joda-time,refs/remotes/origin/main,4,8b11cfacc4e8cef281385e7f051132f32583748f,Update time zone data to 2025cgtz (#826),maven,mvn -B clean package -DskipTests -Dmaven.repo.local=/data/tmp-build/cache/m2,6.07541,0,success,
2026-03-29T09:32:55.770665+00:00,JodaOrg__joda-time,JodaOrg__joda-time,refs/remotes/origin/main,5,7088d772689b751d3e182833970290d05311bf35,Update deployment from OSSRH (#820),maven,mvn -B clean package -DskipTests -Dmaven.repo.local=/data/tmp-build/cache/m2,6.019836,0,success,
2026-03-29T09:33:02.575903+00:00,JodaOrg__joda-time,JodaOrg__joda-time,refs/remotes/origin/main,6,34181198cb234fc5b3b3c17ef7ab820b36c3dc84,Auto-merge tzdb updates (#819),maven,mvn -B clean package -DskipTests -Dmaven.repo.local=/data/tmp-build/cache/m2,6.766668,0,success,
2026-03-29T09:33:08.572195+00:00,JodaOrg__joda-time,JodaOrg__joda-time,refs/remotes/origin/main,7,6c95155c42bfaa49565d371ff3d686b00934d0c3,Fix website commit message,maven,mvn -B clean package -DskipTests -Dmaven.repo.local=/data/tmp-build/cache/m2,5.965101,0,success,
2026-03-29T09:33:14.659047+00:00,JodaOrg__joda-time,JodaOrg__joda-time,refs/remotes/origin/main,8,c1d7f97f72d2c0f8537b6315fe0698a02d55a73c,Fix typo in README (#818),maven,mvn -B clean package -DskipTests -Dmaven.repo.local=/data/tmp-build/cache/m2,6.051216,0,success,
2026-03-29T09:33:20.636692+00:00,JodaOrg__joda-time,JodaOrg__joda-time,refs/remotes/origin/main,9,20e94ae0b56d02abdbaa374912da6d01f5e1dc6f,Fix build (#811),maven,mvn -B clean package -DskipTests -Dmaven.repo.local=/data/tmp-build/cache/m2,5.945209,0,success,
2026-03-29T09:33:26.666652+00:00,JodaOrg__joda-time,JodaOrg__joda-time,refs/remotes/origin/main,10,a963c214d7ff244e530e1632be370a069694824b,Release v2.14.0,maven,mvn -B clean package -DskipTests -Dmaven.repo.local=/data/tmp-build/cache/m2,5.993542,0,success,
2026-03-29T09:33:32.780466+00:00,JodaOrg__joda-time,JodaOrg__joda-time,refs/remotes/origin/main,11,74d44e2390983785bc17ca8ad9f7c08b84da799b,Setup release from GitHub (#810),maven,mvn -B clean package -DskipTests -Dmaven.repo.local=/data/tmp-build/cache/m2,6.079614,0,success,
2026-03-29T09:33:40.106391+00:00,JodaOrg__joda-time,JodaOrg__joda-time,refs/remotes/origin/main,12,9a5d753634bc2956ed6dbc62add6dd2d27e41b93,Fix to run locally (#809),maven,mvn -B clean package -DskipTests -Dmaven.repo.local=/data/tmp-build/cache/m2,7.292448,0,success,
2026-03-29T09:33:46.248082+00:00,JodaOrg__joda-time,JodaOrg__joda-time,refs/remotes/origin/main,13,e2387d748ffc5cc7bf314c1379d9d5cc1c51c85f,Update build scripts (#808),maven,mvn -B clean package -DskipTests -Dmaven.repo.local=/data/tmp-build/cache/m2,6.108191,0,success,
2026-03-29T09:33:52.149467+00:00,JodaOrg__joda-time,JodaOrg__joda-time,refs/remotes/origin/main,14,f8ee513f7e5d10532259f2982fa8b83b7824f3db,Update time zone data to 2025bgtz (#807),maven,mvn -B clean package -DskipTests -Dmaven.repo.local=/data/tmp-build/cache/m2,5.861936,0,success,
2026-03-29T09:33:58.144843+00:00,JodaOrg__joda-time,JodaOrg__joda-time,refs/remotes/origin/main,15,13a8f0ce0bf7a8095bbae7076e5d4f1543dd6fb1,Update TZDB build script,maven,mvn -B clean package -DskipTests -Dmaven.repo.local=/data/tmp-build/cache/m2,5.960615,0,success,
2026-03-29T09:34:04.299473+00:00,JodaOrg__joda-time,JodaOrg__joda-time,refs/remotes/origin/main,16,15c3df573457a34e36d4b918e114d9c2d7e45396,Update timezone list and docs,maven,mvn -B clean package -DskipTests -Dmaven.repo.local=/data/tmp-build/cache/m2,6.116634,0,success,
2026-03-29T09:34:10.250396+00:00,JodaOrg__joda-time,JodaOrg__joda-time,refs/remotes/origin/main,17,935d44edf8ce824005e2e8423536ad23d0dd6016,Release v2.13.1,maven,mvn -B clean package -DskipTests -Dmaven.repo.local=/data/tmp-build/cache/m2,5.91809,0,success,
2026-03-29T09:34:16.248553+00:00,JodaOrg__joda-time,JodaOrg__joda-time,refs/remotes/origin/main,18,f42d2d039f94021c35c699393f6701d760b8d800,Update time zone data to 2025agtz (#805),maven,mvn -B clean package -DskipTests -Dmaven.repo.local=/data/tmp-build/cache/m2,5.961821,0,success,
2026-03-29T09:34:22.344753+00:00,JodaOrg__joda-time,JodaOrg__joda-time,refs/remotes/origin/main,19,3fcd96c262113a4d0cc0806c78669198f01d46f9,Update CI fuzz version,maven,mvn -B clean package -DskipTests -Dmaven.repo.local=/data/tmp-build/cache/m2,6.057834,0,success,
2026-03-29T09:34:28.488547+00:00,JodaOrg__joda-time,JodaOrg__joda-time,refs/remotes/origin/main,20,8430877b2da61124a4a2527a5c45f0cb43405470,Add workflow dispatch,maven,mvn -B clean package -DskipTests -Dmaven.repo.local=/data/tmp-build/cache/m2,6.103704,0,success,
2026-03-29T09:34:34.487982+00:00,JodaOrg__joda-time,JodaOrg__joda-time,refs/remotes/origin/main,21,2ce9b4cdc207130a186dafbb8456cd0b0cfd9e4c,Update changes.xml,maven,mvn -B clean package -DskipTests -Dmaven.repo.local=/data/tmp-build/cache/m2,5.967522,0,success,
2026-03-29T09:34:40.622521+00:00,JodaOrg__joda-time,JodaOrg__joda-time,refs/remotes/origin/main,22,0e45c95b0d8bab6a25d85503022a044552cb9628,Release v2.13.0,maven,mvn -B clean package -DskipTests -Dmaven.repo.local=/data/tmp-build/cache/m2,6.099494,0,success,
2026-03-29T09:34:46.560285+00:00,JodaOrg__joda-time,JodaOrg__joda-time,refs/remotes/origin/main,23,4d2a899867c38292230a61117cb439737052e271,Update time zone data to 2024bgtz (#790),maven,mvn -B clean package -DskipTests -Dmaven.repo.local=/data/tmp-build/cache/m2,5.904299,0,success,
2026-03-29T09:34:52.508970+00:00,JodaOrg__joda-time,JodaOrg__joda-time,refs/remotes/origin/main,24,f38a08e61d0dbda3c6f6bd1141c1cd10a9e3f0f2,Update tzdb handling (#789),maven,mvn -B clean package -DskipTests -Dmaven.repo.local=/data/tmp-build/cache/m2,5.904219,0,success,
2026-03-29T09:34:58.359630+00:00,JodaOrg__joda-time,JodaOrg__joda-time,refs/remotes/origin/main,25,54b3d1c6e306c46ed3f6eca80a7c00e0736dde11,Fix TZDB compiler %z parsing (#787),maven,mvn -B clean package -DskipTests -Dmaven.repo.local=/data/tmp-build/cache/m2,5.815489,0,success,
2026-03-29T09:35:04.271426+00:00,JodaOrg__joda-time,JodaOrg__joda-time,refs/remotes/origin/main,26,0a264f1cce38d179ee32941d05617fff64f9cb15,Update GitHub actions to latest versions (#788),maven,mvn -B clean package -DskipTests -Dmaven.repo.local=/data/tmp-build/cache/m2,5.874402,0,success,
2026-03-29T09:35:10.116210+00:00,JodaOrg__joda-time,JodaOrg__joda-time,refs/remotes/origin/main,27,2e9d2557a54c88fb4f8ccbc9c5884604c077e4b5,Enhance TZDB compiler to better match spec (#786),maven,mvn -B clean package -DskipTests -Dmaven.repo.local=/data/tmp-build/cache/m2,5.81007,0,success,
2026-03-29T09:35:16.046664+00:00,JodaOrg__joda-time,JodaOrg__joda-time,refs/remotes/origin/main,28,038646b0e1d7203b5890b12aac297e982de2c5ac,Include native-image files correctly (#784),maven,mvn -B clean package -DskipTests -Dmaven.repo.local=/data/tmp-build/cache/m2,5.895352,0,success,
2026-03-29T09:35:21.968492+00:00,JodaOrg__joda-time,JodaOrg__joda-time,refs/remotes/origin/main,29,4a1402a47cab4636bf4c73d42a62bfa80c1535ca,Add website page about secutity/CVEs (#781),maven,mvn -B clean package -DskipTests -Dmaven.repo.local=/data/tmp-build/cache/m2,5.888307,0,success,
2026-03-29T09:35:27.975909+00:00,JodaOrg__joda-time,JodaOrg__joda-time,refs/remotes/origin/main,30,34197d2bebbafd43201f39ac51b5773428573bb6,Make `ConverterManager.getInstance()` init thread-safe. (#776),maven,mvn -B clean package -DskipTests -Dmaven.repo.local=/data/tmp-build/cache/m2,5.973302,0,success,
2026-03-29T09:35:33.867077+00:00,JodaOrg__joda-time,JodaOrg__joda-time,refs/remotes/origin/main,31,290a451396637ed9ad52cce61e40382e8095d8fb,Release v2.12.7,maven,mvn -B clean package -DskipTests -Dmaven.repo.local=/data/tmp-build/cache/m2,5.856581,0,success,
2026-03-29T09:35:39.772860+00:00,JodaOrg__joda-time,JodaOrg__joda-time,refs/remotes/origin/main,32,4ea47fbe88538dcd07dd04885c3a43e33e9b0114,Update time zone data to 2024agtz (#768),maven,mvn -B clean package -DskipTests -Dmaven.repo.local=/data/tmp-build/cache/m2,5.873631,0,success,
2026-03-29T09:35:45.791165+00:00,JodaOrg__joda-time,JodaOrg__joda-time,refs/remotes/origin/main,33,d95b7d6ae4d09be7ca565909eb36a2b5272da6ef,Release v2.12.6,maven,mvn -B clean package -DskipTests -Dmaven.repo.local=/data/tmp-build/cache/m2,5.973596,0,success,
2026-03-29T09:35:51.653813+00:00,JodaOrg__joda-time,JodaOrg__joda-time,refs/remotes/origin/main,34,20384c347a2d0f89aa07424158126ffdcee461d3,Update after PR,maven,mvn -B clean package -DskipTests -Dmaven.repo.local=/data/tmp-build/cache/m2,5.826902,0,success,
2026-03-29T09:35:57.681982+00:00,JodaOrg__joda-time,JodaOrg__joda-time,refs/remotes/origin/main,35,a804c5e4316b7f883d8aa0c689b431ea8cfb5d32,improve exception message in DateTimeFormatter (#731),maven,mvn -B clean package -DskipTests -Dmaven.repo.local=/data/tmp-build/cache/m2,5.991795,0,success,
2026-03-29T09:36:03.684281+00:00,JodaOrg__joda-time,JodaOrg__joda-time,refs/remotes/origin/main,36,8186a3176e27922310ac2a5064c0dda4673306bd,Update dependencies,maven,mvn -B clean package -DskipTests -Dmaven.repo.local=/data/tmp-build/cache/m2,5.966096,0,success,
2026-03-29T09:36:11.320322+00:00,JodaOrg__joda-time,JodaOrg__joda-time,refs/remotes/origin/main,37,74ce3e9920a97f7c88ba1cf79d314d3d5ed1d141,Update dependencies,maven,mvn -B clean package -DskipTests -Dmaven.repo.local=/data/tmp-build/cache/m2,7.599387,0,success,
2026-03-29T09:36:23.404409+00:00,JodaOrg__joda-time,JodaOrg__joda-time,refs/remotes/origin/main,38,7c8f13f6ed834530124453390cab38c5ccc9b21b,Update time zone data to 2023dgtz (#755),maven,mvn -B clean package -DskipTests -Dmaven.repo.local=/data/tmp-build/cache/m2,12.048528,0,success,
2026-03-29T09:36:29.319685+00:00,JodaOrg__joda-time,JodaOrg__joda-time,refs/remotes/origin/main,39,1b5c2a0899c9fcf705d0892946deab00c4619a97,Update FUNDING.yml,maven,mvn -B clean package -DskipTests -Dmaven.repo.local=/data/tmp-build/cache/m2,5.875588,0,success,
2026-03-29T09:36:35.248599+00:00,JodaOrg__joda-time,JodaOrg__joda-time,refs/remotes/origin/main,40,b92d88eea7df04f066d141c6e3d834f2894e52ef,Bump maven-resources-plugin from 3.3.0 to 3.3.1 (#708),maven,mvn -B clean package -DskipTests -Dmaven.repo.local=/data/tmp-build/cache/m2,5.891864,0,success,
2026-03-29T09:36:41.676404+00:00,JodaOrg__joda-time,JodaOrg__joda-time,refs/remotes/origin/main,41,56b104ea4fee0cb57f95cfcc647b76bcc4a1ecb2,Bump maven-install-plugin from 3.1.0 to 3.1.1 (#707),maven,mvn -B clean package -DskipTests -Dmaven.repo.local=/data/tmp-build/cache/m2,6.393352,0,success,
2026-03-29T09:36:47.665132+00:00,JodaOrg__joda-time,JodaOrg__joda-time,refs/remotes/origin/main,42,0e251d278604252a9986f2338c1cee56a9e052a2,Match more time-zone IDs (#733),maven,mvn -B clean package -DskipTests -Dmaven.repo.local=/data/tmp-build/cache/m2,5.950545,0,success,
2026-03-29T09:36:53.692762+00:00,JodaOrg__joda-time,JodaOrg__joda-time,refs/remotes/origin/main,43,806da07a2502235d32672a47a6f5ebb434b40a0a,Release v2.12.5,maven,mvn -B clean package -DskipTests -Dmaven.repo.local=/data/tmp-build/cache/m2,5.994049,0,success,
2026-03-29T09:36:59.708946+00:00,JodaOrg__joda-time,JodaOrg__joda-time,refs/remotes/origin/main,44,0762b3a66c181ee3c84378fd9877ef021172de70,Update time zone data to 2023cgtz (#711),maven,mvn -B clean package -DskipTests -Dmaven.repo.local=/data/tmp-build/cache/m2,5.981221,0,success,
2026-03-29T09:37:05.741270+00:00,JodaOrg__joda-time,JodaOrg__joda-time,refs/remotes/origin/main,45,fbba2fb588c30e882fe99ace03355bc387bb8827,Release v2.12.4,maven,mvn -B clean package -DskipTests -Dmaven.repo.local=/data/tmp-build/cache/m2,5.994622,0,success,
2026-03-29T09:37:11.706514+00:00,JodaOrg__joda-time,JodaOrg__joda-time,refs/remotes/origin/main,46,f97e84bfa6b9b857220abcf83d5546f055b04822,Update time zone data to 2023bgtz (#706),maven,mvn -B clean package -DskipTests -Dmaven.repo.local=/data/tmp-build/cache/m2,5.93268,0,success,
2026-03-29T09:37:17.669426+00:00,JodaOrg__joda-time,JodaOrg__joda-time,refs/remotes/origin/main,47,1e69573f3fe05845663f2869de93cf5e527eeeb5,Release v2.12.3,maven,mvn -B clean package -DskipTests -Dmaven.repo.local=/data/tmp-build/cache/m2,5.929013,0,success,
2026-03-29T09:37:23.617412+00:00,JodaOrg__joda-time,JodaOrg__joda-time,refs/remotes/origin/main,48,32d9083ae56799676a5d3d0190a91ef93b51da83,Update time zone data to 2023agtz (#704),maven,mvn -B clean package -DskipTests -Dmaven.repo.local=/data/tmp-build/cache/m2,5.907949,0,success,
2026-03-29T09:37:29.500660+00:00,JodaOrg__joda-time,JodaOrg__joda-time,refs/remotes/origin/main,49,7858bb0035c05335bb2cab208f3367e5ccd7105e,Fix tests to work with JDK 17 (#699),maven,mvn -B clean package -DskipTests -Dmaven.repo.local=/data/tmp-build/cache/m2,5.837498,0,success,
2026-03-29T09:37:35.448771+00:00,JodaOrg__joda-time,JodaOrg__joda-time,refs/remotes/origin/main,50,b022729dfc98b7cc167077436e05c300bbd6e58e,Fix warnings in GitHub Actions and pom.xml (#698),maven,mvn -B clean package -DskipTests -Dmaven.repo.local=/data/tmp-build/cache/m2,5.904188,0,success,
2026-03-29T09:39:26.659634+00:00,alibaba__fastjson2,alibaba__fastjson2,refs/remotes/origin/main,1,5a050751f15bacca225d479883764f3a707640bb,fix: JSONPath syntax error when 'in'/'rlike' filter follows other filters (#3997) (#4030),maven,sh ./mvnw -B clean package -DskipTests -Dmaven.repo.local=/data/tmp-build/cache/m2,109.345602,0,success,
2026-03-29T09:40:21.290071+00:00,alibaba__fastjson2,alibaba__fastjson2,refs/remotes/origin/main,2,14ea6ea41fe828b65489b3fa176bc09f28968db7,fix: Map subclass loses @type when serialized with ValueFilter (#3984) (#4029),maven,sh ./mvnw -B clean package -DskipTests -Dmaven.repo.local=/data/tmp-build/cache/m2,54.358274,0,success,
2026-03-29T09:41:15.136371+00:00,alibaba__fastjson2,alibaba__fastjson2,refs/remotes/origin/main,3,ede10a52aaac350476984a911b48481fd064cb3a,Docs/comprehensive documentation overhaul (#4028),maven,sh ./mvnw -B clean package -DskipTests -Dmaven.repo.local=/data/tmp-build/cache/m2,53.587607,0,success,
2026-03-29T09:42:09.055523+00:00,alibaba__fastjson2,alibaba__fastjson2,refs/remotes/origin/main,4,7bceed23f1c6df607dd02c887fa1841d22aa0a89,fix: skip whitespace after non-comma in readLocalDate for UTF8 reader (#4005),maven,sh ./mvnw -B clean package -DskipTests -Dmaven.repo.local=/data/tmp-build/cache/m2,53.655769,0,success,
2026-03-29T09:43:02.948022+00:00,alibaba__fastjson2,alibaba__fastjson2,refs/remotes/origin/main,5,05e822003e14a194bd40dc180c5c2c636336252f,"fix: DateUtils multiple bugs — bitwise OR typo, bounds check off-by-one, wrong offset and error message length",maven,sh ./mvnw -B clean package -DskipTests -Dmaven.repo.local=/data/tmp-build/cache/m2,53.635865,0,success,
2026-03-29T09:43:56.486173+00:00,alibaba__fastjson2,alibaba__fastjson2,refs/remotes/origin/main,6,b3eb46c2d124385e39e6166d1374cdbe220a4205,Refactor/improve object reader creator asm (#4021),maven,sh ./mvnw -B clean package -DskipTests -Dmaven.repo.local=/data/tmp-build/cache/m2,53.292113,0,success,
2026-03-29T09:44:50.703200+00:00,alibaba__fastjson2,alibaba__fastjson2,refs/remotes/origin/main,7,bbb1d0250aed2a0aba4c3dbbebdf9bfb2c2fed9b,fix: IOUtils.regionMatches off-by-one and parseInt error message corruption (#4022),maven,sh ./mvnw -B clean package -DskipTests -Dmaven.repo.local=/data/tmp-build/cache/m2,53.946775,0,success,
2026-03-29T09:45:45.192673+00:00,alibaba__fastjson2,alibaba__fastjson2,refs/remotes/origin/main,8,f15dc36ce50828ba4bc2222ea5422a4d24ae22b2,"fix: writeFloat(float[]) ArrayIndexOutOfBoundsException when WriteNonStringValueAsString enabled, for issue #1591",maven,sh ./mvnw -B clean package -DskipTests -Dmaven.repo.local=/data/tmp-build/cache/m2,54.22993,0,success,
2026-03-29T09:46:38.852285+00:00,alibaba__fastjson2,alibaba__fastjson2,refs/remotes/origin/main,9,f95194786605279eeb0e248892a619936a4ed5f8,"fix: JSONPath nested array filter returning incorrect results, for issue #4007 (#4015)",maven,sh ./mvnw -B clean package -DskipTests -Dmaven.repo.local=/data/tmp-build/cache/m2,53.40074,0,success,
2026-03-29T09:47:32.777180+00:00,alibaba__fastjson2,alibaba__fastjson2,refs/remotes/origin/main,10,066709cb1a334c481d85bffa5dd87f8d96790b06,"refactor: reorganize core test structure — fix typo, classify files, add JUnit 5 Tags",maven,sh ./mvnw -B clean package -DskipTests -Dmaven.repo.local=/data/tmp-build/cache/m2,53.632049,0,success,
2026-03-29T09:48:26.368778+00:00,alibaba__fastjson2,alibaba__fastjson2,refs/remotes/origin/main,11,00788b4425e0cb7df95d36a642a780e81cd33d9c,fix: bugs in ObjectReaderProvider and null-safe JDKUtils init (#4018),maven,sh ./mvnw -B clean package -DskipTests -Dmaven.repo.local=/data/tmp-build/cache/m2,53.24261,0,success,
2026-03-29T09:49:20.262577+00:00,alibaba__fastjson2,alibaba__fastjson2,refs/remotes/origin/main,12,17e6cd9a7e5cc2c37c56d1f491133d7d5b3bd348,Rename QWEN.md to AGENTS.md and simplify content,maven,sh ./mvnw -B clean package -DskipTests -Dmaven.repo.local=/data/tmp-build/cache/m2,53.579592,0,success,
2026-03-29T09:50:13.663614+00:00,alibaba__fastjson2,alibaba__fastjson2,refs/remotes/origin/main,13,ae09476b2e70d3be04074bfa8613750f1709d324,Fix 6 bytecode generation bugs in ObjectWriterCreatorASM and ObjectReaderCreatorASM (#4016),maven,sh ./mvnw -B clean package -DskipTests -Dmaven.repo.local=/data/tmp-build/cache/m2,53.141503,0,success,
2026-03-29T09:51:07.311808+00:00,alibaba__fastjson2,alibaba__fastjson2,refs/remotes/origin/main,14,001947106c8e87c5992b445745715972ac92880d,fix: recent errors in CI,maven,sh ./mvnw -B clean package -DskipTests -Dmaven.repo.local=/data/tmp-build/cache/m2,53.386123,0,success,
2026-03-29T09:52:01.279257+00:00,alibaba__fastjson2,alibaba__fastjson2,refs/remotes/origin/main,15,bdfe92f76947de2f6e4af30925f2b490e46f8867,"fix: prevent ArrayIndexOutOfBoundsException in readString for long strings, for issue #3989",maven,sh ./mvnw -B clean package -DskipTests -Dmaven.repo.local=/data/tmp-build/cache/m2,53.692788,0,success,
2026-03-29T09:52:54.913877+00:00,alibaba__fastjson2,alibaba__fastjson2,refs/remotes/origin/main,16,9c40810f1c80c5a7c63b7d62e770a91ee19d80dc,fix record setter,maven,sh ./mvnw -B clean package -DskipTests -Dmaven.repo.local=/data/tmp-build/cache/m2,53.374381,0,success,
2026-03-29T09:53:48.073931+00:00,alibaba__fastjson2,alibaba__fastjson2,refs/remotes/origin/main,17,b4e23b7d4522cf86a6605e80eacd80ea466234bf,fix: no longer treats fluent methods as setters,maven,sh ./mvnw -B clean package -DskipTests -Dmaven.repo.local=/data/tmp-build/cache/m2,52.895189,0,success,
2026-03-29T09:54:41.112464+00:00,alibaba__fastjson2,alibaba__fastjson2,refs/remotes/origin/main,18,fe2223f64000338cd53235b2c63998c3b3b46426,Add Spring MVC 7.0+ integration documentation (#3982),maven,sh ./mvnw -B clean package -DskipTests -Dmaven.repo.local=/data/tmp-build/cache/m2,52.778149,0,success,
2026-03-29T09:55:34.487535+00:00,alibaba__fastjson2,alibaba__fastjson2,refs/remotes/origin/main,19,43ae3a1e09530b41d65a2d92fedafc76b68a6bae,Fix build failure from version mismatch and upgrade vulnerable dependencies (#3988),maven,sh ./mvnw -B clean package -DskipTests -Dmaven.repo.local=/data/tmp-build/cache/m2,53.119133,0,success,
2026-03-29T09:56:31.468410+00:00,alibaba__fastjson2,alibaba__fastjson2,refs/remotes/origin/main,20,8970d41114260c139398407904343f90c06fb93d,2.0.62-init,maven,sh ./mvnw -B clean package -DskipTests -Dmaven.repo.local=/data/tmp-build/cache/m2,56.715965,1,build_failed,"[WARNING] arrow-format-17.0.0.jar, arrow-memory-core-17.0.0.jar, arrow-vector-17.0.0.jar, failureaccess-1.0.3.jar, fory-core-0.14.0.jar, guava-33.4.8-jre.jar, jackson-annotations-2.20.jar, jackson-core-2.20.0.jar, jackson-databind-2.20.0.jar, jackson-dataformat-yaml-2.20.0.jar, jackson-datatype-jsr310-2.20.0.jar, objenesis-3.4.jar define 1 overlapping resource: | [WARNING] commons-codec-1.17.0.jar, commons-io-2.20.0.jar, commons-lang3-3.17.0.jar, commons-logging-1.3.2.jar, commons-validator-1.9.0.jar, error_prone_annotations-2.41.0.jar, failureaccess-1.0.3.jar, fastjson2-2.0.62-SNAPSHOT.jar, fastjson2-extension-2.0.62-SNAPSHOT.jar, gson-2.13.2.jar, guava-33.4.8-jre.jar, j2objc-annotations-3.0.0.jar, jackson-core-2.20.0.jar, jackson-databind-2.20.0.jar, jackson-dataformat-yaml-2.20.0.jar, jackson-datatype-jsr310-2.20.0.jar, json-20250517.jar, json-schema-validator-1.0.88.jar, jspecify-1.0.0.jar, slf4j-api-2.0.11.jar, snakeyaml-2.4.jar define 1 overlapping classes: | [WARNING] accessors-smart-2.5.2.jar, arrow-format-17.0.0.jar, arrow-memory-core-17.0.0.jar, arrow-vector-17.0.0.jar, asm-9.8.jar, commons-codec-1.17.0.jar, commons-collections-3.2.2.jar, commons-digester-2.1.jar, commons-io-2.20.0.jar, commons-lang3-3.17.0.jar, commons-logging-1.3.2.jar, commons-math3-3.6.1.jar, commons-validator-1.9.0.jar, dsl-json-2.0.2.jar, error_prone_annotations-2.41.0.jar, everit-json-schema-1.14.6.jar, failureaccess-1.0.3.jar, fastjson-1.2.83.jar, fastjson2-2.0.62-SNAPSHOT.jar, fastjson2-benchmark-2.0.62-SNAPSHOT.jar, fastjson2-extension-2.0.62-SNAPSHOT.jar, flatbuffers-java-24.3.25.jar, fory-core-0.14.0.jar, gson-2.13.2.jar, guava-33.4.8-jre.jar, handy-uri-templates-2.1.8.jar, hessian-4.0.66.jar, itu-1.7.0.jar, j2objc-annotations-3.0.0.jar, jackson-annotations-2.20.jar, jackson-core-2.20.0.jar, jackson-databind-2.20.0.jar, jackson-dataformat-msgpack-0.9.10.jar, jackson-dataformat-yaml-2.20.0.jar, jackson-datatype-jsr310-2.20.0.jar, javacsv-2.0.jar, javax.annotation-api-1.3.2.jar, jmh-core-1.37.jar, joda-time-2.14.0.jar, jopt-simple-5.0.4.jar, json-20250517.jar, json-path-2.9.0.jar, json-schema-validator-1.0.88.jar, json-smart-2.5.2.jar, jspecify-1.0.0.jar, jsr305-3.0.2.jar, kryo-5.6.2.jar, listenablefuture-9999.0-empty-to-avoid-conflict-with-guava.jar, minlog-1.3.1.jar, msgpack-core-0.9.10.jar, objenesis-3.4.jar, protobuf-java-3.25.3.jar, re2j-1.8.jar, reflectasm-1.11.9.jar, slf4j-api-2.0.11.jar, snakeyaml-2.4.jar, univocity-parsers-2.9.1.jar, wast-0.0.28.jar define 1 overlapping resource: | [INFO] example-spring-test 2.0.61 ......................... FAILURE [ 15.384 s] | [INFO] BUILD FAILURE | [ERROR] Failed to execute goal org.apache.maven.plugins:maven-checkstyle-plugin:3.6.0:check (checkstyle) on project example-spring-test: Failed during checkstyle execution: Unable to find configuration file at location: src/checkstyle/fastjson2-checks.xml: Could not find resource 'src/checkstyle/fastjson2-checks.xml'. -> [Help 1] | [ERROR] | [ERROR] To see the full stack trace of the errors, re-run Maven with the -e switch. | [ERROR] Re-run Maven using the -X switch to enable full debug logging. | [ERROR] | [ERROR] For more information about the errors and possible solutions, please read the following articles: | [ERROR] [Help 1] http://cwiki.apache.org/confluence/display/MAVEN/MojoExecutionException | [ERROR] | [ERROR] After correcting the problems, you can resume the build with the command | [ERROR]   mvn <args> -rf :example-spring-test"
2026-03-29T09:57:28.813850+00:00,alibaba__fastjson2,alibaba__fastjson2,refs/remotes/origin/main,21,170f71f7e2df0d5b927a8743bd7b1d67f66bcf15,benchmark 2.0.61,maven,sh ./mvnw -B clean package -DskipTests -Dmaven.repo.local=/data/tmp-build/cache/m2,57.142855,0,success,
2026-03-29T09:58:21.428239+00:00,alibaba__fastjson2,alibaba__fastjson2,refs/remotes/origin/main,22,10f29e9a2c1536a1d2530c341d1ca65f0a6c1682,benchmark 2.0.61,maven,sh ./mvnw -B clean package -DskipTests -Dmaven.repo.local=/data/tmp-build/cache/m2,52.351394,0,success,
2026-03-29T09:59:13.854008+00:00,alibaba__fastjson2,alibaba__fastjson2,refs/remotes/origin/main,23,51462c945df94c80d917b22c8a08812f0bc56e11,Configure Codecov for PR coverage reporting (#3981),maven,sh ./mvnw -B clean package -DskipTests -Dmaven.repo.local=/data/tmp-build/cache/m2,52.166131,0,success,
2026-03-29T10:00:07.008264+00:00,alibaba__fastjson2,alibaba__fastjson2,refs/remotes/origin/main,24,babcdadbd44cd976ee3ea7df2433f98ccb10a099,"fix: prevent OOM from infinite loop on malformed object in array, for issue #3875 (#3980)",maven,sh ./mvnw -B clean package -DskipTests -Dmaven.repo.local=/data/tmp-build/cache/m2,52.896278,0,success,
2026-03-29T10:00:59.850673+00:00,alibaba__fastjson2,alibaba__fastjson2,refs/remotes/origin/main,25,d3c53489c56d9e59c092de2f9b6258d0d35ec54f,"fix add isBool(), for issue #3840",maven,sh ./mvnw -B clean package -DskipTests -Dmaven.repo.local=/data/tmp-build/cache/m2,52.574864,0,success,
2026-03-29T10:01:52.928106+00:00,alibaba__fastjson2,alibaba__fastjson2,refs/remotes/origin/main,26,0736eea835de318507ab23d2441e030b5e8344fb,"fix: prevent @type add as a regular entry during deserialization when use SupportAutoType, for issue #2809",maven,sh ./mvnw -B clean package -DskipTests -Dmaven.repo.local=/data/tmp-build/cache/m2,52.812354,0,success,
2026-03-29T10:02:45.441551+00:00,alibaba__fastjson2,alibaba__fastjson2,refs/remotes/origin/main,27,3e3886c883a175b3df2588c0ff8bc8bb6ef420ac,Improve skip performance (#3977),maven,sh ./mvnw -B clean package -DskipTests -Dmaven.repo.local=/data/tmp-build/cache/m2,52.244474,0,success,
2026-03-29T10:03:41.030931+00:00,alibaba__fastjson2,alibaba__fastjson2,refs/remotes/origin/main,28,03a3180039f5db5f2e75c45002661e0233925f26,Update CONTRIBUTING.md with CI verification requirements,maven,sh ./mvnw -B clean package -DskipTests -Dmaven.repo.local=/data/tmp-build/cache/m2,55.321788,0,success,
2026-03-29T10:04:36.154590+00:00,alibaba__fastjson2,alibaba__fastjson2,refs/remotes/origin/main,29,e6601904fe1bfa0ec27b2985cdb60cc8acd2f201,add architecture documentation,maven,sh ./mvnw -B clean package -DskipTests -Dmaven.repo.local=/data/tmp-build/cache/m2,54.841306,0,success,
2026-03-29T10:05:30.853647+00:00,alibaba__fastjson2,alibaba__fastjson2,refs/remotes/origin/main,30,2e31d68b18a6613dfe1e49914116cb610976e26c,refactor test directory structure,maven,sh ./mvnw -B clean package -DskipTests -Dmaven.repo.local=/data/tmp-build/cache/m2,54.438755,0,success,
2026-03-29T10:06:25.741641+00:00,alibaba__fastjson2,alibaba__fastjson2,refs/remotes/origin/main,31,5f068687ad96f892f6bed1ad7e2f3025096bcde8,fix: add type annotation,maven,sh ./mvnw -B clean package -DskipTests -Dmaven.repo.local=/data/tmp-build/cache/m2,54.55877,0,success,
2026-03-29T10:07:20.695451+00:00,alibaba__fastjson2,alibaba__fastjson2,refs/remotes/origin/main,32,f50b87ef4f8ab887477183acfef9e5480769367a,add BasicTypeTest & bug fix,maven,sh ./mvnw -B clean package -DskipTests -Dmaven.repo.local=/data/tmp-build/cache/m2,54.524075,0,success,
2026-03-29T10:08:14.826218+00:00,alibaba__fastjson2,alibaba__fastjson2,refs/remotes/origin/main,33,08b377f0848f5741d90ed57a7cb49d49a91a02bb,benchmark,maven,sh ./mvnw -B clean package -DskipTests -Dmaven.repo.local=/data/tmp-build/cache/m2,53.867732,0,success,
2026-03-29T10:09:10.210008+00:00,alibaba__fastjson2,alibaba__fastjson2,refs/remotes/origin/main,34,ab973810635ae9431d2039ba7573b09d4249133d,improved parseLocalDate,maven,sh ./mvnw -B clean package -DskipTests -Dmaven.repo.local=/data/tmp-build/cache/m2,55.115977,0,success,
2026-03-29T10:10:05.079047+00:00,alibaba__fastjson2,alibaba__fastjson2,refs/remotes/origin/main,35,fe91a530635655c58a8e8e2e00d05f64db5e7e2d,simplify space check,maven,sh ./mvnw -B clean package -DskipTests -Dmaven.repo.local=/data/tmp-build/cache/m2,54.598913,0,success,
2026-03-29T10:10:59.477430+00:00,alibaba__fastjson2,alibaba__fastjson2,refs/remotes/origin/main,36,7df293e44c27f6a1c4cfc0abfb8da752984bbfdd,introspect,maven,sh ./mvnw -B clean package -DskipTests -Dmaven.repo.local=/data/tmp-build/cache/m2,54.122371,0,success,
2026-03-29T10:11:54.975783+00:00,alibaba__fastjson2,alibaba__fastjson2,refs/remotes/origin/main,37,f59aca61c225c562804cabb2bdd81c9d2c0effe0,修复-Dfastjson2.creactor=reflect时行为不一致的问题 (#3965),maven,sh ./mvnw -B clean package -DskipTests -Dmaven.repo.local=/data/tmp-build/cache/m2,55.221835,0,success,
2026-03-29T10:12:49.210914+00:00,alibaba__fastjson2,alibaba__fastjson2,refs/remotes/origin/main,38,82c5632e0388f55c70bf4a40fc14dee6dea49d9e,"fix parsing error for scientific notation with type suffix, for issue #3955 (#3956)",maven,sh ./mvnw -B clean package -DskipTests -Dmaven.repo.local=/data/tmp-build/cache/m2,53.949565,0,success,
2026-03-29T10:13:43.337029+00:00,alibaba__fastjson2,alibaba__fastjson2,refs/remotes/origin/main,39,02fc789bce16a6c9431204b0970e1179b81c07cb,"fix: avoid StackOverflowError when serializing org.w3c.dom.Node, for issue #3960",maven,sh ./mvnw -B clean package -DskipTests -Dmaven.repo.local=/data/tmp-build/cache/m2,53.842347,0,success,
2026-03-29T10:14:37.977811+00:00,alibaba__fastjson2,alibaba__fastjson2,refs/remotes/origin/main,40,9cc17200359c1dfec7d4aba4b7a73667573ebb45,fix: fix serializewriter (#3951),maven,sh ./mvnw -B clean package -DskipTests -Dmaven.repo.local=/data/tmp-build/cache/m2,54.370474,0,success,
2026-03-29T10:15:32.162653+00:00,alibaba__fastjson2,alibaba__fastjson2,refs/remotes/origin/main,41,150702f2ae3f24b8619a3942beec08710a5691dc,support jdk25,maven,sh ./mvnw -B clean package -DskipTests -Dmaven.repo.local=/data/tmp-build/cache/m2,53.922101,0,success,
2026-03-29T10:16:31.621188+00:00,alibaba__fastjson2,alibaba__fastjson2,refs/remotes/origin/main,42,98a564026acb31a0d3061f6fef116fb6f6363d8f,"feat: add parse(InputStream) overload with default context, for issue #3946 (#3947)",maven,sh ./mvnw -B clean package -DskipTests -Dmaven.repo.local=/data/tmp-build/cache/m2,59.195297,0,success,
2026-03-29T10:17:31.862067+00:00,alibaba__fastjson2,alibaba__fastjson2,refs/remotes/origin/main,43,8c9c6da46c4ccf2c4636164fe9ee7b3a85ba588b,fix: add Java 8 TimeModule support (#3935),maven,sh ./mvnw -B clean package -DskipTests -Dmaven.repo.local=/data/tmp-build/cache/m2,59.969372,0,success,
2026-03-29T10:18:31.638789+00:00,alibaba__fastjson2,alibaba__fastjson2,refs/remotes/origin/main,44,89a98821335be782b010854fafc9e44ab2466bf5,bug fix for reflect (Issue2025),maven,sh ./mvnw -B clean package -DskipTests -Dmaven.repo.local=/data/tmp-build/cache/m2,59.521406,0,success,
2026-03-29T10:19:31.114545+00:00,alibaba__fastjson2,alibaba__fastjson2,refs/remotes/origin/main,45,6bbb2fd265ea1450263aebe56d7b27ad7a984f17,fix_issus_3926 (#3931),maven,sh ./mvnw -B clean package -DskipTests -Dmaven.repo.local=/data/tmp-build/cache/m2,59.210684,0,success,
2026-03-29T10:20:31.623701+00:00,alibaba__fastjson2,alibaba__fastjson2,refs/remotes/origin/main,46,b54816391e7dcea85aa6e0fc8d1f182216a7b186,fix issue3939 (#3940),maven,sh ./mvnw -B clean package -DskipTests -Dmaven.repo.local=/data/tmp-build/cache/m2,60.240591,0,success,
2026-03-29T10:21:31.231237+00:00,alibaba__fastjson2,alibaba__fastjson2,refs/remotes/origin/main,47,3075dc42bce2dcde866e2cb3bd7d7cd86372ced9,fix: incorrect overflow check when parsing BigInteger as Double,maven,sh ./mvnw -B clean package -DskipTests -Dmaven.repo.local=/data/tmp-build/cache/m2,59.34902,0,success,
2026-03-29T10:22:30.876690+00:00,alibaba__fastjson2,alibaba__fastjson2,refs/remotes/origin/main,48,9135cad0e8012ba8727110a9b87200c6f3e2de70,"fix: double quotes bug in TypeUtils.cast, for issue #3932",maven,sh ./mvnw -B clean package -DskipTests -Dmaven.repo.local=/data/tmp-build/cache/m2,59.387844,0,success,
2026-03-29T10:23:30.759417+00:00,alibaba__fastjson2,alibaba__fastjson2,refs/remotes/origin/main,49,ed4fb4d49114c54e800ccf95b916f5416df988a8,"fix: support 4-byte UTF-8 characters (Emoji) in object keys, for issue #3928 (#3929)",maven,sh ./mvnw -B clean package -DskipTests -Dmaven.repo.local=/data/tmp-build/cache/m2,59.625343,0,success,
2026-03-29T10:24:30.591304+00:00,alibaba__fastjson2,alibaba__fastjson2,refs/remotes/origin/main,50,716f374149c3fc9ee167b41fa423a2d8a88336fa,fix: handling JSON strings containing numeric keys without quotation marks. (#3919),maven,sh ./mvnw -B clean package -DskipTests -Dmaven.repo.local=/data/tmp-build/cache/m2,59.567406,0,success,
2026-03-29T10:24:56.596195+00:00,apache__commons-beanutils,apache__commons-beanutils,refs/remotes/origin/master,1,c51af37e58c08602822ef23e7adb05c5cdfc3e7b,Bump github/codeql-action from 4.34.0 to 4.34.1,maven,mvn -B clean package -DskipTests -Dmaven.repo.local=/data/tmp-build/cache/m2,24.964657,0,success,
2026-03-29T10:25:03.817300+00:00,apache__commons-beanutils,apache__commons-beanutils,refs/remotes/origin/master,2,cdabddb8787d8c7b46d5878472bf43ea79669de3,Move test fixture from main to test,maven,mvn -B clean package -DskipTests -Dmaven.repo.local=/data/tmp-build/cache/m2,7.177211,0,success,
2026-03-29T10:25:10.950066+00:00,apache__commons-beanutils,apache__commons-beanutils,refs/remotes/origin/master,3,be805048f6c3062c959a39fb18d370e99c902cb3,Bump github/codeql-action from 4.32.6 to 4.34.0,maven,mvn -B clean package -DskipTests -Dmaven.repo.local=/data/tmp-build/cache/m2,7.113613,0,success,
2026-03-29T10:25:18.131420+00:00,apache__commons-beanutils,apache__commons-beanutils,refs/remotes/origin/master,4,f9d687a9b564130dabf68166ef6f71c208fc6c09,Add a reference to safe deserlialization,maven,mvn -B clean package -DskipTests -Dmaven.repo.local=/data/tmp-build/cache/m2,7.162119,0,success,
2026-03-29T10:25:25.288932+00:00,apache__commons-beanutils,apache__commons-beanutils,refs/remotes/origin/master,5,ee9c9b36b79b75d7814fb7ba1fdee230553b1c21,Bump actions/upload-artifact from 6.0.0 to 7.0.0,maven,mvn -B clean package -DskipTests -Dmaven.repo.local=/data/tmp-build/cache/m2,7.139284,0,success,
2026-03-29T10:25:32.481104+00:00,apache__commons-beanutils,apache__commons-beanutils,refs/remotes/origin/master,6,860f63958fac0183aa82a71af1e0ea36fcc83b66,Bump commons-logging:commons-logging from 1.3.5 to 1.3.6.,maven,mvn -B clean package -DskipTests -Dmaven.repo.local=/data/tmp-build/cache/m2,7.174961,0,success,
2026-03-29T10:25:39.677009+00:00,apache__commons-beanutils,apache__commons-beanutils,refs/remotes/origin/master,7,9e7413912ff9ae8f3ff0824b2200ca53f4c336d6,Bump github/codeql-action from 4.32.5 to 4.32.6,maven,mvn -B clean package -DskipTests -Dmaven.repo.local=/data/tmp-build/cache/m2,7.175468,0,success,
2026-03-29T10:25:46.838157+00:00,apache__commons-beanutils,apache__commons-beanutils,refs/remotes/origin/master,8,e407a8053df3cae595751558036ea5ca3e02517f,Bump github/codeql-action from 4.32.4 to 4.32.5,maven,mvn -B clean package -DskipTests -Dmaven.repo.local=/data/tmp-build/cache/m2,7.140708,0,success,
2026-03-29T10:25:54.020557+00:00,apache__commons-beanutils,apache__commons-beanutils,refs/remotes/origin/master,9,bd75eb9ba56f4b59932387e89c98acf04d9fcb56,Bump org.apache.commons:commons-parent from 96 to 97.,maven,mvn -B clean package -DskipTests -Dmaven.repo.local=/data/tmp-build/cache/m2,7.163679,0,success,
2026-03-29T10:26:02.005309+00:00,apache__commons-beanutils,apache__commons-beanutils,refs/remotes/origin/master,10,090f651d656671bea0c7fbc8a08f5646faa08295,Bump github/codeql-action from 4.32.0 to 4.32.4,maven,mvn -B clean package -DskipTests -Dmaven.repo.local=/data/tmp-build/cache/m2,7.965096,0,success,
2026-03-29T10:26:09.211337+00:00,apache__commons-beanutils,apache__commons-beanutils,refs/remotes/origin/master,11,500ac1963f57dda38511e528fc1117624e4a23a1,Bump github/codeql-action from 4.32.2 to 4.32.3,maven,mvn -B clean package -DskipTests -Dmaven.repo.local=/data/tmp-build/cache/m2,7.188018,0,success,
2026-03-29T10:26:16.226550+00:00,apache__commons-beanutils,apache__commons-beanutils,refs/remotes/origin/master,12,b29f746f33dd65bfffdedb7a51095094bd13210a,Normalize Javadoc spelling,maven,mvn -B clean package -DskipTests -Dmaven.repo.local=/data/tmp-build/cache/m2,6.994783,0,success,
2026-03-29T10:26:23.296778+00:00,apache__commons-beanutils,apache__commons-beanutils,refs/remotes/origin/master,13,697183e6d34bc45b0943b178d6f5b519b56bd2d0,Bump actions/cache from 5.0.2 to 5.0.3,maven,mvn -B clean package -DskipTests -Dmaven.repo.local=/data/tmp-build/cache/m2,7.051155,0,success,
2026-03-29T10:26:30.480409+00:00,apache__commons-beanutils,apache__commons-beanutils,refs/remotes/origin/master,14,e95d6b932d1b082e625099ec112b0518d7efa837,Use 	max-parallel: 20 as asked by Apache Infra,maven,mvn -B clean package -DskipTests -Dmaven.repo.local=/data/tmp-build/cache/m2,7.162919,0,success,
2026-03-29T10:26:37.647634+00:00,apache__commons-beanutils,apache__commons-beanutils,refs/remotes/origin/master,15,1cd2edcf1c2824293cbebc0b20b37dd4b740e7f0,Bump github/codeql-action from 4.32.0 to 4.32.2,maven,mvn -B clean package -DskipTests -Dmaven.repo.local=/data/tmp-build/cache/m2,7.145791,0,success,
2026-03-29T10:26:44.706095+00:00,apache__commons-beanutils,apache__commons-beanutils,refs/remotes/origin/master,16,2cc7cf5e691f931678dd0ebcba3d132e98705d19,Bump github/codeql-action from 4.31.11 to 4.32.0,maven,mvn -B clean package -DskipTests -Dmaven.repo.local=/data/tmp-build/cache/m2,7.039007,0,success,
2026-03-29T10:26:51.863199+00:00,apache__commons-beanutils,apache__commons-beanutils,refs/remotes/origin/master,17,3da9265dd6904e764d907aafce67ec2a5b09b1c1,Bump github/codeql-action from 4.31.10 to 4.31.11,maven,mvn -B clean package -DskipTests -Dmaven.repo.local=/data/tmp-build/cache/m2,7.138361,0,success,
2026-03-29T10:26:59.028515+00:00,apache__commons-beanutils,apache__commons-beanutils,refs/remotes/origin/master,18,a358ef2bf557b8b8acdfb7b96b956071899ba569,Bump actions/checkout from 6.0.1 to 6.0.2,maven,mvn -B clean package -DskipTests -Dmaven.repo.local=/data/tmp-build/cache/m2,7.146634,0,success,
2026-03-29T10:27:06.184787+00:00,apache__commons-beanutils,apache__commons-beanutils,refs/remotes/origin/master,19,a69a1ab7caf668bcda180429a19c6aae6966558e,Bump org.apache.commons:commons-parent from 95 to 96.,maven,mvn -B clean package -DskipTests -Dmaven.repo.local=/data/tmp-build/cache/m2,7.137767,0,success,
2026-03-29T10:27:14.231383+00:00,apache__commons-beanutils,apache__commons-beanutils,refs/remotes/origin/master,20,a317136baa3cd5e6ae6f4ea1a069b79321185340,Bump actions/setup-java from 5.1.0 to 5.2.0,maven,mvn -B clean package -DskipTests -Dmaven.repo.local=/data/tmp-build/cache/m2,8.026564,0,success,
2026-03-29T10:27:21.416495+00:00,apache__commons-beanutils,apache__commons-beanutils,refs/remotes/origin/master,21,80412c0526d27ff8188fa92d989fdcb6fb376c7d,Bump org.apache.commons:commons-parent from 94 to 95.,maven,mvn -B clean package -DskipTests -Dmaven.repo.local=/data/tmp-build/cache/m2,7.165947,0,success,
2026-03-29T10:27:29.268021+00:00,apache__commons-beanutils,apache__commons-beanutils,refs/remotes/origin/master,22,a3d6c0f8344739718f25a85afbf85f112223a53a,Bump github/codeql-action from 4.31.9 to 4.31.10,maven,mvn -B clean package -DskipTests -Dmaven.repo.local=/data/tmp-build/cache/m2,7.830154,0,success,
2026-03-29T10:27:36.444991+00:00,apache__commons-beanutils,apache__commons-beanutils,refs/remotes/origin/master,23,0401e69224484c663e14d34211f5503494f94fd0,Javadoc,maven,mvn -B clean package -DskipTests -Dmaven.repo.local=/data/tmp-build/cache/m2,7.158327,0,success,
2026-03-29T10:27:43.521327+00:00,apache__commons-beanutils,apache__commons-beanutils,refs/remotes/origin/master,24,e2ffa6298ae269763e5ba6dcf5add36fdd2c2e87,Javadoc,maven,mvn -B clean package -DskipTests -Dmaven.repo.local=/data/tmp-build/cache/m2,7.054842,0,success,
2026-03-29T10:27:50.624459+00:00,apache__commons-beanutils,apache__commons-beanutils,refs/remotes/origin/master,25,6eed8f9c94559df0b51811de0ae763dec32f6ab9,Bump org.apache.commons:commons-parent from 93 to 94,maven,mvn -B clean package -DskipTests -Dmaven.repo.local=/data/tmp-build/cache/m2,7.082253,0,success,
2026-03-29T10:27:58.131023+00:00,apache__commons-beanutils,apache__commons-beanutils,refs/remotes/origin/master,26,d5b91a55fd2900c35e81daa1732fd5365b12cbfe,Bump actions/upload-artifact from 5.0.0 to 6.0.0 (#396),maven,mvn -B clean package -DskipTests -Dmaven.repo.local=/data/tmp-build/cache/m2,7.488017,0,success,
2026-03-29T10:28:05.284177+00:00,apache__commons-beanutils,apache__commons-beanutils,refs/remotes/origin/master,27,3b9839110e21a5dd60b99a9830fdae06fa107667,Fix XML Schema xsi:schemaLocation name (as opposed to URI),maven,mvn -B clean package -DskipTests -Dmaven.repo.local=/data/tmp-build/cache/m2,7.131356,0,success,
2026-03-29T10:28:12.421009+00:00,apache__commons-beanutils,apache__commons-beanutils,refs/remotes/origin/master,28,b42bfd1f3c17e912638cbd9ce763310950a751e5,Merge branch 'master' of https://github.com/apache/commons-beanutils.git,maven,mvn -B clean package -DskipTests -Dmaven.repo.local=/data/tmp-build/cache/m2,7.118234,0,success,
2026-03-29T10:28:19.633816+00:00,apache__commons-beanutils,apache__commons-beanutils,refs/remotes/origin/master,29,aded4a649ae62da5ea5cb388ded503ef6ac24782,Bump notice file end year from 2025 to 2026,maven,mvn -B clean package -DskipTests -Dmaven.repo.local=/data/tmp-build/cache/m2,7.191347,0,success,
2026-03-29T10:28:26.763344+00:00,apache__commons-beanutils,apache__commons-beanutils,refs/remotes/origin/master,30,708aa4b14040caf4e9e383d59753e2358c4d78c0,Bump github/codeql-action from 4.31.8 to 4.31.9,maven,mvn -B clean package -DskipTests -Dmaven.repo.local=/data/tmp-build/cache/m2,7.109436,0,success,
2026-03-29T10:28:33.935296+00:00,apache__commons-beanutils,apache__commons-beanutils,refs/remotes/origin/master,31,e7d3adb072945afda96711dbb41a8ee0185b7216,Fix malformed Javadoc comments,maven,mvn -B clean package -DskipTests -Dmaven.repo.local=/data/tmp-build/cache/m2,7.152724,0,success,
2026-03-29T10:28:41.048192+00:00,apache__commons-beanutils,apache__commons-beanutils,refs/remotes/origin/master,32,57bbefee655dbb723034c53128b5deb2d0b8272c,Bump actions/cache from 4.3.0 to 5.0.1,maven,mvn -B clean package -DskipTests -Dmaven.repo.local=/data/tmp-build/cache/m2,7.090526,0,success,
2026-03-29T10:28:48.153488+00:00,apache__commons-beanutils,apache__commons-beanutils,refs/remotes/origin/master,33,34a881a0b0e9d5c103e0b62c5c8643a5c410c48c,Bump github/codeql-action from 4.31.7 to 4.31.8,maven,mvn -B clean package -DskipTests -Dmaven.repo.local=/data/tmp-build/cache/m2,7.086179,0,success,
2026-03-29T10:28:55.363358+00:00,apache__commons-beanutils,apache__commons-beanutils,refs/remotes/origin/master,34,f4d78a9f48103d8f96fd370f7086971f1211ffc7,Add NetBean IDE metadata files to .gitignore,maven,mvn -B clean package -DskipTests -Dmaven.repo.local=/data/tmp-build/cache/m2,7.189687,0,success,
2026-03-29T10:29:02.503653+00:00,apache__commons-beanutils,apache__commons-beanutils,refs/remotes/origin/master,35,a191c65e20e25a16bc79a2bcc6d396ad461bbd4e,Ask for details on AI usage in creating a pull request,maven,mvn -B clean package -DskipTests -Dmaven.repo.local=/data/tmp-build/cache/m2,7.121168,0,success,
2026-03-29T10:29:09.590561+00:00,apache__commons-beanutils,apache__commons-beanutils,refs/remotes/origin/master,36,d4b6c1e75db85ca00e1fe9c3a6a210a4355647be,Bump github/codeql-action from 4.31.6 to 4.31.7,maven,mvn -B clean package -DskipTests -Dmaven.repo.local=/data/tmp-build/cache/m2,7.067557,0,success,
2026-03-29T10:29:16.755903+00:00,apache__commons-beanutils,apache__commons-beanutils,refs/remotes/origin/master,37,0a551c26c1e97add389da3ebe5d3beb90aa7e137,Bump actions/setup-java from 5.0.0 to 5.1.0,maven,mvn -B clean package -DskipTests -Dmaven.repo.local=/data/tmp-build/cache/m2,7.144782,0,success,
2026-03-29T10:29:23.842745+00:00,apache__commons-beanutils,apache__commons-beanutils,refs/remotes/origin/master,38,729f62a46102aaaa9694932b8a46b5b0d7e922e4,Bump actions/checkout from 5.0.0 to 6.0.1,maven,mvn -B clean package -DskipTests -Dmaven.repo.local=/data/tmp-build/cache/m2,7.06577,0,success,
2026-03-29T10:29:30.949114+00:00,apache__commons-beanutils,apache__commons-beanutils,refs/remotes/origin/master,39,0e752635352891d9bb0945b87ef7f53f854ab67e,Bump actions/checkout from 6.0.0 to 6.0.1,maven,mvn -B clean package -DskipTests -Dmaven.repo.local=/data/tmp-build/cache/m2,7.088097,0,success,
2026-03-29T10:29:38.163322+00:00,apache__commons-beanutils,apache__commons-beanutils,refs/remotes/origin/master,40,8b01848d2a8d951f0fc406ae7760843f4f9dc152,Bump github/codeql-action from 4.31.5 to 4.31.6,maven,mvn -B clean package -DskipTests -Dmaven.repo.local=/data/tmp-build/cache/m2,7.194233,0,success,
2026-03-29T10:29:45.287337+00:00,apache__commons-beanutils,apache__commons-beanutils,refs/remotes/origin/master,41,ecec378e281d34ad12d3d5fa6fa5b59200557049,Bump github/codeql-action from 4.31.5 to 4.31.6,maven,mvn -B clean package -DskipTests -Dmaven.repo.local=/data/tmp-build/cache/m2,7.105075,0,success,
2026-03-29T10:29:52.436040+00:00,apache__commons-beanutils,apache__commons-beanutils,refs/remotes/origin/master,42,5de7fef2b8a95ece924d4a973ab0952a061b9240,Bump github/codeql-action from 4.31.4 to 4.31.5,maven,mvn -B clean package -DskipTests -Dmaven.repo.local=/data/tmp-build/cache/m2,7.130011,0,success,
2026-03-29T10:29:59.599403+00:00,apache__commons-beanutils,apache__commons-beanutils,refs/remotes/origin/master,43,9308eca29b68d78bb06e68fc40a75e61c0e3f636,Bump github/codeql-action from 4.31.4 to 4.31.5,maven,mvn -B clean package -DskipTests -Dmaven.repo.local=/data/tmp-build/cache/m2,7.142806,0,success,
2026-03-29T10:30:06.754766+00:00,apache__commons-beanutils,apache__commons-beanutils,refs/remotes/origin/master,44,75a672e9104ef6732400af0d45c80a6d8f8c781a,Bump org.apache.commons:commons-parent from 92 to 93 #395,maven,mvn -B clean package -DskipTests -Dmaven.repo.local=/data/tmp-build/cache/m2,7.136466,0,success,
2026-03-29T10:30:13.851512+00:00,apache__commons-beanutils,apache__commons-beanutils,refs/remotes/origin/master,45,4e643434970477725deeacf68797663bf4d8a156,Bump org.apache.commons:commons-parent from 92 to 93 (#395),maven,mvn -B clean package -DskipTests -Dmaven.repo.local=/data/tmp-build/cache/m2,7.076939,0,success,
2026-03-29T10:30:23.340399+00:00,apache__commons-beanutils,apache__commons-beanutils,refs/remotes/origin/master,46,abb4ca42db40314bec714305eca0516939e53653,Bump actions/checkout from v5.0.0 to v6.0.0,maven,mvn -B clean package -DskipTests -Dmaven.repo.local=/data/tmp-build/cache/m2,9.469302,0,success,
2026-03-29T10:30:30.589360+00:00,apache__commons-beanutils,apache__commons-beanutils,refs/remotes/origin/master,47,0c5c43d5a6c8d12e589eec6d83526c4794180868,Bump CodeQL 4.31.4,maven,mvn -B clean package -DskipTests -Dmaven.repo.local=/data/tmp-build/cache/m2,7.222968,0,success,
2026-03-29T10:30:37.715225+00:00,apache__commons-beanutils,apache__commons-beanutils,refs/remotes/origin/master,48,815b0782a59aa71fb22ba8ffad65ab4b82d679d8,Use HTTPS to download XML Schema,maven,mvn -B clean package -DskipTests -Dmaven.repo.local=/data/tmp-build/cache/m2,7.105978,0,success,
2026-03-29T10:30:44.852848+00:00,apache__commons-beanutils,apache__commons-beanutils,refs/remotes/origin/master,49,f313fc7439f49a5a1986eb007016e2216154d926,Bump commons-lang3 from 3.19.0 to 3.20.0,maven,mvn -B clean package -DskipTests -Dmaven.repo.local=/data/tmp-build/cache/m2,7.11803,0,success,
2026-03-29T10:30:52.159653+00:00,apache__commons-beanutils,apache__commons-beanutils,refs/remotes/origin/master,50,e48ff8f08759fc364aabcd94beebb7a32acbc693,Bump org.apache.commons:commons-parent from 91 to 92 #394,maven,mvn -B clean package -DskipTests -Dmaven.repo.local=/data/tmp-build/cache/m2,7.285973,0,success,
2026-03-29T10:30:59.973988+00:00,apache__commons-codec,apache__commons-codec,refs/remotes/origin/master,1,0646e8c39d0b4bad38d75ad49ded48cf5921afb6,Bump github/codeql-action from 4.34.0 to 4.34.1,maven,mvn -B clean package -DskipTests -Dmaven.repo.local=/data/tmp-build/cache/m2,6.859702,0,success,
2026-03-29T10:31:07.022851+00:00,apache__commons-codec,apache__commons-codec,refs/remotes/origin/master,2,a14cd2a9f5b2a60139a6aac398fe63ecf33cc933,Revert,maven,mvn -B clean package -DskipTests -Dmaven.repo.local=/data/tmp-build/cache/m2,7.000617,0,success,
2026-03-29T10:31:14.169219+00:00,apache__commons-codec,apache__commons-codec,refs/remotes/origin/master,3,3315fb49d39466fc05bc12c3c4b692937063b706,BOMInputStream fail-fast and tracks its ByteOrderMark as a final,maven,mvn -B clean package -DskipTests -Dmaven.repo.local=/data/tmp-build/cache/m2,7.127321,0,success,
2026-03-29T10:31:21.236792+00:00,apache__commons-codec,apache__commons-codec,refs/remotes/origin/master,4,ca52f570255b2e1f4fd6faeb198799169870fb6d,[CODEC-336] Base64.Builder.setUrlSafe() Javadoc incorrectly states null is accepted for primitive boolean parameter,maven,mvn -B clean package -DskipTests -Dmaven.repo.local=/data/tmp-build/cache/m2,7.047171,0,success,
2026-03-29T10:31:28.231590+00:00,apache__commons-codec,apache__commons-codec,refs/remotes/origin/master,5,f3b0eb5499266e99170bcc674c93d8a69790fc8b,Javadoc,maven,mvn -B clean package -DskipTests -Dmaven.repo.local=/data/tmp-build/cache/m2,6.974411,0,success,
2026-03-29T10:31:35.308606+00:00,apache__commons-codec,apache__commons-codec,refs/remotes/origin/master,6,537e3139742c8760f95e4e8ce50d32abe58309eb,Bump github/codeql-action from 4.32.6 to 4.34.0,maven,mvn -B clean package -DskipTests -Dmaven.repo.local=/data/tmp-build/cache/m2,7.058258,0,success,
2026-03-29T10:31:42.276530+00:00,apache__commons-codec,apache__commons-codec,refs/remotes/origin/master,7,a0b3c0a096465b39b3a4010c8cdf151d747578ec,Add a reference to safe deserlialization,maven,mvn -B clean package -DskipTests -Dmaven.repo.local=/data/tmp-build/cache/m2,6.947223,0,success,
2026-03-29T10:31:49.612559+00:00,apache__commons-codec,apache__commons-codec,refs/remotes/origin/master,8,88f56b14a8900191a86b463fe62723f37552a6f3,Comment,maven,mvn -B clean package -DskipTests -Dmaven.repo.local=/data/tmp-build/cache/m2,7.316192,0,success,
2026-03-29T10:31:56.569323+00:00,apache__commons-codec,apache__commons-codec,refs/remotes/origin/master,9,f55056104a73b19f978a67cebdffaac1f7320b6c,[CODEC-334] Add tests in Base64OutputStreamTest,maven,mvn -B clean package -DskipTests -Dmaven.repo.local=/data/tmp-build/cache/m2,6.938793,0,success,
2026-03-29T10:32:03.625550+00:00,apache__commons-codec,apache__commons-codec,refs/remotes/origin/master,10,19b3c4ca327ee4f058de41ecaf61adb2365a4513,Bump actions/upload-artifact from 6.0.0 to 7.0.0,maven,mvn -B clean package -DskipTests -Dmaven.repo.local=/data/tmp-build/cache/m2,7.035392,0,success,
2026-03-29T10:32:10.675402+00:00,apache__commons-codec,apache__commons-codec,refs/remotes/origin/master,11,69928bc25b3d93c09c9ae12f31a88c5addd8c8e5,Use JUnit 5 conventions on method visibility,maven,mvn -B clean package -DskipTests -Dmaven.repo.local=/data/tmp-build/cache/m2,7.029588,0,success,
2026-03-29T10:32:17.584216+00:00,apache__commons-codec,apache__commons-codec,refs/remotes/origin/master,12,275d73395c6433d6f67f825a96174d85ff4a8e3e,Reuse IOUtils.toByteArray(InputStream),maven,mvn -B clean package -DskipTests -Dmaven.repo.local=/data/tmp-build/cache/m2,6.889547,0,success,
2026-03-29T10:32:24.581424+00:00,apache__commons-codec,apache__commons-codec,refs/remotes/origin/master,13,e37d10fd817a4f1cbfdd580433a8391d06640e69,Reuse ArrayUtils.contains(),maven,mvn -B clean package -DskipTests -Dmaven.repo.local=/data/tmp-build/cache/m2,6.973298,0,success,
2026-03-29T10:32:31.602492+00:00,apache__commons-codec,apache__commons-codec,refs/remotes/origin/master,14,d296a1906134899bf74df542a6bfc13127758b2c,Reuse IOUtils.toByteArray(InputStream),maven,mvn -B clean package -DskipTests -Dmaven.repo.local=/data/tmp-build/cache/m2,7.000947,0,success,
2026-03-29T10:32:38.591509+00:00,apache__commons-codec,apache__commons-codec,refs/remotes/origin/master,15,1cc57ef8e42ab4b4adb17c165044966c1dc6c93f,Reuse ArrayUtils.contains(),maven,mvn -B clean package -DskipTests -Dmaven.repo.local=/data/tmp-build/cache/m2,6.970925,0,success,
2026-03-29T10:32:45.561794+00:00,apache__commons-codec,apache__commons-codec,refs/remotes/origin/master,16,715ecb7ec7ae8da1c07c4ebd0a3dcb1a854deea6,Reuse IOUtils.toByteArray(InputStream),maven,mvn -B clean package -DskipTests -Dmaven.repo.local=/data/tmp-build/cache/m2,6.950926,0,success,
2026-03-29T10:32:52.568746+00:00,apache__commons-codec,apache__commons-codec,refs/remotes/origin/master,17,b20eaaad36b6562ebccd5afbded7199ffc5b040c,Add tests for BaseNCodecOutputStream.close(),maven,mvn -B clean package -DskipTests -Dmaven.repo.local=/data/tmp-build/cache/m2,6.98834,0,success,
2026-03-29T10:32:59.418208+00:00,apache__commons-codec,apache__commons-codec,refs/remotes/origin/master,18,7862d5765ce607ff3ca64eab5bc204a856ca1202,Bump github/codeql-action from 4.32.5 to 4.32.6,maven,mvn -B clean package -DskipTests -Dmaven.repo.local=/data/tmp-build/cache/m2,6.831532,0,success,
2026-03-29T10:33:06.421311+00:00,apache__commons-codec,apache__commons-codec,refs/remotes/origin/master,19,9ca52c9da073dfe5ae9f49da31adab005be39e04,Bump github/codeql-action from 4.32.4 to 4.32.5,maven,mvn -B clean package -DskipTests -Dmaven.repo.local=/data/tmp-build/cache/m2,6.98299,0,success,
2026-03-29T10:33:13.380516+00:00,apache__commons-codec,apache__commons-codec,refs/remotes/origin/master,20,688c9f7b0e1edb6321ca7f157622ef0d82d9bb61,Use @ParameterizedTest with @MethodSource instead of a test loop,maven,mvn -B clean package -DskipTests -Dmaven.repo.local=/data/tmp-build/cache/m2,6.938482,0,success,
2026-03-29T10:33:20.384282+00:00,apache__commons-codec,apache__commons-codec,refs/remotes/origin/master,21,431fd328c596791f3a20931314fe2a4871811499,Use assertArrayEquals(),maven,mvn -B clean package -DskipTests -Dmaven.repo.local=/data/tmp-build/cache/m2,6.985704,0,success,
2026-03-29T10:33:27.428587+00:00,apache__commons-codec,apache__commons-codec,refs/remotes/origin/master,22,4ae98b4b85679b6b32cf742478652f4f9016a1b3,Bump org.apache.commons:commons-parent from 96 to 97.,maven,mvn -B clean package -DskipTests -Dmaven.repo.local=/data/tmp-build/cache/m2,7.025608,0,success,
2026-03-29T10:33:34.467949+00:00,apache__commons-codec,apache__commons-codec,refs/remotes/origin/master,23,10c212166591d8ef9f9bc30955eb170ad462e904,Add boundary tests for BinaryCodec.fromAscii partial-bit inputs #425.,maven,mvn -B clean package -DskipTests -Dmaven.repo.local=/data/tmp-build/cache/m2,7.020349,0,success,
2026-03-29T10:33:41.439471+00:00,apache__commons-codec,apache__commons-codec,refs/remotes/origin/master,24,77896364bd8b464841df189033a60023f6557418,Add boundary tests for BinaryCodec.fromAscii partial-bit inputs (#425),maven,mvn -B clean package -DskipTests -Dmaven.repo.local=/data/tmp-build/cache/m2,6.953735,0,success,
2026-03-29T10:33:48.414332+00:00,apache__commons-codec,apache__commons-codec,refs/remotes/origin/master,25,b2bbd02217963781c4f53a30e3179d1b53d8b23b,Use assertThrows(),maven,mvn -B clean package -DskipTests -Dmaven.repo.local=/data/tmp-build/cache/m2,6.95603,0,success,
2026-03-29T10:33:55.447567+00:00,apache__commons-codec,apache__commons-codec,refs/remotes/origin/master,26,6f5a5cdbed81452baf42f9175997ef3a5b8a783e,Better local variable name.,maven,mvn -B clean package -DskipTests -Dmaven.repo.local=/data/tmp-build/cache/m2,7.014623,0,success,
2026-03-29T10:34:02.411440+00:00,apache__commons-codec,apache__commons-codec,refs/remotes/origin/master,27,88eccf821dd2c6f0f313183af24d39f6ecb72dd7,Bump github/codeql-action from 4.32.0 to 4.32.4,maven,mvn -B clean package -DskipTests -Dmaven.repo.local=/data/tmp-build/cache/m2,6.945748,0,success,
2026-03-29T10:34:09.354459+00:00,apache__commons-codec,apache__commons-codec,refs/remotes/origin/master,28,8912a0600a0eca1fc29a03f5916c388fb810caf7,Bump github/codeql-action from 4.32.2 to 4.32.3,maven,mvn -B clean package -DskipTests -Dmaven.repo.local=/data/tmp-build/cache/m2,6.923376,0,success,
2026-03-29T10:34:16.243219+00:00,apache__commons-codec,apache__commons-codec,refs/remotes/origin/master,29,81df57cdd627fe674adddf91ed6ebcf4b04268f2,Javadoc,maven,mvn -B clean package -DskipTests -Dmaven.repo.local=/data/tmp-build/cache/m2,6.869183,0,success,
2026-03-29T10:34:23.207847+00:00,apache__commons-codec,apache__commons-codec,refs/remotes/origin/master,30,6ef32f5c2329c21456eece2b395ebcd791f8f648,Package-private class ColognePhonetic.CologneBuffer can be private,maven,mvn -B clean package -DskipTests -Dmaven.repo.local=/data/tmp-build/cache/m2,6.946041,0,success,
2026-03-29T10:34:30.172325+00:00,apache__commons-codec,apache__commons-codec,refs/remotes/origin/master,31,2cdfac1a8e34ffba32603d97d81173158b16ba04,[CODEC-317] ColognePhonetic can create duplicate consecutive codes in some cases.,maven,mvn -B clean package -DskipTests -Dmaven.repo.local=/data/tmp-build/cache/m2,6.945576,0,success,
2026-03-29T10:34:37.119065+00:00,apache__commons-codec,apache__commons-codec,refs/remotes/origin/master,32,ca9a599380a8469800b402ea4f17a5b6f94c99c8,Reduce vertical whitespace,maven,mvn -B clean package -DskipTests -Dmaven.repo.local=/data/tmp-build/cache/m2,6.928679,0,success,
2026-03-29T10:34:44.084337+00:00,apache__commons-codec,apache__commons-codec,refs/remotes/origin/master,33,635cfd199b03faa966675bc89093e246e117685b,Use var args in test,maven,mvn -B clean package -DskipTests -Dmaven.repo.local=/data/tmp-build/cache/m2,6.94717,0,success,
2026-03-29T10:34:51.139628+00:00,apache__commons-codec,apache__commons-codec,refs/remotes/origin/master,34,8cfa1eaaa770a6c9936071e54b8b424b4a78670a,Port test to use JUnit 5 parameters,maven,mvn -B clean package -DskipTests -Dmaven.repo.local=/data/tmp-build/cache/m2,7.034373,0,success,
2026-03-29T10:34:58.330572+00:00,apache__commons-codec,apache__commons-codec,refs/remotes/origin/master,35,347336fb4f7a757b605650aebafe48d1e2233bb2,Javadoc,maven,mvn -B clean package -DskipTests -Dmaven.repo.local=/data/tmp-build/cache/m2,7.171645,0,success,
2026-03-29T10:35:05.466487+00:00,apache__commons-codec,apache__commons-codec,refs/remotes/origin/master,36,552ace67fd3a5d87e8f28dfd35e69347ac0ef515,Fix Javadoc typos,maven,mvn -B clean package -DskipTests -Dmaven.repo.local=/data/tmp-build/cache/m2,7.118212,0,success,
2026-03-29T10:35:12.749021+00:00,apache__commons-codec,apache__commons-codec,refs/remotes/origin/master,37,1b5a00fffa93ab3ca365393f456efe2da9f88241,Fix Javadoc typos,maven,mvn -B clean package -DskipTests -Dmaven.repo.local=/data/tmp-build/cache/m2,7.262741,0,success,
2026-03-29T10:35:19.884276+00:00,apache__commons-codec,apache__commons-codec,refs/remotes/origin/master,38,cb09b7a1fcdb8060f96f15dcc48935bffc51cbd4,[CODEC-249] Fix Incorrect transform of CH digraph according Metaphone basic rules #423.,maven,mvn -B clean package -DskipTests -Dmaven.repo.local=/data/tmp-build/cache/m2,7.115303,0,success,
2026-03-29T10:35:27.177345+00:00,apache__commons-codec,apache__commons-codec,refs/remotes/origin/master,39,7b77a1a12e4cff97c024acaf41928066aff81828,Bump POM version to minor level,maven,mvn -B clean package -DskipTests -Dmaven.repo.local=/data/tmp-build/cache/m2,7.274735,0,success,
2026-03-29T10:35:34.419119+00:00,apache__commons-codec,apache__commons-codec,refs/remotes/origin/master,40,d809fb9ee42700dd8905260c4c4229e3f5cdbf43,[CODEC-249] Fix Incorrect transform of CH digraph according Metaphone basic rules #423.,maven,mvn -B clean package -DskipTests -Dmaven.repo.local=/data/tmp-build/cache/m2,7.221586,0,success,
2026-03-29T10:35:41.644350+00:00,apache__commons-codec,apache__commons-codec,refs/remotes/origin/master,41,e352a9b11f47e21ae9ce069e12dab67455dd185a,[CODEC-249] Fix Incorrect transform of CH digraph according Metaphone basic rules (#423),maven,mvn -B clean package -DskipTests -Dmaven.repo.local=/data/tmp-build/cache/m2,7.205636,0,success,
2026-03-29T10:35:48.887852+00:00,apache__commons-codec,apache__commons-codec,refs/remotes/origin/master,42,269df1e79cc0d5a113b2a03c090985d3b2d386f7,Bump actions/cache from 5.0.2 to 5.0.3,maven,mvn -B clean package -DskipTests -Dmaven.repo.local=/data/tmp-build/cache/m2,7.224252,0,success,
2026-03-29T10:35:56.115691+00:00,apache__commons-codec,apache__commons-codec,refs/remotes/origin/master,43,5726892907130c2ac49020cb7be71d9ee0038cca,Add BaseNCodecInputStream.AbstracBuilder.setByteArray(byte[]),maven,mvn -B clean package -DskipTests -Dmaven.repo.local=/data/tmp-build/cache/m2,7.208761,0,success,
2026-03-29T10:36:03.468013+00:00,apache__commons-codec,apache__commons-codec,refs/remotes/origin/master,44,15ce42914d8c275a2d9dd82082a19d759d517e6f,[CODEC-326] Add Base58 support,maven,mvn -B clean package -DskipTests -Dmaven.repo.local=/data/tmp-build/cache/m2,7.333612,0,success,
2026-03-29T10:36:10.631892+00:00,apache__commons-codec,apache__commons-codec,refs/remotes/origin/master,45,bb3c354ce9738667858b97c799fef06980a44c13,[Codec 326] Add Base58 support (#422),maven,mvn -B clean package -DskipTests -Dmaven.repo.local=/data/tmp-build/cache/m2,7.143016,0,success,
2026-03-29T10:36:17.808734+00:00,apache__commons-codec,apache__commons-codec,refs/remotes/origin/master,46,fe94f932aab2922ed56ccf1e7ee56c4df28931fa,Use 	max-parallel: 20 as asked by Apache Infra,maven,mvn -B clean package -DskipTests -Dmaven.repo.local=/data/tmp-build/cache/m2,7.157472,0,success,
2026-03-29T10:36:25.032241+00:00,apache__commons-codec,apache__commons-codec,refs/remotes/origin/master,47,bbda5938b1ba8fd6c3edf5282bc1288bd7566379,Bump github/codeql-action from 4.32.0 to 4.32.2,maven,mvn -B clean package -DskipTests -Dmaven.repo.local=/data/tmp-build/cache/m2,7.203985,0,success,
2026-03-29T10:36:32.210677+00:00,apache__commons-codec,apache__commons-codec,refs/remotes/origin/master,48,5f208b190fd260f8c30ecd8c2defc7be6695cb1f,Updates for the next release,maven,mvn -B clean package -DskipTests -Dmaven.repo.local=/data/tmp-build/cache/m2,7.158962,0,success,
2026-03-29T10:36:39.326517+00:00,apache__commons-codec,apache__commons-codec,refs/remotes/origin/master,49,f410d2ff3f01bf412bf423137626415f11c70be5,Updates for the next release,maven,mvn -B clean package -DskipTests -Dmaven.repo.local=/data/tmp-build/cache/m2,7.097146,0,success,
2026-03-29T10:36:46.522919+00:00,apache__commons-codec,apache__commons-codec,refs/remotes/origin/master,50,dc43445205c94e31fe6162027e2a9a6bede5d6db,Merge branch 'release',maven,mvn -B clean package -DskipTests -Dmaven.repo.local=/data/tmp-build/cache/m2,7.176649,0,success,
2026-03-29T10:37:00.104276+00:00,apache__commons-collections,apache__commons-collections,refs/remotes/origin/master,1,0fcbbe5b8794430769c60c9e89bed1577aa02b17,"[COLLECTIONS-887] ConcurrentReferenceHashMap.remove(key), remove(key, value), replace(key, value), and replace(key, oldValue, newValue) throw NullPointerException inconsistently",maven,mvn -B clean package -DskipTests -Dmaven.repo.local=/data/tmp-build/cache/m2,12.778499,0,success,
2026-03-29T10:37:12.004776+00:00,apache__commons-collections,apache__commons-collections,refs/remotes/origin/master,2,0f0abefb68ad4475f6fc6a7b7e9326a0d5f535d7,"[COLLECTIONS-887] ConcurrentReferenceHashMap.remove(key), remove(key, value), replace(key, value), and replace(key, oldValue, newValue) throw NullPointerException inconsistently",maven,mvn -B clean package -DskipTests -Dmaven.repo.local=/data/tmp-build/cache/m2,11.837003,0,success,
2026-03-29T10:37:23.480992+00:00,apache__commons-collections,apache__commons-collections,refs/remotes/origin/master,3,1009964df2bf7d7e65508da1005f22e4a50bad8a,[COLLECTIONS_886][javadoc] CompositeSet.addComposited(Set) does not throw NullPointerException when null is passed,maven,mvn -B clean package -DskipTests -Dmaven.repo.local=/data/tmp-build/cache/m2,11.442177,0,success,
2026-03-29T10:37:35.153945+00:00,apache__commons-collections,apache__commons-collections,refs/remotes/origin/master,4,0d89ba26f8127b4bc9134177d4dd2f352570772e,removed NPE condition as the method can never throw NPE (#675),maven,mvn -B clean package -DskipTests -Dmaven.repo.local=/data/tmp-build/cache/m2,11.638601,0,success,
2026-03-29T10:37:46.850293+00:00,apache__commons-collections,apache__commons-collections,refs/remotes/origin/master,5,3272cab7ed300d53bf40aa0073dc49d2234d49bf,Bump github/codeql-action from 4.34.0 to 4.34.1,maven,mvn -B clean package -DskipTests -Dmaven.repo.local=/data/tmp-build/cache/m2,11.661041,0,success,
2026-03-29T10:37:58.545534+00:00,apache__commons-collections,apache__commons-collections,refs/remotes/origin/master,6,d6af2a7dad1728cdaf6efcc872f0f039f0be904f,[COLLECTIONS-885] PatriciaTrie submap and range view operations silently mutate trie structure resulting in ConcurrentModificationException for any iterating threads #672,maven,mvn -B clean package -DskipTests -Dmaven.repo.local=/data/tmp-build/cache/m2,11.658679,0,success,
2026-03-29T10:38:10.188675+00:00,apache__commons-collections,apache__commons-collections,refs/remotes/origin/master,7,aefd2691e92be194f4a134df67979dc41d9ca925,Sort members,maven,mvn -B clean package -DskipTests -Dmaven.repo.local=/data/tmp-build/cache/m2,11.606875,0,success,
2026-03-29T10:38:21.808790+00:00,apache__commons-collections,apache__commons-collections,refs/remotes/origin/master,8,4d9e0bd33a050cef05b0f65289770d8bddefad3e,"[COLLECTIONS-885] PatriciaTrie. Prevent silent mutations, prevents CMEs when iterating. (#672)",maven,mvn -B clean package -DskipTests -Dmaven.repo.local=/data/tmp-build/cache/m2,11.583215,0,success,
2026-03-29T10:38:33.410968+00:00,apache__commons-collections,apache__commons-collections,refs/remotes/origin/master,9,b780c2989ebc3423ead8637c48afd20cbf9f805e,Javadoc,maven,mvn -B clean package -DskipTests -Dmaven.repo.local=/data/tmp-build/cache/m2,11.565392,0,success,
2026-03-29T10:38:45.066265+00:00,apache__commons-collections,apache__commons-collections,refs/remotes/origin/master,10,3e713212929fc5e51793203c40006c57eeb0e9bb,Bump github/codeql-action from 4.32.6 to 4.34.0,maven,mvn -B clean package -DskipTests -Dmaven.repo.local=/data/tmp-build/cache/m2,11.621788,0,success,
2026-03-29T10:38:56.692340+00:00,apache__commons-collections,apache__commons-collections,refs/remotes/origin/master,11,33930cf1a3c3ca30b25bfe75d15e49de4aaa85cb,Add a reference to safe deserlialization,maven,mvn -B clean package -DskipTests -Dmaven.repo.local=/data/tmp-build/cache/m2,11.590142,0,success,
2026-03-29T10:39:08.430085+00:00,apache__commons-collections,apache__commons-collections,refs/remotes/origin/master,12,6f2ec59aef95b6528d1a2818d381fc19a82c724a,Javadpc,maven,mvn -B clean package -DskipTests -Dmaven.repo.local=/data/tmp-build/cache/m2,11.701417,0,success,
2026-03-29T10:39:20.091133+00:00,apache__commons-collections,apache__commons-collections,refs/remotes/origin/master,13,be6b6e49c2a9facffb534b921a37a3b948fa52ac,Bump actions/upload-artifact from 6.0.0 to 7.0.0,maven,mvn -B clean package -DskipTests -Dmaven.repo.local=/data/tmp-build/cache/m2,11.626093,0,success,
2026-03-29T10:39:31.681361+00:00,apache__commons-collections,apache__commons-collections,refs/remotes/origin/master,14,c1d1aa92f46b22879bedcb9cac4d19c413786e36,Bump github/codeql-action from 4.32.5 to 4.32.6,maven,mvn -B clean package -DskipTests -Dmaven.repo.local=/data/tmp-build/cache/m2,11.556824,0,success,
2026-03-29T10:39:43.403662+00:00,apache__commons-collections,apache__commons-collections,refs/remotes/origin/master,15,5aa50717a2ab16b987260c09fe8db9bec26cbaa9,Bump github/codeql-action from 4.32.4 to 4.32.5,maven,mvn -B clean package -DskipTests -Dmaven.repo.local=/data/tmp-build/cache/m2,11.686819,0,success,
2026-03-29T10:39:55.063923+00:00,apache__commons-collections,apache__commons-collections,refs/remotes/origin/master,16,b249c17b30d4f71ecb9b659faca57e0b23997a10,Bump org.apache.commons:commons-parent from 96 to 97.,maven,mvn -B clean package -DskipTests -Dmaven.repo.local=/data/tmp-build/cache/m2,11.62609,0,success,
2026-03-29T10:40:06.774687+00:00,apache__commons-collections,apache__commons-collections,refs/remotes/origin/master,17,f42a7af2662546b4a7f8a7166c1c0cbd2b638980,Bump github/codeql-action from 4.32.0 to 4.32.4,maven,mvn -B clean package -DskipTests -Dmaven.repo.local=/data/tmp-build/cache/m2,11.675921,0,success,
2026-03-29T10:40:18.416496+00:00,apache__commons-collections,apache__commons-collections,refs/remotes/origin/master,18,40c0cb45fd93f33d6168c9c4ad8346528cd6b2ba,Bump github/codeql-action from 4.32.2 to 4.32.3,maven,mvn -B clean package -DskipTests -Dmaven.repo.local=/data/tmp-build/cache/m2,11.601897,0,success,
2026-03-29T10:40:29.990459+00:00,apache__commons-collections,apache__commons-collections,refs/remotes/origin/master,19,ba48e2013f589f86b506a312093d12128160e2b6,Normalize Javadoc spelling,maven,mvn -B clean package -DskipTests -Dmaven.repo.local=/data/tmp-build/cache/m2,11.539321,0,success,
2026-03-29T10:40:41.571063+00:00,apache__commons-collections,apache__commons-collections,refs/remotes/origin/master,20,9555b493b23672f48e1b089db0507590e8619a61,Bump actions/cache from 5.0.2 to 5.0.3,maven,mvn -B clean package -DskipTests -Dmaven.repo.local=/data/tmp-build/cache/m2,11.544943,0,success,
2026-03-29T10:40:53.115194+00:00,apache__commons-collections,apache__commons-collections,refs/remotes/origin/master,21,7f1374e7a9d240fb5c0ba3ab4076b3c97432a917,Use 	max-parallel: 20 as asked by Apache Infra,maven,mvn -B clean package -DskipTests -Dmaven.repo.local=/data/tmp-build/cache/m2,11.503711,0,success,
2026-03-29T10:41:04.784997+00:00,apache__commons-collections,apache__commons-collections,refs/remotes/origin/master,22,d4319d8c301821e86bfc1bcbebcc138e1ed145dd,Bump github/codeql-action from 4.32.0 to 4.32.2,maven,mvn -B clean package -DskipTests -Dmaven.repo.local=/data/tmp-build/cache/m2,11.634601,0,success,
2026-03-29T10:41:16.664750+00:00,apache__commons-collections,apache__commons-collections,refs/remotes/origin/master,23,c08e9a90c1d1fe20ded8399fb67b320840ac935d,Bump commons-codec:commons-codec from 1.20.0 to 1.21.0.,maven,mvn -B clean package -DskipTests -Dmaven.repo.local=/data/tmp-build/cache/m2,11.843607,0,success,
2026-03-29T10:41:28.531074+00:00,apache__commons-collections,apache__commons-collections,refs/remotes/origin/master,24,ef212d1f02c73b3336dd7df793ee43adf77e0c81,Bump github/codeql-action from 4.31.11 to 4.32.0,maven,mvn -B clean package -DskipTests -Dmaven.repo.local=/data/tmp-build/cache/m2,11.829474,0,success,
2026-03-29T10:41:40.137051+00:00,apache__commons-collections,apache__commons-collections,refs/remotes/origin/master,25,68d0075256ec676f4fc480c9d925a62994cc205c,Update test to match InterruptedException guidelines,maven,mvn -B clean package -DskipTests -Dmaven.repo.local=/data/tmp-build/cache/m2,11.572086,0,success,
2026-03-29T10:41:51.959092+00:00,apache__commons-collections,apache__commons-collections,refs/remotes/origin/master,26,4907488764038d2bd8d33a4e5ee8aabe95f11e37,Bump github/codeql-action from 4.31.10 to 4.31.11,maven,mvn -B clean package -DskipTests -Dmaven.repo.local=/data/tmp-build/cache/m2,11.78814,0,success,
2026-03-29T10:42:03.591214+00:00,apache__commons-collections,apache__commons-collections,refs/remotes/origin/master,27,fd8490aea221b82dbca26e462f4e7fa161f45e95,Bump actions/checkout from 6.0.1 to 6.0.2,maven,mvn -B clean package -DskipTests -Dmaven.repo.local=/data/tmp-build/cache/m2,11.596154,0,success,
2026-03-29T10:42:15.351086+00:00,apache__commons-collections,apache__commons-collections,refs/remotes/origin/master,28,3d5ba81e85f6105ddbefec1c4dd532acd0e9b495,Bump org.apache.commons:commons-parent from 95 to 96.,maven,mvn -B clean package -DskipTests -Dmaven.repo.local=/data/tmp-build/cache/m2,11.724256,0,success,
2026-03-29T10:42:27.238204+00:00,apache__commons-collections,apache__commons-collections,refs/remotes/origin/master,29,76d204c89edb4fac9990876e664185fb0f8011ea,Bump actions/setup-java from 5.1.0 to 5.2.0,maven,mvn -B clean package -DskipTests -Dmaven.repo.local=/data/tmp-build/cache/m2,11.852461,0,success,
2026-03-29T10:42:38.897924+00:00,apache__commons-collections,apache__commons-collections,refs/remotes/origin/master,30,5de03cf773b915d0dbea097162996cb018d03009,Rname test,maven,mvn -B clean package -DskipTests -Dmaven.repo.local=/data/tmp-build/cache/m2,11.624628,0,success,
2026-03-29T10:42:50.509634+00:00,apache__commons-collections,apache__commons-collections,refs/remotes/origin/master,31,99c8a4d11823b554ea9a28015d224ae8bdd4224a,Move argument check deeper in.,maven,mvn -B clean package -DskipTests -Dmaven.repo.local=/data/tmp-build/cache/m2,11.575655,0,success,
2026-03-29T10:43:02.060176+00:00,apache__commons-collections,apache__commons-collections,refs/remotes/origin/master,32,ca3d5dca50e9114f60b8b75b00cec37b23d48576,Bump org.apache.commons:commons-parent from 94 to 95.,maven,mvn -B clean package -DskipTests -Dmaven.repo.local=/data/tmp-build/cache/m2,11.513159,0,success,
2026-03-29T10:43:13.691392+00:00,apache__commons-collections,apache__commons-collections,refs/remotes/origin/master,33,b9ad3bd7728ed41c1c258ab7d3df4ab8bbaeeb7a,Bump github/codeql-action from 4.31.9 to 4.31.10,maven,mvn -B clean package -DskipTests -Dmaven.repo.local=/data/tmp-build/cache/m2,11.596046,0,success,
2026-03-29T10:43:25.224388+00:00,apache__commons-collections,apache__commons-collections,refs/remotes/origin/master,34,86e97e6d336ff00b8bea697041da0a4d7172e0db,Javadoc,maven,mvn -B clean package -DskipTests -Dmaven.repo.local=/data/tmp-build/cache/m2,11.498554,0,success,
2026-03-29T10:43:36.955856+00:00,apache__commons-collections,apache__commons-collections,refs/remotes/origin/master,35,e74b48b03b275b6d8f6b7d29c9bd4c4c6d14def6,Remove old comments,maven,mvn -B clean package -DskipTests -Dmaven.repo.local=/data/tmp-build/cache/m2,11.687704,0,success,
2026-03-29T10:43:48.548607+00:00,apache__commons-collections,apache__commons-collections,refs/remotes/origin/master,36,9213396e69133e8ffff41b4abe44d6ffb8b59999,Javadoc,maven,mvn -B clean package -DskipTests -Dmaven.repo.local=/data/tmp-build/cache/m2,11.550045,0,success,
2026-03-29T10:44:00.100773+00:00,apache__commons-collections,apache__commons-collections,refs/remotes/origin/master,37,2bed7c70a2cd38cfc965079f7273888e46ca54b0,Javadoc,maven,mvn -B clean package -DskipTests -Dmaven.repo.local=/data/tmp-build/cache/m2,11.513959,0,success,
2026-03-29T10:44:11.758900+00:00,apache__commons-collections,apache__commons-collections,refs/remotes/origin/master,38,9f34893fb78269c3a9a9a89576bdaae676b66729,Bump org.apache.commons:commons-parent from 93 to 94,maven,mvn -B clean package -DskipTests -Dmaven.repo.local=/data/tmp-build/cache/m2,11.621797,0,success,
2026-03-29T10:44:23.429573+00:00,apache__commons-collections,apache__commons-collections,refs/remotes/origin/master,39,268ee340f0d0be4fa6f65ba1571fa7fd1c6e88e4,Bump actions/upload-artifact from 5.0.0 to 6.0.0,maven,mvn -B clean package -DskipTests -Dmaven.repo.local=/data/tmp-build/cache/m2,11.633059,0,success,
2026-03-29T10:44:35.069939+00:00,apache__commons-collections,apache__commons-collections,refs/remotes/origin/master,40,7209aabe965d128b3c3372d094a75b7558ea5cc8,Fix XML Schema xsi:schemaLocation name (as opposed to URI),maven,mvn -B clean package -DskipTests -Dmaven.repo.local=/data/tmp-build/cache/m2,11.604526,0,success,
2026-03-29T10:44:46.673328+00:00,apache__commons-collections,apache__commons-collections,refs/remotes/origin/master,41,879d274971eceb8aace62f44ce6201516ac53038,Javadoc: Empty Javadoc line before the 1st tag.,maven,mvn -B clean package -DskipTests -Dmaven.repo.local=/data/tmp-build/cache/m2,11.566189,0,success,
2026-03-29T10:44:58.084033+00:00,apache__commons-collections,apache__commons-collections,refs/remotes/origin/master,42,8831944e5c176688a89d6cfbded8dbe1951cc8a7,Javadoc,maven,mvn -B clean package -DskipTests -Dmaven.repo.local=/data/tmp-build/cache/m2,11.370151,0,success,
2026-03-29T10:45:09.385587+00:00,apache__commons-collections,apache__commons-collections,refs/remotes/origin/master,43,84000199ea2a1c2e90761e4a96e3fdc9fcfe9694,Javadoc,maven,mvn -B clean package -DskipTests -Dmaven.repo.local=/data/tmp-build/cache/m2,11.265228,0,success,
2026-03-29T10:45:20.752500+00:00,apache__commons-collections,apache__commons-collections,refs/remotes/origin/master,44,561aab8132fc8b12077f22850402c272d8821268,Javadoc typos,maven,mvn -B clean package -DskipTests -Dmaven.repo.local=/data/tmp-build/cache/m2,11.330299,0,success,
2026-03-29T10:45:32.118702+00:00,apache__commons-collections,apache__commons-collections,refs/remotes/origin/master,45,2228018be1d88154be329327e295558e197e5cb4,Merge branch 'master' of https://github.com/apache/commons-collections.git,maven,mvn -B clean package -DskipTests -Dmaven.repo.local=/data/tmp-build/cache/m2,11.331783,0,success,
2026-03-29T10:45:43.484338+00:00,apache__commons-collections,apache__commons-collections,refs/remotes/origin/master,46,f0cb3c97857f4b5bfe364d49f07e29d6931f2ad8,Bump notice file end year from 2025 to 2026,maven,mvn -B clean package -DskipTests -Dmaven.repo.local=/data/tmp-build/cache/m2,11.327878,0,success,
2026-03-29T10:45:54.833701+00:00,apache__commons-collections,apache__commons-collections,refs/remotes/origin/master,47,7f5cde16eddb67df2927abfb1ab3105cfba37b74,Add missing @since for inverted(),maven,mvn -B clean package -DskipTests -Dmaven.repo.local=/data/tmp-build/cache/m2,11.314748,0,success,
2026-03-29T10:46:06.088230+00:00,apache__commons-collections,apache__commons-collections,refs/remotes/origin/master,48,9b122c48770ef1c3403864a88006d864e66f6520,Better exception message,maven,mvn -B clean package -DskipTests -Dmaven.repo.local=/data/tmp-build/cache/m2,11.218908,0,success,
2026-03-29T10:46:17.520887+00:00,apache__commons-collections,apache__commons-collections,refs/remotes/origin/master,49,fde741e259c9b9d37664303da01524aa2ab01abc,Javadoc Add missing @since,maven,mvn -B clean package -DskipTests -Dmaven.repo.local=/data/tmp-build/cache/m2,11.399534,0,success,
2026-03-29T10:46:28.824370+00:00,apache__commons-collections,apache__commons-collections,refs/remotes/origin/master,50,c4ad5f53ad36fcb249fb7683e09d6127a9484dcd,Javadoc: Fix double the,maven,mvn -B clean package -DskipTests -Dmaven.repo.local=/data/tmp-build/cache/m2,11.266166,0,success,
2026-03-29T10:46:40.554560+00:00,apache__commons-io,apache__commons-io,refs/remotes/origin/master,1,736cd53735c35a5c8422b03046fe7317f5ae3b9d,CloseShieldInputStream now supports a custom close shield as a function #836,maven,mvn -B clean package -DskipTests -Dmaven.repo.local=/data/tmp-build/cache/m2,10.855543,0,success,
2026-03-29T10:46:50.832317+00:00,apache__commons-io,apache__commons-io,refs/remotes/origin/master,2,e4d8537671c99c381134dc03c54fb2952da3d243,CloseShieldInputStream now supports a custom close shield as a function (#836),maven,mvn -B clean package -DskipTests -Dmaven.repo.local=/data/tmp-build/cache/m2,10.213429,0,success,
2026-03-29T10:47:00.968253+00:00,apache__commons-io,apache__commons-io,refs/remotes/origin/master,3,248e10eb7403d353f602fe953c37a01900e1efdf,Bump github/codeql-action from 4.34.0 to 4.34.1,maven,mvn -B clean package -DskipTests -Dmaven.repo.local=/data/tmp-build/cache/m2,10.103952,0,success,
2026-03-29T10:47:11.022115+00:00,apache__commons-io,apache__commons-io,refs/remotes/origin/master,4,9dc9e5983f002f839f9f73287d093c66e531b648,"[IO-857""][Javadoc] PathUtils.cleanDirectory() methods vs FileUtils.",maven,mvn -B clean package -DskipTests -Dmaven.repo.local=/data/tmp-build/cache/m2,10.021248,0,success,
2026-03-29T10:47:21.313183+00:00,apache__commons-io,apache__commons-io,refs/remotes/origin/master,5,5fe20568179961cfe4186f0b6e4d3fdbca17e13a,"[IO-857""][Javadoc] PathUtils.cleanDirectory() methods vs FileUtils.",maven,mvn -B clean package -DskipTests -Dmaven.repo.local=/data/tmp-build/cache/m2,10.26212,0,success,
2026-03-29T10:47:31.453092+00:00,apache__commons-io,apache__commons-io,refs/remotes/origin/master,6,039033864834a0c3a500e740a72edba011a502a1,Javadoc,maven,mvn -B clean package -DskipTests -Dmaven.repo.local=/data/tmp-build/cache/m2,10.10884,0,success,
2026-03-29T10:47:41.580522+00:00,apache__commons-io,apache__commons-io,refs/remotes/origin/master,7,90469ef8693f1ac53cbc38c12a61c2ccb2fe83f6,Refactor UnixLineEndingInputStream and WindowsLineEndingInputStream to reduce duplication.,maven,mvn -B clean package -DskipTests -Dmaven.repo.local=/data/tmp-build/cache/m2,10.095025,0,success,
2026-03-29T10:47:51.800648+00:00,apache__commons-io,apache__commons-io,refs/remotes/origin/master,8,53a338abd8259c307072c6fa88aaa905fc199de1,Match internal naming with WindowsLineEndingInputStream,maven,mvn -B clean package -DskipTests -Dmaven.repo.local=/data/tmp-build/cache/m2,10.188504,0,success,
2026-03-29T10:48:02.096778+00:00,apache__commons-io,apache__commons-io,refs/remotes/origin/master,9,066800bdacc68ca8e1db1944feb446d40ba5f889,BOMInputStream fail-fast and tracks its ByteOrderMark as a final #835.,maven,mvn -B clean package -DskipTests -Dmaven.repo.local=/data/tmp-build/cache/m2,10.264126,0,success,
2026-03-29T10:48:12.282293+00:00,apache__commons-io,apache__commons-io,refs/remotes/origin/master,10,3a47f39276bb2d0900fdb47c76c80ec32aae17e7,BOMInputStream fail-fast and tracks its ByteOrderMark as a final (#835),maven,mvn -B clean package -DskipTests -Dmaven.repo.local=/data/tmp-build/cache/m2,10.155657,0,success,
2026-03-29T10:48:22.512404+00:00,apache__commons-io,apache__commons-io,refs/remotes/origin/master,11,cd5765acaf753c730b47f6e545235bc4af9d05a8,[IO-883] ByteArraySeekableByteChannel should optionally configure a read-only channel (#834),maven,mvn -B clean package -DskipTests -Dmaven.repo.local=/data/tmp-build/cache/m2,10.198073,0,success,
2026-03-29T10:48:32.680324+00:00,apache__commons-io,apache__commons-io,refs/remotes/origin/master,12,6fde09261a092313bbb3c07d25c486742c52b42f,Javadoc,maven,mvn -B clean package -DskipTests -Dmaven.repo.local=/data/tmp-build/cache/m2,10.134142,0,success,
2026-03-29T10:48:42.765200+00:00,apache__commons-io,apache__commons-io,refs/remotes/origin/master,13,bfb06f8594776c6c8c68ce98891135f648f415b7,Use BOMInputStream type in tests,maven,mvn -B clean package -DskipTests -Dmaven.repo.local=/data/tmp-build/cache/m2,10.05255,0,success,
2026-03-29T10:48:53.015722+00:00,apache__commons-io,apache__commons-io,refs/remotes/origin/master,14,53c5c357932033c5777070f578054dc8a610d7f6,[IO-885] Path visits follow links #832,maven,mvn -B clean package -DskipTests -Dmaven.repo.local=/data/tmp-build/cache/m2,10.220769,0,success,
2026-03-29T10:49:03.262824+00:00,apache__commons-io,apache__commons-io,refs/remotes/origin/master,15,da9055b947261dd8d572e12491f2d078db646616,[IO-885] Path visits follow links (#832),maven,mvn -B clean package -DskipTests -Dmaven.repo.local=/data/tmp-build/cache/m2,10.217263,0,success,
2026-03-29T10:49:13.503231+00:00,apache__commons-io,apache__commons-io,refs/remotes/origin/master,16,ea8c10de5912d6f67a3f3dc49e682dcfbfbf4990,Reuse IOUtils.buffer(Reader),maven,mvn -B clean package -DskipTests -Dmaven.repo.local=/data/tmp-build/cache/m2,10.207998,0,success,
2026-03-29T10:49:23.860478+00:00,apache__commons-io,apache__commons-io,refs/remotes/origin/master,17,9248954fc6fe5f82e53595b9744c25e1812285d2,Javadoc,maven,mvn -B clean package -DskipTests -Dmaven.repo.local=/data/tmp-build/cache/m2,10.324736,0,success,
2026-03-29T10:49:34.201952+00:00,apache__commons-io,apache__commons-io,refs/remotes/origin/master,18,f47d9346a897ab09ba4352af18a96aa11309fa08,Don't initialize instance variables to default values,maven,mvn -B clean package -DskipTests -Dmaven.repo.local=/data/tmp-build/cache/m2,10.311005,0,success,
2026-03-29T10:49:44.500334+00:00,apache__commons-io,apache__commons-io,refs/remotes/origin/master,19,d4bfb6f4213517a800ca2eba79ce3772e39ec36b,Javadoc,maven,mvn -B clean package -DskipTests -Dmaven.repo.local=/data/tmp-build/cache/m2,10.268548,0,success,
2026-03-29T10:49:54.654079+00:00,apache__commons-io,apache__commons-io,refs/remotes/origin/master,20,a49555745be5c35b466532b33722c4afe70e73f7,Bump github/codeql-action from 4.32.6 to 4.34.0,maven,mvn -B clean package -DskipTests -Dmaven.repo.local=/data/tmp-build/cache/m2,10.123196,0,success,
2026-03-29T10:50:04.932320+00:00,apache__commons-io,apache__commons-io,refs/remotes/origin/master,21,84a9583fbbfe7b6c635688b27929d4573683456e,Extra processing not needed,maven,mvn -B clean package -DskipTests -Dmaven.repo.local=/data/tmp-build/cache/m2,10.247106,0,success,
2026-03-29T10:50:15.210803+00:00,apache__commons-io,apache__commons-io,refs/remotes/origin/master,22,3e462135b9ed51c0fec8320ed88754a025d3b39c,Javadoc,maven,mvn -B clean package -DskipTests -Dmaven.repo.local=/data/tmp-build/cache/m2,10.247333,0,success,
2026-03-29T10:50:25.485464+00:00,apache__commons-io,apache__commons-io,refs/remotes/origin/master,23,1b611a9f5ef9553150a3e092f7e96c6b198eaff6,Javadoc,maven,mvn -B clean package -DskipTests -Dmaven.repo.local=/data/tmp-build/cache/m2,10.24569,0,success,
2026-03-29T10:50:35.736389+00:00,apache__commons-io,apache__commons-io,refs/remotes/origin/master,24,a58bee3c99048a9c25674a0ede329c737d66cc71,Add missing test.,maven,mvn -B clean package -DskipTests -Dmaven.repo.local=/data/tmp-build/cache/m2,10.219745,0,success,
2026-03-29T10:50:45.914866+00:00,apache__commons-io,apache__commons-io,refs/remotes/origin/master,25,368a3991e03a6caf022a148b3eabb8a9100a9b9a,"Add reference to     ""Safe Deserialization"" section",maven,mvn -B clean package -DskipTests -Dmaven.repo.local=/data/tmp-build/cache/m2,10.148112,0,success,
2026-03-29T10:50:56.196309+00:00,apache__commons-io,apache__commons-io,refs/remotes/origin/master,26,b6f03df133e4b29f0fe9db4f308ff15aae7dbaee,Rename internal methods,maven,mvn -B clean package -DskipTests -Dmaven.repo.local=/data/tmp-build/cache/m2,10.247562,0,success,
2026-03-29T10:51:06.364372+00:00,apache__commons-io,apache__commons-io,refs/remotes/origin/master,27,4894909618f6ed6d1b21d908706a37215758484d,BoundedReader now extends ProxyReader,maven,mvn -B clean package -DskipTests -Dmaven.repo.local=/data/tmp-build/cache/m2,10.136398,0,success,
2026-03-29T10:51:16.487784+00:00,apache__commons-io,apache__commons-io,refs/remotes/origin/master,28,1534ecf7376a113190be4d2c5a0914631848f587,Rename test variables,maven,mvn -B clean package -DskipTests -Dmaven.repo.local=/data/tmp-build/cache/m2,10.091776,0,success,
2026-03-29T10:51:26.558704+00:00,apache__commons-io,apache__commons-io,refs/remotes/origin/master,29,af79add64463a90193dd8c3d85b476a4fe80cfb5,Javadoc,maven,mvn -B clean package -DskipTests -Dmaven.repo.local=/data/tmp-build/cache/m2,10.038136,0,success,
2026-03-29T10:51:36.773251+00:00,apache__commons-io,apache__commons-io,refs/remotes/origin/master,30,be9252459b6253276d483cce7e2fd7c6d83055b0,Internal refactoring.,maven,mvn -B clean package -DskipTests -Dmaven.repo.local=/data/tmp-build/cache/m2,10.184176,0,success,
2026-03-29T10:51:47.010542+00:00,apache__commons-io,apache__commons-io,refs/remotes/origin/master,31,fc19e67274c64374779365f22bffa537448676be,[IO-887] WriterOutputStream from a builder fails on malformed or unmappable input bytes,maven,mvn -B clean package -DskipTests -Dmaven.repo.local=/data/tmp-build/cache/m2,10.207715,0,success,
2026-03-29T10:51:57.237220+00:00,apache__commons-io,apache__commons-io,refs/remotes/origin/master,32,0e74b70fb17dea292325c66795b223a5a53135e0,[IO-887] WriterOutputStream fails on malformed input by default for malformed or unmappable input bytes,maven,mvn -B clean package -DskipTests -Dmaven.repo.local=/data/tmp-build/cache/m2,10.194901,0,success,
2026-03-29T10:52:07.575292+00:00,apache__commons-io,apache__commons-io,refs/remotes/origin/master,33,1f4332aa64377f3b5e1bd5d56ab48b038b7da70d,[IO-887] WriterOutputStream fails on malformed input by default for Cp850 input bytes.,maven,mvn -B clean package -DskipTests -Dmaven.repo.local=/data/tmp-build/cache/m2,10.307209,0,success,
2026-03-29T10:52:17.944484+00:00,apache__commons-io,apache__commons-io,refs/remotes/origin/master,34,350a4bff8e17bf549300307394922ed8a9c7e158,Javadoc,maven,mvn -B clean package -DskipTests -Dmaven.repo.local=/data/tmp-build/cache/m2,10.337917,0,success,
2026-03-29T10:52:28.138689+00:00,apache__commons-io,apache__commons-io,refs/remotes/origin/master,35,faac3725ab5829fed1797a50d9145d8b5cc16d4d,Javadoc,maven,mvn -B clean package -DskipTests -Dmaven.repo.local=/data/tmp-build/cache/m2,10.160628,0,success,
2026-03-29T10:52:38.370145+00:00,apache__commons-io,apache__commons-io,refs/remotes/origin/master,36,5d98b952ec1d08cd58acccd5a04b77030c2f39f3,Add ProxyWriter.unwrap(),maven,mvn -B clean package -DskipTests -Dmaven.repo.local=/data/tmp-build/cache/m2,10.201994,0,success,
2026-03-29T10:52:48.480480+00:00,apache__commons-io,apache__commons-io,refs/remotes/origin/master,37,a475675f296f1a234f5ba5f8e5f2f9ad12bbafc8,Make ProxyOutputStream.unrwap() public,maven,mvn -B clean package -DskipTests -Dmaven.repo.local=/data/tmp-build/cache/m2,10.078195,0,success,
2026-03-29T10:52:58.675507+00:00,apache__commons-io,apache__commons-io,refs/remotes/origin/master,38,8fb3ee7cbace8b9b622f17261051a3112bcd6efc,Add tests,maven,mvn -B clean package -DskipTests -Dmaven.repo.local=/data/tmp-build/cache/m2,10.163847,0,success,
2026-03-29T10:53:08.839684+00:00,apache__commons-io,apache__commons-io,refs/remotes/origin/master,39,f115b105414c5ae81bc7aeef036147801b4fbd12,Add ProxyReader.setReference(Reader),maven,mvn -B clean package -DskipTests -Dmaven.repo.local=/data/tmp-build/cache/m2,10.131607,0,success,
2026-03-29T10:53:19.014653+00:00,apache__commons-io,apache__commons-io,refs/remotes/origin/master,40,c5b2f7c57a0774ff496fa0669fb9c38b39207476,Bump commons.bytebuddy.version from 1.18.4 to 1.18.7.,maven,mvn -B clean package -DskipTests -Dmaven.repo.local=/data/tmp-build/cache/m2,10.145566,0,success,
2026-03-29T10:53:29.296449+00:00,apache__commons-io,apache__commons-io,refs/remotes/origin/master,41,2ab3e9c374e437d18c594a9f0cca456f23273540,Add ProxyWriter.setReference(Writer),maven,mvn -B clean package -DskipTests -Dmaven.repo.local=/data/tmp-build/cache/m2,10.250991,0,success,
2026-03-29T10:53:39.492941+00:00,apache__commons-io,apache__commons-io,refs/remotes/origin/master,42,56ab3044720d20bacfb32d522e441f69b7358b40,Simplify test names,maven,mvn -B clean package -DskipTests -Dmaven.repo.local=/data/tmp-build/cache/m2,10.164389,0,success,
2026-03-29T10:53:49.794931+00:00,apache__commons-io,apache__commons-io,refs/remotes/origin/master,43,1daddcf711e2845f000bfebd854ea283495db8dd,Remove @SuppressWarnings,maven,mvn -B clean package -DskipTests -Dmaven.repo.local=/data/tmp-build/cache/m2,10.269598,0,success,
2026-03-29T10:54:00.066683+00:00,apache__commons-io,apache__commons-io,refs/remotes/origin/master,44,5edc4f31b15d55f367137cd91dc3f818b7e26032,Comment,maven,mvn -B clean package -DskipTests -Dmaven.repo.local=/data/tmp-build/cache/m2,10.239964,0,success,
2026-03-29T10:54:10.385676+00:00,apache__commons-io,apache__commons-io,refs/remotes/origin/master,45,7d389e09fc1b5975f192e2837c63b5b924e53267,Bump actions/upload-artifact from 6.0.0 to 7.0.0,maven,mvn -B clean package -DskipTests -Dmaven.repo.local=/data/tmp-build/cache/m2,10.289421,0,success,
2026-03-29T10:54:20.620139+00:00,apache__commons-io,apache__commons-io,refs/remotes/origin/master,46,54b29bf04f1673d5ce7ff8666fa6e4ef458a273e,Fix typos in Javadoc of FileUtils and related test classes #833,maven,mvn -B clean package -DskipTests -Dmaven.repo.local=/data/tmp-build/cache/m2,10.204608,0,success,
2026-03-29T10:54:31.007161+00:00,apache__commons-io,apache__commons-io,refs/remotes/origin/master,47,6e463b997c378b456428cd935169dd477d3ed9eb,Fix typos in Javadoc of FileUtils and related test classes (#833),maven,mvn -B clean package -DskipTests -Dmaven.repo.local=/data/tmp-build/cache/m2,10.355016,0,success,
2026-03-29T10:54:41.307157+00:00,apache__commons-io,apache__commons-io,refs/remotes/origin/master,48,4e93f50b398b6e339335e3109f810b53044f9d9d,Bump github/codeql-action from 4.32.5 to 4.32.6,maven,mvn -B clean package -DskipTests -Dmaven.repo.local=/data/tmp-build/cache/m2,10.269011,0,success,
2026-03-29T10:54:51.613613+00:00,apache__commons-io,apache__commons-io,refs/remotes/origin/master,49,23005542ee98b2e171c0aa1ca56a446f3af3859c,Bump github/codeql-action from 4.32.4 to 4.32.5,maven,mvn -B clean package -DskipTests -Dmaven.repo.local=/data/tmp-build/cache/m2,10.27445,0,success,
2026-03-29T10:55:01.853153+00:00,apache__commons-io,apache__commons-io,refs/remotes/origin/master,50,92c4ec4cce0129c971ce56ae3c09fb150b557eb4,Use assertThrows().,maven,mvn -B clean package -DskipTests -Dmaven.repo.local=/data/tmp-build/cache/m2,10.207973,0,success,
2026-03-29T10:55:22.361698+00:00,apache__commons-lang,apache__commons-lang,refs/remotes/origin/master,1,17d5b97222e0bebb6c04c3c3418ddedff26993da,[LANG-1820][javadoc] Fix ObjectUtils.anyNull(Object) for empty arrays,maven,mvn -B clean package -DskipTests -Dmaven.repo.local=/data/tmp-build/cache/m2,19.349067,0,success,
2026-03-29T10:55:40.704756+00:00,apache__commons-lang,apache__commons-lang,refs/remotes/origin/master,2,1d25499cbce483544092bd69521ab62fcfdf775f,[LANG-1820][javadoc] Fix ObjectUtils.anyNull(Object) for empty arrays,maven,mvn -B clean package -DskipTests -Dmaven.repo.local=/data/tmp-build/cache/m2,18.291056,0,success,
2026-03-29T10:55:58.770804+00:00,apache__commons-lang,apache__commons-lang,refs/remotes/origin/master,3,ae89768b9b58be04332ce4cba4d2c27ad2ad3783,Bump github/codeql-action from 4.34.0 to 4.34.1,maven,mvn -B clean package -DskipTests -Dmaven.repo.local=/data/tmp-build/cache/m2,18.007968,0,success,
2026-03-29T10:56:16.783631+00:00,apache__commons-lang,apache__commons-lang,refs/remotes/origin/master,4,088be66cc47df65f628ad044a2685e9046e37b7a,Javadoc,maven,mvn -B clean package -DskipTests -Dmaven.repo.local=/data/tmp-build/cache/m2,17.956051,0,success,
2026-03-29T10:56:34.820796+00:00,apache__commons-lang,apache__commons-lang,refs/remotes/origin/master,5,422ab637736e06076c04a768ce03ecc2e5344937,Javadoc,maven,mvn -B clean package -DskipTests -Dmaven.repo.local=/data/tmp-build/cache/m2,17.980186,0,success,
2026-03-29T10:56:52.738701+00:00,apache__commons-lang,apache__commons-lang,refs/remotes/origin/master,6,e9d7d3508bd825fdce00d673f06968a75bb50b23,Deprecate Validate.Validate().,maven,mvn -B clean package -DskipTests -Dmaven.repo.local=/data/tmp-build/cache/m2,17.860714,0,success,
2026-03-29T10:57:10.770307+00:00,apache__commons-lang,apache__commons-lang,refs/remotes/origin/master,7,ab34e331bb6b0ab3f83b795e12e30a3ff012c3b2,Bump github/codeql-action from 4.32.6 to 4.34.0,maven,mvn -B clean package -DskipTests -Dmaven.repo.local=/data/tmp-build/cache/m2,17.976769,0,success,
2026-03-29T10:57:28.857967+00:00,apache__commons-lang,apache__commons-lang,refs/remotes/origin/master,8,42869864586c8f420dcb0e54b449af39ca62f161,[LANG-1813] ArrayUtils#hashCode() Javadoc incorrectly states “null returns zero” (actual result is 629),maven,mvn -B clean package -DskipTests -Dmaven.repo.local=/data/tmp-build/cache/m2,18.029763,0,success,
2026-03-29T10:57:46.814478+00:00,apache__commons-lang,apache__commons-lang,refs/remotes/origin/master,9,1fa1193bd84840c04f173d14d068a55caf1e4dd3,Add a reference to safe deserlialization,maven,mvn -B clean package -DskipTests -Dmaven.repo.local=/data/tmp-build/cache/m2,17.903087,0,success,
2026-03-29T10:58:05.080141+00:00,apache__commons-lang,apache__commons-lang,refs/remotes/origin/master,10,bd247e45f3edf3d9670398aae63588f2057107ca,Use String.format(),maven,mvn -B clean package -DskipTests -Dmaven.repo.local=/data/tmp-build/cache/m2,18.209419,0,success,
2026-03-29T10:58:23.148461+00:00,apache__commons-lang,apache__commons-lang,refs/remotes/origin/master,11,487ba4d9a60e678be874ceb9274384268bb32a13,Remove link to now malicious site.,maven,mvn -B clean package -DskipTests -Dmaven.repo.local=/data/tmp-build/cache/m2,18.013345,0,success,
2026-03-29T10:58:41.131027+00:00,apache__commons-lang,apache__commons-lang,refs/remotes/origin/master,12,aaf9b51a79273c3bcbf066894ed471ee5037a8fa,Bump actions/upload-artifact from 6.0.0 to 7.0.0,maven,mvn -B clean package -DskipTests -Dmaven.repo.local=/data/tmp-build/cache/m2,17.926739,0,success,
2026-03-29T10:58:59.172533+00:00,apache__commons-lang,apache__commons-lang,refs/remotes/origin/master,13,25918c08edf64b02eef7dd3734b91d770c8344aa,Tests a custom collection and map with EqualsBuilder.reflectionEquals,maven,mvn -B clean package -DskipTests -Dmaven.repo.local=/data/tmp-build/cache/m2,17.983125,0,success,
2026-03-29T10:59:17.111671+00:00,apache__commons-lang,apache__commons-lang,refs/remotes/origin/master,14,a8bc9f3dcf4939075ff9bc13c0dc263e61d8d98e,Better text,maven,mvn -B clean package -DskipTests -Dmaven.repo.local=/data/tmp-build/cache/m2,17.886219,0,success,
2026-03-29T10:59:34.878492+00:00,apache__commons-lang,apache__commons-lang,refs/remotes/origin/master,15,16f30b4c0fa04c49ab54a02224b47ed7aed2d467,[LANG-1819] Javadoc ArrayUtils.removeAll() null input behavior,maven,mvn -B clean package -DskipTests -Dmaven.repo.local=/data/tmp-build/cache/m2,17.714137,0,success,
2026-03-29T10:59:52.933483+00:00,apache__commons-lang,apache__commons-lang,refs/remotes/origin/master,16,c28cc55f0db71abcd82b6a8606dfa29d6ed73f92,LANG-1819: Fix ArrayUtils.removeAll() Javadoc for null array input (#1614),maven,mvn -B clean package -DskipTests -Dmaven.repo.local=/data/tmp-build/cache/m2,18.00024,0,success,
2026-03-29T11:00:10.843709+00:00,apache__commons-lang,apache__commons-lang,refs/remotes/origin/master,17,7f07c8273b517c0a0bbdb1eda8156a87b51086b9,Bump github/codeql-action from 4.32.5 to 4.32.6,maven,mvn -B clean package -DskipTests -Dmaven.repo.local=/data/tmp-build/cache/m2,17.853304,0,success,
2026-03-29T11:00:29.118738+00:00,apache__commons-lang,apache__commons-lang,refs/remotes/origin/master,18,ca21966b93b6cc43ce2ec3a37018921d66251ac2,Internal refactoring,maven,mvn -B clean package -DskipTests -Dmaven.repo.local=/data/tmp-build/cache/m2,18.219319,0,success,
2026-03-29T11:00:47.200539+00:00,apache__commons-lang,apache__commons-lang,refs/remotes/origin/master,19,ede2d7ea65fa115e0a2c943b5ab4e2114a3a71be,Javadoc,maven,mvn -B clean package -DskipTests -Dmaven.repo.local=/data/tmp-build/cache/m2,18.028251,0,success,
2026-03-29T11:01:05.098801+00:00,apache__commons-lang,apache__commons-lang,refs/remotes/origin/master,20,677e57f56bfae93af520637d47a615013c930266,Fix NullPointerException in StopWatch.getStopTime(),maven,mvn -B clean package -DskipTests -Dmaven.repo.local=/data/tmp-build/cache/m2,17.843188,0,success,
2026-03-29T11:01:23.178926+00:00,apache__commons-lang,apache__commons-lang,refs/remotes/origin/master,21,db1352609787ccdbb2e34be9e7d2e647eacc91cc,Fix StopWatch's stopInstant match stopTimeNanos when split is called #1610,maven,mvn -B clean package -DskipTests -Dmaven.repo.local=/data/tmp-build/cache/m2,18.026634,0,success,
2026-03-29T11:01:41.222065+00:00,apache__commons-lang,apache__commons-lang,refs/remotes/origin/master,22,aa47951bd0223d674d2b85d06ccc6f7f1749a682,fix: Make stopInstant be in sync with stopTimeNanos for split (#1610),maven,mvn -B clean package -DskipTests -Dmaven.repo.local=/data/tmp-build/cache/m2,17.99145,0,success,
2026-03-29T11:01:59.196324+00:00,apache__commons-lang,apache__commons-lang,refs/remotes/origin/master,23,185edc4b8594e20d81baad65a199a211e2137616,Bump github/codeql-action from 4.32.4 to 4.32.5,maven,mvn -B clean package -DskipTests -Dmaven.repo.local=/data/tmp-build/cache/m2,17.918251,0,success,
2026-03-29T11:02:17.204710+00:00,apache__commons-lang,apache__commons-lang,refs/remotes/origin/master,24,78dc56503a5d430a761ad29974571b90bbf3df84,Bump org.apache.commons:commons-parent from 96 to 97.,maven,mvn -B clean package -DskipTests -Dmaven.repo.local=/data/tmp-build/cache/m2,17.954878,0,success,
2026-03-29T11:02:35.266260+00:00,apache__commons-lang,apache__commons-lang,refs/remotes/origin/master,25,a4dd12fb8f1d22077a20f4d63046572ebb92bf7b,Bump github/codeql-action from 4.32.0 to 4.32.4,maven,mvn -B clean package -DskipTests -Dmaven.repo.local=/data/tmp-build/cache/m2,18.007065,0,success,
2026-03-29T11:02:53.368432+00:00,apache__commons-lang,apache__commons-lang,refs/remotes/origin/master,26,31844842416cf04d8fe3a0c4bf266778faec6842,Reuse constants,maven,mvn -B clean package -DskipTests -Dmaven.repo.local=/data/tmp-build/cache/m2,18.046355,0,success,
2026-03-29T11:03:11.219452+00:00,apache__commons-lang,apache__commons-lang,refs/remotes/origin/master,27,36e941d186e2b9d90b116022cee862ced6258225,[LANG-771] DateUtils.ceiling does not behave correctly for dates on the boundaries,maven,mvn -B clean package -DskipTests -Dmaven.repo.local=/data/tmp-build/cache/m2,17.795445,0,success,
2026-03-29T11:03:29.223842+00:00,apache__commons-lang,apache__commons-lang,refs/remotes/origin/master,28,a9a0dd8a72c51b14f0e5ea4bddfbf228685ff977,LANG-771 Fix DateUtils.ceiling increment on exact boundary (#1609),maven,mvn -B clean package -DskipTests -Dmaven.repo.local=/data/tmp-build/cache/m2,17.948576,0,success,
2026-03-29T11:03:47.160718+00:00,apache__commons-lang,apache__commons-lang,refs/remotes/origin/master,29,b56c6882fb2d1bb3eb21adea3ae95c3856ea4b5c,Add test assertions for the max date.,maven,mvn -B clean package -DskipTests -Dmaven.repo.local=/data/tmp-build/cache/m2,17.880761,0,success,
2026-03-29T11:04:05.027025+00:00,apache__commons-lang,apache__commons-lang,refs/remotes/origin/master,30,f00b0b23f653e6641a284eae302c31337944806c,Add assertions for the max Date,maven,mvn -B clean package -DskipTests -Dmaven.repo.local=/data/tmp-build/cache/m2,17.811507,0,success,
2026-03-29T11:04:23.126674+00:00,apache__commons-lang,apache__commons-lang,refs/remotes/origin/master,31,d4d25fd8165ef0e701e95ae032449d0b2962c3d6,Add assertions for the max Date,maven,mvn -B clean package -DskipTests -Dmaven.repo.local=/data/tmp-build/cache/m2,18.043277,0,success,
2026-03-29T11:04:41.162908+00:00,apache__commons-lang,apache__commons-lang,refs/remotes/origin/master,32,a6fd5ccd77b145ca45fdb9b7637cfdfa3fa0b7a6,Javadoc,maven,mvn -B clean package -DskipTests -Dmaven.repo.local=/data/tmp-build/cache/m2,17.981321,0,success,
2026-03-29T11:04:59.237107+00:00,apache__commons-lang,apache__commons-lang,refs/remotes/origin/master,33,c62d9f73c6ea5dcbc716f34e798ae88f91889ca6,Reduce visibility of test classes and methods per JUnit 5 conventions,maven,mvn -B clean package -DskipTests -Dmaven.repo.local=/data/tmp-build/cache/m2,18.022426,0,success,
2026-03-29T11:05:17.289855+00:00,apache__commons-lang,apache__commons-lang,refs/remotes/origin/master,34,41ff88094519308750fdcca6b1f7525550bde55f,Adjust Javadoc since tags,maven,mvn -B clean package -DskipTests -Dmaven.repo.local=/data/tmp-build/cache/m2,17.997751,0,success,
2026-03-29T11:05:35.324448+00:00,apache__commons-lang,apache__commons-lang,refs/remotes/origin/master,35,32b2d92ca330dca1d3ac3951bc870a21bceb2334,Javadoc,maven,mvn -B clean package -DskipTests -Dmaven.repo.local=/data/tmp-build/cache/m2,17.981719,0,success,
2026-03-29T11:05:53.346043+00:00,apache__commons-lang,apache__commons-lang,refs/remotes/origin/master,36,7489d6e21334673dc56399de7decaaa00f11ebcf,CharSet now maintains iteration order,maven,mvn -B clean package -DskipTests -Dmaven.repo.local=/data/tmp-build/cache/m2,17.965084,0,success,
2026-03-29T11:06:11.314744+00:00,apache__commons-lang,apache__commons-lang,refs/remotes/origin/master,37,b3cd50b19e89792fa587bea3fa7d79709ab46c48,[Javadoc] Add usage examples to CharSet.contains(char) #1605,maven,mvn -B clean package -DskipTests -Dmaven.repo.local=/data/tmp-build/cache/m2,17.912467,0,success,
2026-03-29T11:06:29.296397+00:00,apache__commons-lang,apache__commons-lang,refs/remotes/origin/master,38,2eca27e38219fadb4b685024d6065680e1f71000,[Javadoc]: Add usage examples to `CharSet.contains` Javadoc (#1605),maven,mvn -B clean package -DskipTests -Dmaven.repo.local=/data/tmp-build/cache/m2,17.925569,0,success,
2026-03-29T11:06:47.226834+00:00,apache__commons-lang,apache__commons-lang,refs/remotes/origin/master,39,7ebab00f402277ef061410a7a51deb9c3e5aa93b,Disable debug output in org.apache.commons.lang3.math.NumberUtilsTest,maven,mvn -B clean package -DskipTests -Dmaven.repo.local=/data/tmp-build/cache/m2,17.874713,0,success,
2026-03-29T11:07:05.220375+00:00,apache__commons-lang,apache__commons-lang,refs/remotes/origin/master,40,0a40edb3adaa61ba77523da04ba4595946c836ff,Bump github/codeql-action from 4.32.2 to 4.32.3,maven,mvn -B clean package -DskipTests -Dmaven.repo.local=/data/tmp-build/cache/m2,17.938023,0,success,
2026-03-29T11:07:23.165861+00:00,apache__commons-lang,apache__commons-lang,refs/remotes/origin/master,41,25adf415c4acb943310def123b5d6c0e61c8c0e5,Normalize Javadoc spelling,maven,mvn -B clean package -DskipTests -Dmaven.repo.local=/data/tmp-build/cache/m2,17.893218,0,success,
2026-03-29T11:07:41.050629+00:00,apache__commons-lang,apache__commons-lang,refs/remotes/origin/master,42,595705d9a97cec393c2161e3f6ca21c1358bfeb8,Remove unnecessary lambda block,maven,mvn -B clean package -DskipTests -Dmaven.repo.local=/data/tmp-build/cache/m2,17.828761,0,success,
2026-03-29T11:07:59.022919+00:00,apache__commons-lang,apache__commons-lang,refs/remotes/origin/master,43,ef871ec905b71b0e01371fd16f0007a967c6c98d,Remove empty lines,maven,mvn -B clean package -DskipTests -Dmaven.repo.local=/data/tmp-build/cache/m2,17.917979,0,success,
2026-03-29T11:08:17.067656+00:00,apache__commons-lang,apache__commons-lang,refs/remotes/origin/master,44,1875db4f71db52f5a741368cc6a6a6a89883427b,Add test coverage for negative-day adjustment in DurationFormatUtils #1596,maven,mvn -B clean package -DskipTests -Dmaven.repo.local=/data/tmp-build/cache/m2,17.988083,0,success,
2026-03-29T11:08:35.159959+00:00,apache__commons-lang,apache__commons-lang,refs/remotes/origin/master,45,da6d3371c053be80e6d57c969105fcca9999b0af,Add test coverage for negative-day adjustment in DurationFormatUtils (#1596),maven,mvn -B clean package -DskipTests -Dmaven.repo.local=/data/tmp-build/cache/m2,18.037569,0,success,
2026-03-29T11:08:53.061904+00:00,apache__commons-lang,apache__commons-lang,refs/remotes/origin/master,46,cfaaa2377e4b67981f17f7dd4336f89643ae893e,"ix StringUtils.abbreviate(String, String, int) contract violations #1572.",maven,mvn -B clean package -DskipTests -Dmaven.repo.local=/data/tmp-build/cache/m2,17.849092,0,success,
2026-03-29T11:09:11.100153+00:00,apache__commons-lang,apache__commons-lang,refs/remotes/origin/master,47,4a6a98432f57e6286ba48777268a26b68dfd9547,"StringUtils.abbreviate(String, String, int) contract violations (#1572)",maven,mvn -B clean package -DskipTests -Dmaven.repo.local=/data/tmp-build/cache/m2,17.981044,0,success,
2026-03-29T11:09:29.103766+00:00,apache__commons-lang,apache__commons-lang,refs/remotes/origin/master,48,e23f95374d89c828562c788b8373609d46dd5b07,Bump actions/cache from 5.0.2 to 5.0.3,maven,mvn -B clean package -DskipTests -Dmaven.repo.local=/data/tmp-build/cache/m2,17.944312,0,success,
2026-03-29T11:09:47.148566+00:00,apache__commons-lang,apache__commons-lang,refs/remotes/origin/master,49,21b1c297d4da30b4b973d92077244959387dafc7,[LANG-1817] UncheckedFutureImpl clears thread interrupt status when wrapping InterruptedException.,maven,mvn -B clean package -DskipTests -Dmaven.repo.local=/data/tmp-build/cache/m2,17.991504,0,success,
2026-03-29T11:10:05.164542+00:00,apache__commons-lang,apache__commons-lang,refs/remotes/origin/master,50,fa392404994e3e505317f2babf78560363da2330,[LANG-1817] UncheckedFutureImpl clears thread interrupt status when wrapping InterruptedException.,maven,mvn -B clean package -DskipTests -Dmaven.repo.local=/data/tmp-build/cache/m2,17.959144,0,success,
2026-03-29T11:10:16.114319+00:00,apache__commons-logging,apache__commons-logging,refs/remotes/origin/master,1,8eec28d1dfa854b3977ea52994690e06895583d7,Bump log4j2.version from 2.24.3 to 2.24.5,maven,mvn -B clean package -DskipTests -Dmaven.repo.local=/data/tmp-build/cache/m2,9.916465,0,success,
2026-03-29T11:10:22.699126+00:00,apache__commons-logging,apache__commons-logging,refs/remotes/origin/master,2,d0ef4fd0ae088f0a924df6bcdf7d14d4d7ab5166,Bump github/codeql-action from 4.34.0 to 4.34.1,maven,mvn -B clean package -DskipTests -Dmaven.repo.local=/data/tmp-build/cache/m2,6.559972,0,success,
2026-03-29T11:10:28.655829+00:00,apache__commons-logging,apache__commons-logging,refs/remotes/origin/master,3,c1e206f816f4e210301c65ff3efeba7796424882,Bump github/codeql-action from 4.32.6 to 4.34.0,maven,mvn -B clean package -DskipTests -Dmaven.repo.local=/data/tmp-build/cache/m2,5.941615,0,success,
2026-03-29T11:10:34.604466+00:00,apache__commons-logging,apache__commons-logging,refs/remotes/origin/master,4,434e82ba443a5298359150cfcb439fca9ae45593,Add a reference to safe deserlialization,maven,mvn -B clean package -DskipTests -Dmaven.repo.local=/data/tmp-build/cache/m2,5.93321,0,success,
2026-03-29T11:10:40.470558+00:00,apache__commons-logging,apache__commons-logging,refs/remotes/origin/master,5,c86f7c17d467b77092a3f5776503804fc0cb2e6f,Bump actions/upload-artifact from 6.0.0 to 7.0.0,maven,mvn -B clean package -DskipTests -Dmaven.repo.local=/data/tmp-build/cache/m2,5.851051,0,success,
2026-03-29T11:10:46.303147+00:00,apache__commons-logging,apache__commons-logging,refs/remotes/origin/master,6,5dce7fbf2d20e73f8ec2c88385d4167916d4832e,Use the new Apache oak leaf logo,maven,mvn -B clean package -DskipTests -Dmaven.repo.local=/data/tmp-build/cache/m2,5.817767,0,success,
2026-03-29T11:10:52.339836+00:00,apache__commons-logging,apache__commons-logging,refs/remotes/origin/master,7,9182136b0a2242183fcbcf584dcede502b48feb7,Updates for the next release,maven,mvn -B clean package -DskipTests -Dmaven.repo.local=/data/tmp-build/cache/m2,6.022314,0,success,
2026-03-29T11:10:58.345193+00:00,apache__commons-logging,apache__commons-logging,refs/remotes/origin/master,8,91dcf976c31090a093cc81238bc80c48f2c37c10,Use new Apache oak leaf logo.,maven,mvn -B clean package -DskipTests -Dmaven.repo.local=/data/tmp-build/cache/m2,5.988218,0,success,
2026-03-29T11:11:04.143885+00:00,apache__commons-logging,apache__commons-logging,refs/remotes/origin/master,9,2cc0e616b508b106e126d6895f81ad217b5e157f,Updates for the next release,maven,mvn -B clean package -DskipTests -Dmaven.repo.local=/data/tmp-build/cache/m2,5.781667,0,success,
2026-03-29T11:11:09.948378+00:00,apache__commons-logging,apache__commons-logging,refs/remotes/origin/master,10,b3096c507014302d3eb30f3887554ebe300df434,Merge branch 'release',maven,mvn -B clean package -DskipTests -Dmaven.repo.local=/data/tmp-build/cache/m2,5.786939,0,success,
2026-03-29T11:11:15.860028+00:00,apache__commons-logging,apache__commons-logging,refs/remotes/origin/master,11,83c7ab7d3a67a1ec14ca1636d937279bc7c1596c,Bump github/codeql-action from 4.32.5 to 4.32.6,maven,mvn -B clean package -DskipTests -Dmaven.repo.local=/data/tmp-build/cache/m2,5.895991,0,success,
2026-03-29T11:11:21.777634+00:00,apache__commons-logging,apache__commons-logging,refs/remotes/origin/master,12,05cbf46ae4aad9eb11510ab589fc9a37080001eb,Prepare for release,maven,mvn -B clean package -DskipTests -Dmaven.repo.local=/data/tmp-build/cache/m2,5.901833,0,success,
2026-03-29T11:11:27.752932+00:00,apache__commons-logging,apache__commons-logging,refs/remotes/origin/master,13,3ea5f4dfb225f378e5a97c5399d45ee7922f9d86,Prepare for the next release candidate,maven,mvn -B clean package -DskipTests -Dmaven.repo.local=/data/tmp-build/cache/m2,5.960402,0,success,
2026-03-29T11:11:33.662030+00:00,apache__commons-logging,apache__commons-logging,refs/remotes/origin/master,14,d8e5e8069869ebe37ad969088d0ca9411d0ace11,Simplify,maven,mvn -B clean package -DskipTests -Dmaven.repo.local=/data/tmp-build/cache/m2,5.892902,0,success,
2026-03-29T11:11:39.569978+00:00,apache__commons-logging,apache__commons-logging,refs/remotes/origin/master,15,694754e71498cddbaf77bcc1612e9184a176dd3f,Simpler description.,maven,mvn -B clean package -DskipTests -Dmaven.repo.local=/data/tmp-build/cache/m2,5.891624,0,success,
2026-03-29T11:11:45.598821+00:00,apache__commons-logging,apache__commons-logging,refs/remotes/origin/master,16,97e7660e5fe43e7c1169cc4f3e2b92629f4dd3fd,"Fix log level in Slf4jLogFactory.error(Object, Throwable) #416",maven,mvn -B clean package -DskipTests -Dmaven.repo.local=/data/tmp-build/cache/m2,6.013445,0,success,
2026-03-29T11:11:51.557274+00:00,apache__commons-logging,apache__commons-logging,refs/remotes/origin/master,17,07452cca430f2deb176571b41e841f44839c8f64,fix LogLevel (#416),maven,mvn -B clean package -DskipTests -Dmaven.repo.local=/data/tmp-build/cache/m2,5.943312,0,success,
2026-03-29T11:11:57.497528+00:00,apache__commons-logging,apache__commons-logging,refs/remotes/origin/master,18,c8c20dec5e5bb7603c8e8639a6346f3490722dd9,Bump github/codeql-action from 4.32.4 to 4.32.5,maven,mvn -B clean package -DskipTests -Dmaven.repo.local=/data/tmp-build/cache/m2,5.924211,0,success,
2026-03-29T11:12:03.495512+00:00,apache__commons-logging,apache__commons-logging,refs/remotes/origin/master,19,b879d3e76a738c0aec6ce9cb151f0176cd218537,Bump org.apache.commons:commons-parent from 96 to 97.,maven,mvn -B clean package -DskipTests -Dmaven.repo.local=/data/tmp-build/cache/m2,5.982685,0,success,
2026-03-29T11:12:09.468857+00:00,apache__commons-logging,apache__commons-logging,refs/remotes/origin/master,20,5b2e759ee1ba7b18d53f13f085d8680b7dcf11f2,Add security page.,maven,mvn -B clean package -DskipTests -Dmaven.repo.local=/data/tmp-build/cache/m2,5.957482,0,success,
2026-03-29T11:12:15.394336+00:00,apache__commons-logging,apache__commons-logging,refs/remotes/origin/master,21,8a365c4f9883e1c424114411429208421bcd31e7,Bump github/codeql-action from 4.32.0 to 4.32.4,maven,mvn -B clean package -DskipTests -Dmaven.repo.local=/data/tmp-build/cache/m2,5.909969,0,success,
2026-03-29T11:12:21.230629+00:00,apache__commons-logging,apache__commons-logging,refs/remotes/origin/master,22,ae05f6c4fd081e87aa7ddad7f27154ae21a6378f,Bump github/codeql-action from 4.32.2 to 4.32.3,maven,mvn -B clean package -DskipTests -Dmaven.repo.local=/data/tmp-build/cache/m2,5.82095,0,success,
2026-03-29T11:12:27.015634+00:00,apache__commons-logging,apache__commons-logging,refs/remotes/origin/master,23,69fb5de0463ef9c383586d51c9e8fb9b14daa481,Normalize Javadoc spelling,maven,mvn -B clean package -DskipTests -Dmaven.repo.local=/data/tmp-build/cache/m2,5.770083,0,success,
2026-03-29T11:12:32.960573+00:00,apache__commons-logging,apache__commons-logging,refs/remotes/origin/master,24,073c5c70670233cb365113547bcb85e2fee96ff4,Bump actions/cache from 5.0.2 to 5.0.3,maven,mvn -B clean package -DskipTests -Dmaven.repo.local=/data/tmp-build/cache/m2,5.927917,0,success,
2026-03-29T11:12:38.934035+00:00,apache__commons-logging,apache__commons-logging,refs/remotes/origin/master,25,564a603c220f354a677296dff16aa38ef30db9e7,Use 	max-parallel: 20 as asked by Apache Infra,maven,mvn -B clean package -DskipTests -Dmaven.repo.local=/data/tmp-build/cache/m2,5.958482,0,success,
2026-03-29T11:12:44.779404+00:00,apache__commons-logging,apache__commons-logging,refs/remotes/origin/master,26,9d027d989836c406495a629705b2b0d8bf21b342,Bump github/codeql-action from 4.32.0 to 4.32.2,maven,mvn -B clean package -DskipTests -Dmaven.repo.local=/data/tmp-build/cache/m2,5.830666,0,success,
2026-03-29T11:12:50.695287+00:00,apache__commons-logging,apache__commons-logging,refs/remotes/origin/master,27,90d22ce4905c1c131d479ea277f35caf1313d2c0,Test utility now restores the current thread's interrupt flag after catching InterruptedException,maven,mvn -B clean package -DskipTests -Dmaven.repo.local=/data/tmp-build/cache/m2,5.900276,0,success,
2026-03-29T11:12:56.605072+00:00,apache__commons-logging,apache__commons-logging,refs/remotes/origin/master,28,b48323823b7dddc4f8a500ec1a239d4d88c6746e,Bump github/codeql-action from 4.31.11 to 4.32.0,maven,mvn -B clean package -DskipTests -Dmaven.repo.local=/data/tmp-build/cache/m2,5.895168,0,success,
2026-03-29T11:13:02.605682+00:00,apache__commons-logging,apache__commons-logging,refs/remotes/origin/master,29,5030d2ae6f8eabaf1a513bb845df32544b3e0de0,Bump github/codeql-action from 4.31.10 to 4.31.11,maven,mvn -B clean package -DskipTests -Dmaven.repo.local=/data/tmp-build/cache/m2,5.985629,0,success,
2026-03-29T11:13:08.556475+00:00,apache__commons-logging,apache__commons-logging,refs/remotes/origin/master,30,69896fc407e77580fd1cf4fd59bcd9b6f0727e72,Bump actions/checkout from 6.0.1 to 6.0.2,maven,mvn -B clean package -DskipTests -Dmaven.repo.local=/data/tmp-build/cache/m2,5.936128,0,success,
2026-03-29T11:13:14.520468+00:00,apache__commons-logging,apache__commons-logging,refs/remotes/origin/master,31,b8b1078a51518b9e20965d90b843bbe263184a55,Bump org.apache.commons:commons-parent from 95 to 96.,maven,mvn -B clean package -DskipTests -Dmaven.repo.local=/data/tmp-build/cache/m2,5.947908,0,success,
2026-03-29T11:13:20.790448+00:00,apache__commons-logging,apache__commons-logging,refs/remotes/origin/master,32,b3f5309f52b5dbd39b6276e660ab0a34725469c1,Bump actions/setup-java from 5.1.0 to 5.2.0,maven,mvn -B clean package -DskipTests -Dmaven.repo.local=/data/tmp-build/cache/m2,6.25393,0,success,
2026-03-29T11:13:26.671540+00:00,apache__commons-logging,apache__commons-logging,refs/remotes/origin/master,33,b37d948dcd84b47b240a0f048320d641cf265d90,Bump org.apache.commons:commons-parent from 94 to 95.,maven,mvn -B clean package -DskipTests -Dmaven.repo.local=/data/tmp-build/cache/m2,5.864993,0,success,
2026-03-29T11:13:32.927747+00:00,apache__commons-logging,apache__commons-logging,refs/remotes/origin/master,34,8cd7c0255118fc0434869747cafd18bc1701a817,Bump github/codeql-action from 4.31.9 to 4.31.10,maven,mvn -B clean package -DskipTests -Dmaven.repo.local=/data/tmp-build/cache/m2,6.240799,0,success,
2026-03-29T11:13:38.782473+00:00,apache__commons-logging,apache__commons-logging,refs/remotes/origin/master,35,8854905974c034fa06c14cf124adf0450aad01c4,"Use a code comment, not Javadoc inside a method",maven,mvn -B clean package -DskipTests -Dmaven.repo.local=/data/tmp-build/cache/m2,5.839762,0,success,
2026-03-29T11:13:44.776406+00:00,apache__commons-logging,apache__commons-logging,refs/remotes/origin/master,36,c290185fc25a5de91eb191a37fa4fb889758fb12,"Use a code comment, not Javadoc inside a method",maven,mvn -B clean package -DskipTests -Dmaven.repo.local=/data/tmp-build/cache/m2,5.978739,0,success,
2026-03-29T11:13:50.770376+00:00,apache__commons-logging,apache__commons-logging,refs/remotes/origin/master,37,2fe09f7ebed2be844cf79f3ea82be49701071eba,Bump org.apache.commons:commons-parent from 93 to 94,maven,mvn -B clean package -DskipTests -Dmaven.repo.local=/data/tmp-build/cache/m2,5.97911,0,success,
2026-03-29T11:13:56.642424+00:00,apache__commons-logging,apache__commons-logging,refs/remotes/origin/master,38,dc158f250299564050b1b69369d965a7d949d6ae,Fix XML Schema xsi:schemaLocation name (as opposed to URI),maven,mvn -B clean package -DskipTests -Dmaven.repo.local=/data/tmp-build/cache/m2,5.855734,0,success,
2026-03-29T11:14:02.569478+00:00,apache__commons-logging,apache__commons-logging,refs/remotes/origin/master,39,565ac408943a42a077d21854fcffd62da4bc5f5e,Bump actions/checkout from 5.0.0 to 6.0.1 (#413),maven,mvn -B clean package -DskipTests -Dmaven.repo.local=/data/tmp-build/cache/m2,5.911034,0,success,
2026-03-29T11:14:08.618746+00:00,apache__commons-logging,apache__commons-logging,refs/remotes/origin/master,40,07efd019d405718e8e561e49ee473769ec6ed792,Javadoc: Empty Javadoc line before the 1st tag.,maven,mvn -B clean package -DskipTests -Dmaven.repo.local=/data/tmp-build/cache/m2,6.032127,0,success,
2026-03-29T11:14:14.674338+00:00,apache__commons-logging,apache__commons-logging,refs/remotes/origin/master,41,8e72e3e1de3fea1e21daa71cece4a45c27d96717,Bump notice file end year from 2025 to 2026,maven,mvn -B clean package -DskipTests -Dmaven.repo.local=/data/tmp-build/cache/m2,6.039772,0,success,
2026-03-29T11:14:20.654068+00:00,apache__commons-logging,apache__commons-logging,refs/remotes/origin/master,42,69fbbac3a569e908bab609143e3fbb564e0894db,Javadoc: Fix double the,maven,mvn -B clean package -DskipTests -Dmaven.repo.local=/data/tmp-build/cache/m2,5.962969,0,success,
2026-03-29T11:14:26.628758+00:00,apache__commons-logging,apache__commons-logging,refs/remotes/origin/master,43,d114c8f41721a43accef212e809d07b997ec549d,Use final,maven,mvn -B clean package -DskipTests -Dmaven.repo.local=/data/tmp-build/cache/m2,5.959865,0,success,
2026-03-29T11:14:32.407564+00:00,apache__commons-logging,apache__commons-logging,refs/remotes/origin/master,44,bf45cbfef5145ea6cfdd1943df985a47b44e2d06,Bump org.apache.logging.log4j:log4j-core from 2.25.2 to 2.25.3 #412,maven,mvn -B clean package -DskipTests -Dmaven.repo.local=/data/tmp-build/cache/m2,5.762937,0,success,
2026-03-29T11:14:38.348073+00:00,apache__commons-logging,apache__commons-logging,refs/remotes/origin/master,45,5a76128d50e9d9fa324858c40e1fb789463bc527,Bump org.apache.logging.log4j:log4j-core from 2.25.2 to 2.25.3 (#412),maven,mvn -B clean package -DskipTests -Dmaven.repo.local=/data/tmp-build/cache/m2,5.92408,0,success,
2026-03-29T11:14:45.472755+00:00,apache__commons-logging,apache__commons-logging,refs/remotes/origin/master,46,0a309f16aa0245d2fe57ef42f4d10b213dcfd9c4,Bump actions/upload-artifact from 5.0.0 to 6.0.0,maven,mvn -B clean package -DskipTests -Dmaven.repo.local=/data/tmp-build/cache/m2,7.107699,0,success,
2026-03-29T11:14:51.268306+00:00,apache__commons-logging,apache__commons-logging,refs/remotes/origin/master,47,837aa2ada5a82b5911598497e7137215bba61c80,Bump ch.qos.logback:logback-core from 1.3.14 to 1.3.16 #411,maven,mvn -B clean package -DskipTests -Dmaven.repo.local=/data/tmp-build/cache/m2,5.780904,0,success,
2026-03-29T11:14:57.170386+00:00,apache__commons-logging,apache__commons-logging,refs/remotes/origin/master,48,c1c10e6ece2727570f6485b9a24b49ba58da9068,Bump ch.qos.logback:logback-core from 1.3.14 to 1.3.16 (#411),maven,mvn -B clean package -DskipTests -Dmaven.repo.local=/data/tmp-build/cache/m2,5.887462,0,success,
2026-03-29T11:15:03.608315+00:00,apache__commons-logging,apache__commons-logging,refs/remotes/origin/master,49,152b5e02851c33975a3c406fce943703379ba84b,Bump github/codeql-action from 4.31.8 to 4.31.9,maven,mvn -B clean package -DskipTests -Dmaven.repo.local=/data/tmp-build/cache/m2,6.423015,0,success,
2026-03-29T11:15:09.562089+00:00,apache__commons-logging,apache__commons-logging,refs/remotes/origin/master,50,8dd841681f0ce043c5700005d4548d4fa9f2753c,Fix malformed Javadoc comments,maven,mvn -B clean package -DskipTests -Dmaven.repo.local=/data/tmp-build/cache/m2,5.93849,0,success,
2026-03-29T11:15:40.739221+00:00,apache__httpcomponents-client,apache__httpcomponents-client,refs/remotes/origin/master,1,558d851b8512c6163ce324f9ad765b39286d8faa,"HTTPCLIENT-973:implement RFC-compliant WebSocket support. Add full WebSocket implementation with RFC 6455/7692 framing, close handshake, UTF‑8 validation, and RFC 8441 Extended CONNECT for HTTP/2, plus tests and examples.",maven,sh ./mvnw -B clean package -DskipTests -Dmaven.repo.local=/data/tmp-build/cache/m2,30.208137,0,success,
2026-03-29T11:15:59.691928+00:00,apache__httpcomponents-client,apache__httpcomponents-client,refs/remotes/origin/master,2,89669060b9688104054630fd8609528117a05428,Bug-fix: corrects message exchange cancellation logic in InternalHttpAsyncExecRuntime,maven,sh ./mvnw -B clean package -DskipTests -Dmaven.repo.local=/data/tmp-build/cache/m2,18.841537,0,success,
2026-03-29T11:16:18.597945+00:00,apache__httpcomponents-client,apache__httpcomponents-client,refs/remotes/origin/master,3,1aac37625715cfa1faf4ccf824f3cec95b628ba2,Upgrade to apache-rat-plugin 0.18,maven,sh ./mvnw -B clean package -DskipTests -Dmaven.repo.local=/data/tmp-build/cache/m2,18.858061,0,success,
2026-03-29T11:16:37.146721+00:00,apache__httpcomponents-client,apache__httpcomponents-client,refs/remotes/origin/master,4,63c5ebd813a489fbb4e312e0bdeec5fd4ceefcfc,Require Java 17+ for Maven runtime,maven,sh ./mvnw -B clean package -DskipTests -Dmaven.repo.local=/data/tmp-build/cache/m2,18.496643,0,success,
2026-03-29T11:16:56.563617+00:00,apache__httpcomponents-client,apache__httpcomponents-client,refs/remotes/origin/master,5,323251c69c4e56689c0e962995271403f5693bd2,Apply response timeout to H2 streams,maven,sh ./mvnw -B clean package -DskipTests -Dmaven.repo.local=/data/tmp-build/cache/m2,19.361723,0,success,
2026-03-29T11:17:15.196535+00:00,apache__httpcomponents-client,apache__httpcomponents-client,refs/remotes/origin/master,6,9a2a24bdc2e7f1ae8750194ec5b2f9cd79728d38,Upgraded HttpCore to version 5.5-alpha1,maven,sh ./mvnw -B clean package -DskipTests -Dmaven.repo.local=/data/tmp-build/cache/m2,18.579137,0,success,
2026-03-29T11:17:35.406153+00:00,apache__httpcomponents-client,apache__httpcomponents-client,refs/remotes/origin/master,7,4325ba13a5b470ded091e5c977f4562295cb36bd,Fixed project url in POM,maven,sh ./mvnw -B clean package -DskipTests -Dmaven.repo.local=/data/tmp-build/cache/m2,20.154875,0,success,
2026-03-29T11:17:54.264380+00:00,apache__httpcomponents-client,apache__httpcomponents-client,refs/remotes/origin/master,8,09ff1889885f56812443f127a8a69f2d06b79f23,HTTPCLIENT-2417 Honor TlsConfig attachment in async connect path,maven,sh ./mvnw -B clean package -DskipTests -Dmaven.repo.local=/data/tmp-build/cache/m2,18.805253,0,success,
2026-03-29T11:18:13.201987+00:00,apache__httpcomponents-client,apache__httpcomponents-client,refs/remotes/origin/master,9,795ef1fb55b76ffe64a095a93c8352e6a732a6e2,Update Maven wrapper,maven,sh ./mvnw -B clean package -DskipTests -Dmaven.repo.local=/data/tmp-build/cache/m2,18.879777,0,success,
2026-03-29T11:18:31.996206+00:00,apache__httpcomponents-client,apache__httpcomponents-client,refs/remotes/origin/master,10,cee67d86809aa23577968f9e7e7bf922a9892512,Connection managers to unwrap DeadlineTimeoutException from ExecutionException and propagate it to the caller,maven,sh ./mvnw -B clean package -DskipTests -Dmaven.repo.local=/data/tmp-build/cache/m2,18.738035,0,success,
2026-03-29T11:18:50.800469+00:00,apache__httpcomponents-client,apache__httpcomponents-client,refs/remotes/origin/master,11,08f3fdcdd33846aa3919ae969cac7d7318e4d60c,TestConnectionManagement test setup improvements,maven,sh ./mvnw -B clean package -DskipTests -Dmaven.repo.local=/data/tmp-build/cache/m2,18.750876,0,success,
2026-03-29T11:19:09.510133+00:00,apache__httpcomponents-client,apache__httpcomponents-client,refs/remotes/origin/master,12,8290f5ac52c436ea18520a7215cce67de1735773,BasicCookieStore: preserve creation time on cookie replacement Required by RFC 6265 Section 5.3; affects cookie ordering (Section 5.4),maven,sh ./mvnw -B clean package -DskipTests -Dmaven.repo.local=/data/tmp-build/cache/m2,18.657428,0,success,
2026-03-29T11:19:28.167298+00:00,apache__httpcomponents-client,apache__httpcomponents-client,refs/remotes/origin/master,13,a21d2d106da68fe58abdd831cd23d61b6497d757,Bump the all group with 13 updates,maven,sh ./mvnw -B clean package -DskipTests -Dmaven.repo.local=/data/tmp-build/cache/m2,18.602503,0,success,
2026-03-29T11:19:48.331240+00:00,apache__httpcomponents-client,apache__httpcomponents-client,refs/remotes/origin/master,14,ede07e6ea846a0dd9d60d5505cb2d8386307e790,Treat Max-Age<=0 as immediate expiry (#805),maven,sh ./mvnw -B clean package -DskipTests -Dmaven.repo.local=/data/tmp-build/cache/m2,20.110588,0,success,
2026-03-29T11:20:07.118729+00:00,apache__httpcomponents-client,apache__httpcomponents-client,refs/remotes/origin/master,15,70b9e94076aabe8deff8ae9fa7d6d22bcd4e8089,RFC 9111 allows max-stale without a value (accept any staleness). Treat missing value as unbounded and add a regression test. (#804),maven,sh ./mvnw -B clean package -DskipTests -Dmaven.repo.local=/data/tmp-build/cache/m2,18.734229,0,success,
2026-03-29T11:20:25.665970+00:00,apache__httpcomponents-client,apache__httpcomponents-client,refs/remotes/origin/master,16,0a18950331ef328c4a0bc61285601a2415aba249,HTTPCLIENT-2414 - Fix Basic auth cache scoping across path prefixes (#802),maven,sh ./mvnw -B clean package -DskipTests -Dmaven.repo.local=/data/tmp-build/cache/m2,18.493122,0,success,
2026-03-29T11:20:44.534121+00:00,apache__httpcomponents-client,apache__httpcomponents-client,refs/remotes/origin/master,17,9189d11abf60ecfae84f1d324629b4f47ead4e62,HTTPCLIENT-2415: Normalize CookieOrigin path for cookie matching (#803),maven,sh ./mvnw -B clean package -DskipTests -Dmaven.repo.local=/data/tmp-build/cache/m2,18.812793,0,success,
2026-03-29T11:21:03.399066+00:00,apache__httpcomponents-client,apache__httpcomponents-client,refs/remotes/origin/master,18,d8d09ed89605cbd41d759fab2626bba561602ed0,Add pool lease metrics and helpers for connection managers (#799),maven,sh ./mvnw -B clean package -DskipTests -Dmaven.repo.local=/data/tmp-build/cache/m2,18.810305,0,success,
2026-03-29T11:21:22.147780+00:00,apache__httpcomponents-client,apache__httpcomponents-client,refs/remotes/origin/master,19,ec0474cbda07043e5c10992b8badb67653ca047d,Fix SSE reconnect handling and scheduler ownership (#800),maven,sh ./mvnw -B clean package -DskipTests -Dmaven.repo.local=/data/tmp-build/cache/m2,18.698443,0,success,
2026-03-29T11:21:40.747267+00:00,apache__httpcomponents-client,apache__httpcomponents-client,refs/remotes/origin/master,20,784177e913c81e98dea840a664185f28b3b0b869,Replace Hamcrest assertions with JUnit assertions (#801),maven,sh ./mvnw -B clean package -DskipTests -Dmaven.repo.local=/data/tmp-build/cache/m2,18.546546,0,success,
2026-03-29T11:21:59.443124+00:00,apache__httpcomponents-client,apache__httpcomponents-client,refs/remotes/origin/master,21,e20603d982430cdb5216f185498c663e9c7933b2,Add ConnectionReuseDemo,maven,sh ./mvnw -B clean package -DskipTests -Dmaven.repo.local=/data/tmp-build/cache/m2,18.639859,0,success,
2026-03-29T11:22:18.213237+00:00,apache__httpcomponents-client,apache__httpcomponents-client,refs/remotes/origin/master,22,ab404c46af3bb68349ad8eca364f3e4e57727b6b,[HTTPCLIENT-2381] Respect system properties by default,maven,sh ./mvnw -B clean package -DskipTests -Dmaven.repo.local=/data/tmp-build/cache/m2,18.712579,0,success,
2026-03-29T11:22:36.920257+00:00,apache__httpcomponents-client,apache__httpcomponents-client,refs/remotes/origin/master,23,6af0624d62a1787f74e49137905cecff04d89bcc,Add CompletableFuture-based executeAsync overloads to fluent Async for simpler async composition. (#782),maven,sh ./mvnw -B clean package -DskipTests -Dmaven.repo.local=/data/tmp-build/cache/m2,18.65059,0,success,
2026-03-29T11:22:55.691291+00:00,apache__httpcomponents-client,apache__httpcomponents-client,refs/remotes/origin/master,24,b78c2ad55dcff4228911cef3184cca8a76ef5d4b,Improve and simplify TLS handshake timeout tests,maven,sh ./mvnw -B clean package -DskipTests -Dmaven.repo.local=/data/tmp-build/cache/m2,18.716196,0,success,
2026-03-29T11:23:14.326865+00:00,apache__httpcomponents-client,apache__httpcomponents-client,refs/remotes/origin/master,25,f457c8ba73fe7ea65a078f67ccabbc98a4d6bd61,Add custom ExchangeId generator support,maven,sh ./mvnw -B clean package -DskipTests -Dmaven.repo.local=/data/tmp-build/cache/m2,18.584592,0,success,
2026-03-29T11:23:32.901643+00:00,apache__httpcomponents-client,apache__httpcomponents-client,refs/remotes/origin/master,26,c20b31235a705d0808eb69ed2424aa6926d0b411,Bug fix: corrected sleep time calculation in IdleConnectionEvictor; use 1 minute sleep time by default,maven,sh ./mvnw -B clean package -DskipTests -Dmaven.repo.local=/data/tmp-build/cache/m2,18.520456,0,success,
2026-03-29T11:23:51.391102+00:00,apache__httpcomponents-client,apache__httpcomponents-client,refs/remotes/origin/master,27,8a42b19823a290ef58c07369b5ab3c0403b704eb,"Discontinue the use of https.protocols, https.cipherSuites system properties",maven,sh ./mvnw -B clean package -DskipTests -Dmaven.repo.local=/data/tmp-build/cache/m2,18.436809,0,success,
2026-03-29T11:24:09.967514+00:00,apache__httpcomponents-client,apache__httpcomponents-client,refs/remotes/origin/master,28,a158c2e94b0eefe8e946a19b127e3d84b4575d4d,Bump the all group across 1 directory with 11 updates,maven,sh ./mvnw -B clean package -DskipTests -Dmaven.repo.local=/data/tmp-build/cache/m2,18.518922,0,success,
2026-03-29T11:24:30.485306+00:00,apache__httpcomponents-client,apache__httpcomponents-client,refs/remotes/origin/master,29,41412119dafc29dcbad31bbbd5ab8facf4aae6aa,Prepare to parallelize tests,maven,sh ./mvnw -B clean package -DskipTests -Dmaven.repo.local=/data/tmp-build/cache/m2,20.463299,0,success,
2026-03-29T11:24:48.952248+00:00,apache__httpcomponents-client,apache__httpcomponents-client,refs/remotes/origin/master,30,6b7f5e3842b586cfdf9ff52f9063c637de8d8411,Batch Dependabot updates on a monthly basis,maven,sh ./mvnw -B clean package -DskipTests -Dmaven.repo.local=/data/tmp-build/cache/m2,18.413131,0,success,
2026-03-29T11:25:07.661879+00:00,apache__httpcomponents-client,apache__httpcomponents-client,refs/remotes/origin/master,31,6e41ddaf9461f2e739f6b9bcb352cb549a761130,DefaultManagedHttpClientConnection: Restore original socket timeout,maven,sh ./mvnw -B clean package -DskipTests -Dmaven.repo.local=/data/tmp-build/cache/m2,18.654996,0,success,
2026-03-29T11:25:26.205985+00:00,apache__httpcomponents-client,apache__httpcomponents-client,refs/remotes/origin/master,32,5815326d73f3444d30ef2fe9612b08592e445de6,Discontinue the direct use of http(s).proxyUser and http(s).proxyPassword system properties. These properties may still be used by Authenticator#requestPasswordAuthentication internally,maven,sh ./mvnw -B clean package -DskipTests -Dmaven.repo.local=/data/tmp-build/cache/m2,18.491183,0,success,
2026-03-29T11:25:44.598552+00:00,apache__httpcomponents-client,apache__httpcomponents-client,refs/remotes/origin/master,33,775d80ee0861d02fb747c6c19a5f4aaa7e935c4a,Bump io.opentelemetry:opentelemetry-bom from 1.55.0 to 1.58.0,maven,sh ./mvnw -B clean package -DskipTests -Dmaven.repo.local=/data/tmp-build/cache/m2,18.338409,0,success,
2026-03-29T11:26:03.815693+00:00,apache__httpcomponents-client,apache__httpcomponents-client,refs/remotes/origin/master,34,31598133f22067cc77de551761259956abd8f5af,Wire: Make hex logging more concise,maven,sh ./mvnw -B clean package -DskipTests -Dmaven.repo.local=/data/tmp-build/cache/m2,19.164469,0,success,
2026-03-29T11:26:22.256812+00:00,apache__httpcomponents-client,apache__httpcomponents-client,refs/remotes/origin/master,35,aab60036b62439404ea1887de604cf5504b5670e,LoggingIOSession: Fix off-by-one error,maven,sh ./mvnw -B clean package -DskipTests -Dmaven.repo.local=/data/tmp-build/cache/m2,18.386402,0,success,
2026-03-29T11:26:40.623423+00:00,apache__httpcomponents-client,apache__httpcomponents-client,refs/remotes/origin/master,36,4e5ad6e29683a2648ba0a84dcb21519edd265d06,TestLinearBackoffManager: Reduce likelihood of race condition causing test failure,maven,sh ./mvnw -B clean package -DskipTests -Dmaven.repo.local=/data/tmp-build/cache/m2,18.316058,0,success,
2026-03-29T11:26:59.216753+00:00,apache__httpcomponents-client,apache__httpcomponents-client,refs/remotes/origin/master,37,f025640f7d2521741824ee5e2652ce455039c000,Improve socket timeout tests,maven,sh ./mvnw -B clean package -DskipTests -Dmaven.repo.local=/data/tmp-build/cache/m2,18.541347,0,success,
2026-03-29T11:27:17.775629+00:00,apache__httpcomponents-client,apache__httpcomponents-client,refs/remotes/origin/master,38,f7c126eb96a24a5bd283ff8eeea66848849c6508,Bump org.apache.logging.log4j:log4j-core from 2.25.2 to 2.25.3,maven,sh ./mvnw -B clean package -DskipTests -Dmaven.repo.local=/data/tmp-build/cache/m2,18.50766,0,success,
2026-03-29T11:27:36.304469+00:00,apache__httpcomponents-client,apache__httpcomponents-client,refs/remotes/origin/master,39,3170532325909437b315ccd6639cb92a99b67a79,Bump junit.version from 5.13.3 to 5.14.1,maven,sh ./mvnw -B clean package -DskipTests -Dmaven.repo.local=/data/tmp-build/cache/m2,18.476418,0,success,
2026-03-29T11:27:55.248129+00:00,apache__httpcomponents-client,apache__httpcomponents-client,refs/remotes/origin/master,40,17a75066306226217c826676ad925dc41f24c3ee,Add LoggingIOSessionTest,maven,sh ./mvnw -B clean package -DskipTests -Dmaven.repo.local=/data/tmp-build/cache/m2,18.892433,0,success,
2026-03-29T11:28:14.048558+00:00,apache__httpcomponents-client,apache__httpcomponents-client,refs/remotes/origin/master,41,f0e7a7eb902fb080c21a3ac857c6dcd8dd486353,Add WireTest,maven,sh ./mvnw -B clean package -DskipTests -Dmaven.repo.local=/data/tmp-build/cache/m2,18.745778,0,success,
2026-03-29T11:28:32.643310+00:00,apache__httpcomponents-client,apache__httpcomponents-client,refs/remotes/origin/master,42,64608806506031bb0139f4cb8c1dae91d51976fa,Upgraded japicmp to version 0.25.4; use published artifact for site report,maven,sh ./mvnw -B clean package -DskipTests -Dmaven.repo.local=/data/tmp-build/cache/m2,18.542935,0,success,
2026-03-29T11:28:51.413036+00:00,apache__httpcomponents-client,apache__httpcomponents-client,refs/remotes/origin/master,43,af1d3e0f4f50acc0cb1dfa4c13346af8c197cecc,Upgrade Apache RAT,maven,sh ./mvnw -B clean package -DskipTests -Dmaven.repo.local=/data/tmp-build/cache/m2,18.714893,0,success,
2026-03-29T11:29:10.069414+00:00,apache__httpcomponents-client,apache__httpcomponents-client,refs/remotes/origin/master,44,d51c80e786788d3b2d7aea1a678990af6b3e6f30,"Discontinue the use of http.agent, http.keepAlive and http.auth.ntlm.domain system properties",maven,sh ./mvnw -B clean package -DskipTests -Dmaven.repo.local=/data/tmp-build/cache/m2,18.596365,0,success,
2026-03-29T11:29:28.894148+00:00,apache__httpcomponents-client,apache__httpcomponents-client,refs/remotes/origin/master,45,68435f2b8e22a2465717cc39d0c40ecad8968d71,HTTPCLIENT-2397 - TLS-Required mode: add setTlsOnly(boolean) to classic and async builders to reject cleartext routes. (#777),maven,sh ./mvnw -B clean package -DskipTests -Dmaven.repo.local=/data/tmp-build/cache/m2,18.76096,0,success,
2026-03-29T11:29:47.428960+00:00,apache__httpcomponents-client,apache__httpcomponents-client,refs/remotes/origin/master,46,1c96bdee3a0e5204156ad3d921c16b01b2ac90dc,Updated composition of the project web content,maven,sh ./mvnw -B clean package -DskipTests -Dmaven.repo.local=/data/tmp-build/cache/m2,18.48057,0,success,
2026-03-29T11:30:05.864733+00:00,apache__httpcomponents-client,apache__httpcomponents-client,refs/remotes/origin/master,47,d07ff4d2fbc094582b342bcc7edb9d69f18fb30f,HTTPCLIENT-2411: Use standard HTTP-date format for synthesized Date header (#775),maven,sh ./mvnw -B clean package -DskipTests -Dmaven.repo.local=/data/tmp-build/cache/m2,18.379061,0,success,
2026-03-29T11:30:24.361269+00:00,apache__httpcomponents-client,apache__httpcomponents-client,refs/remotes/origin/master,48,e0aa5ba3a619e5541044c55e0f60728e8e8c00d2,Removed jxr and surefire reports and cleaned up japicmp and javadoc config,maven,sh ./mvnw -B clean package -DskipTests -Dmaven.repo.local=/data/tmp-build/cache/m2,18.440283,0,success,
2026-03-29T11:30:43.102536+00:00,apache__httpcomponents-client,apache__httpcomponents-client,refs/remotes/origin/master,49,c37e6e590f0241dd2139a08234c909f3ebeddc1b,TestRedirects: Shut down client when done,maven,sh ./mvnw -B clean package -DskipTests -Dmaven.repo.local=/data/tmp-build/cache/m2,18.687502,0,success,
2026-03-29T11:31:01.932456+00:00,apache__httpcomponents-client,apache__httpcomponents-client,refs/remotes/origin/master,50,ee6ebee1896f3ef00460182faccc6e96b1243b35,HTTPCLIENT-2398 -  Cap async execution queue to break recursive re-entry (#728),maven,sh ./mvnw -B clean package -DskipTests -Dmaven.repo.local=/data/tmp-build/cache/m2,18.776261,0,success,
2026-03-29T11:33:00.525120+00:00,apache__logging-log4j2,apache__logging-log4j2,refs/remotes/origin/2.x,1,d375a664942a2c5e50658a2e4c4979e1ca549c72,Add initial `AGENTS.md` for AI-assisted vulnerability research (#4083),maven,sh ./mvnw -B clean package -DskipTests -Dmaven.repo.local=/data/tmp-build/cache/m2,117.29869,0,success,
2026-03-29T11:34:31.757690+00:00,apache__logging-log4j2,apache__logging-log4j2,refs/remotes/origin/2.x,2,1fdfe142d57febdd22a9e7d91ccdcc6d71a6efb0,Allow severity-based log message filtering in `PluginProcessor` (#4063),maven,sh ./mvnw -B clean package -DskipTests -Dmaven.repo.local=/data/tmp-build/cache/m2,91.02343,0,success,
2026-03-29T11:36:03.332165+00:00,apache__logging-log4j2,apache__logging-log4j2,refs/remotes/origin/2.x,3,c5396fc4d5983be852f73c238890d41fe348c360,Add debug logs for successful resource loading in `Loader` (#4060),maven,sh ./mvnw -B clean package -DskipTests -Dmaven.repo.local=/data/tmp-build/cache/m2,91.369216,0,success,
2026-03-29T11:37:34.388761+00:00,apache__logging-log4j2,apache__logging-log4j2,refs/remotes/origin/2.x,4,3792f440d47b8d5be6c10fa1c766fdffe379f617,Remove redundant warning from `feature_request.md` (#4065),maven,sh ./mvnw -B clean package -DskipTests -Dmaven.repo.local=/data/tmp-build/cache/m2,90.857719,0,success,
2026-03-29T11:39:04.072992+00:00,apache__logging-log4j2,apache__logging-log4j2,refs/remotes/origin/2.x,5,0f7f2c757f779fd24509dbbdee7795bf6a541776,Avoid referring to `PluginBuilderAttribute.class` in `PluginProcessor` (#4041),maven,sh ./mvnw -B clean package -DskipTests -Dmaven.repo.local=/data/tmp-build/cache/m2,89.480151,0,success,
2026-03-29T11:40:33.720507+00:00,apache__logging-log4j2,apache__logging-log4j2,refs/remotes/origin/2.x,6,d46918c9e350ba64f1c4af25aea3758c36453b33,Take `Throwable#toString()` into account while rendering stack traces in Pattern Layout (#4033),maven,sh ./mvnw -B clean package -DskipTests -Dmaven.repo.local=/data/tmp-build/cache/m2,89.441426,0,success,
2026-03-29T11:42:04.714177+00:00,apache__logging-log4j2,apache__logging-log4j2,refs/remotes/origin/2.x,7,8e7d897c850c66c22eb02b0ff92020a0ebfbac00,Fix the `AsyncLoggerConfig` ring buffer size property name in the manual (#4038),maven,sh ./mvnw -B clean package -DskipTests -Dmaven.repo.local=/data/tmp-build/cache/m2,90.789808,0,success,
2026-03-29T11:43:34.296036+00:00,apache__logging-log4j2,apache__logging-log4j2,refs/remotes/origin/2.x,8,4f474b32751f4ccad67424ca585612584440cd63,Retire Log4j Scala (#4030),maven,sh ./mvnw -B clean package -DskipTests -Dmaven.repo.local=/data/tmp-build/cache/m2,89.377775,0,success,
2026-03-29T11:45:05.208862+00:00,apache__logging-log4j2,apache__logging-log4j2,refs/remotes/origin/2.x,9,c8a942155b05a54677e7a7eb7ae19c54c0f77d45,Remove Log4j Jakarta EE link from navigation file (#4025),maven,sh ./mvnw -B clean package -DskipTests -Dmaven.repo.local=/data/tmp-build/cache/m2,90.714264,0,success,
2026-03-29T11:46:36.366703+00:00,apache__logging-log4j2,apache__logging-log4j2,refs/remotes/origin/2.x,10,752d023795fc518a38ecae73bb6455e2723cecea,Fix header write in `RollingRandomAccessFileManager` (#4008),maven,sh ./mvnw -B clean package -DskipTests -Dmaven.repo.local=/data/tmp-build/cache/m2,90.952128,0,success,
2026-03-29T11:48:07.953320+00:00,apache__logging-log4j2,apache__logging-log4j2,refs/remotes/origin/2.x,11,33fff89edc688ae64e44424abef122c13cc1f5be,Fix warning when last argument is null (#4014),maven,sh ./mvnw -B clean package -DskipTests -Dmaven.repo.local=/data/tmp-build/cache/m2,91.37627,0,success,
2026-03-29T11:49:38.639902+00:00,apache__logging-log4j2,apache__logging-log4j2,refs/remotes/origin/2.x,12,8abfdfc142f7920471ed4dd0723c4e509a6b9027,Add versioning and support policy information (#3341),maven,sh ./mvnw -B clean package -DskipTests -Dmaven.repo.local=/data/tmp-build/cache/m2,90.483902,0,success,
2026-03-29T11:51:09.852050+00:00,apache__logging-log4j2,apache__logging-log4j2,refs/remotes/origin/2.x,13,9c22ca26d817d0b6cde86475db56a3eb504adc43,docs: recommend use of appropriately scoped trust roots (#4006),maven,sh ./mvnw -B clean package -DskipTests -Dmaven.repo.local=/data/tmp-build/cache/m2,91.009413,0,success,
2026-03-29T11:52:40.649713+00:00,apache__logging-log4j2,apache__logging-log4j2,refs/remotes/origin/2.x,14,5ee789082f1d07b6ccad81c4470b26494516a86b,Merge `rel/2.25.3` to `2.x` (#4004),maven,sh ./mvnw -B clean package -DskipTests -Dmaven.repo.local=/data/tmp-build/cache/m2,90.594801,0,success,
2026-03-29T11:54:12.011915+00:00,apache__logging-log4j2,apache__logging-log4j2,refs/remotes/origin/2.x,15,3b93748497e1adbbd027fda8a5e7268ec5d0d578,Fix host name verification in `SSLSocketManager` (#4002),maven,sh ./mvnw -B clean package -DskipTests -Dmaven.repo.local=/data/tmp-build/cache/m2,91.155045,0,success,
2026-03-29T11:55:42.747917+00:00,apache__logging-log4j2,apache__logging-log4j2,refs/remotes/origin/2.x,16,37a03838ebc6e6802ec3e4633469b48e527f2210,Use binary names in `GraalVmProcessor` (#3996),maven,sh ./mvnw -B clean package -DskipTests -Dmaven.repo.local=/data/tmp-build/cache/m2,90.525983,0,success,
2026-03-29T11:57:13.049892+00:00,apache__logging-log4j2,apache__logging-log4j2,refs/remotes/origin/2.x,17,5cd888793aa53f64a60c69d1db20f7f9d4eaff07,Fix Dependabot configuration (#3997),maven,sh ./mvnw -B clean package -DskipTests -Dmaven.repo.local=/data/tmp-build/cache/m2,90.098524,0,success,
2026-03-29T11:58:43.957262+00:00,apache__logging-log4j2,apache__logging-log4j2,refs/remotes/origin/2.x,18,a6bc86ed2e7a3ecfca68e65c8958536a4157e184,Group Dependabot PRs and remove `merge-dependabot` (#3990),maven,sh ./mvnw -B clean package -DskipTests -Dmaven.repo.local=/data/tmp-build/cache/m2,90.70539,0,success,
2026-03-29T12:00:15.229241+00:00,apache__logging-log4j2,apache__logging-log4j2,refs/remotes/origin/2.x,19,4f68c32ef440c510920b4938f79cd5529822f088,Disable commit signatures (#3989),maven,sh ./mvnw -B clean package -DskipTests -Dmaven.repo.local=/data/tmp-build/cache/m2,91.065609,0,success,
2026-03-29T12:01:45.234276+00:00,apache__logging-log4j2,apache__logging-log4j2,refs/remotes/origin/2.x,20,73733dadf4250ad6bd683f99474266d18c6b6c35,"Remove the `com.github.spotbugs:spotbugs-annotations` dependency (#3984, #3985)",maven,sh ./mvnw -B clean package -DskipTests -Dmaven.repo.local=/data/tmp-build/cache/m2,89.791983,0,success,
2026-03-29T12:03:17.263605+00:00,apache__logging-log4j2,apache__logging-log4j2,refs/remotes/origin/2.x,21,4b7065b8b3818cabb88cf1d553da33897b733413,Simplify file manager registry factory pattern (#3968),maven,sh ./mvnw -B clean package -DskipTests -Dmaven.repo.local=/data/tmp-build/cache/m2,91.807256,0,success,
2026-03-29T12:04:47.315347+00:00,apache__logging-log4j2,apache__logging-log4j2,refs/remotes/origin/2.x,22,296d1d7c3d8d79771c1aa84f2a22dd0bdb18b0c3,Fix `BurstFilter` documentation regarding the level parameter (#3983),maven,sh ./mvnw -B clean package -DskipTests -Dmaven.repo.local=/data/tmp-build/cache/m2,89.836933,0,success,
2026-03-29T12:06:18.276404+00:00,apache__logging-log4j2,apache__logging-log4j2,refs/remotes/origin/2.x,23,1cfcda9b4ccd4e6a0b6b6c3839e68a96fd6b87ed,Add documentation for third-party filters and routing filter specifically (#3982),maven,sh ./mvnw -B clean package -DskipTests -Dmaven.repo.local=/data/tmp-build/cache/m2,90.761294,0,success,
2026-03-29T12:07:48.647697+00:00,apache__logging-log4j2,apache__logging-log4j2,refs/remotes/origin/2.x,24,e2234cf3c85161e735bb171acba07556093b7888,Fix spelling (#3967),maven,sh ./mvnw -B clean package -DskipTests -Dmaven.repo.local=/data/tmp-build/cache/m2,90.163354,0,success,
2026-03-29T12:09:20.372755+00:00,apache__logging-log4j2,apache__logging-log4j2,refs/remotes/origin/2.x,25,1f8bb40f19da1182b6f87f1b81cfd223ddb73da4,Bump elastic.version in /log4j-layout-template-json-test (#3972),maven,sh ./mvnw -B clean package -DskipTests -Dmaven.repo.local=/data/tmp-build/cache/m2,91.522411,0,success,
2026-03-29T12:10:51.312546+00:00,apache__logging-log4j2,apache__logging-log4j2,refs/remotes/origin/2.x,26,62cd4bf4d71645e491f738a33cd619daf1549e41,Bump com.github.jnr:jnr-ffi from 2.2.17 to 2.2.18 in /log4j-cassandra (#3971),maven,sh ./mvnw -B clean package -DskipTests -Dmaven.repo.local=/data/tmp-build/cache/m2,90.734442,0,success,
2026-03-29T12:12:21.713430+00:00,apache__logging-log4j2,apache__logging-log4j2,refs/remotes/origin/2.x,27,a6cb7b711c989b813a65f8dcd12657a1d4043cc1,Add new `ConfigurationFactory::getConfiguration` accepting multiple URIs (#3921),maven,sh ./mvnw -B clean package -DskipTests -Dmaven.repo.local=/data/tmp-build/cache/m2,90.198944,0,success,
2026-03-29T12:13:52.892281+00:00,apache__logging-log4j2,apache__logging-log4j2,refs/remotes/origin/2.x,28,d54bf0a12672495e68e3498cc4268ad807df62f8,Update `org.mongodb:bson` to version `5.6.1` (#3961),maven,sh ./mvnw -B clean package -DskipTests -Dmaven.repo.local=/data/tmp-build/cache/m2,90.975893,0,success,
2026-03-29T12:15:24.651916+00:00,apache__logging-log4j2,apache__logging-log4j2,refs/remotes/origin/2.x,29,df5096a8c7df4f36d87ee2e6c0e9df39a1b2015a,Update `co.elastic.clients:elasticsearch-java` to version `9.1.5` (#3949),maven,sh ./mvnw -B clean package -DskipTests -Dmaven.repo.local=/data/tmp-build/cache/m2,91.550023,0,success,
2026-03-29T12:16:56.954895+00:00,apache__logging-log4j2,apache__logging-log4j2,refs/remotes/origin/2.x,30,9643c2220f7816e5653fcc63b28c3d4d7ac26b1e,Fix nullability issues in `SslConfiguration` (#3953),maven,sh ./mvnw -B clean package -DskipTests -Dmaven.repo.local=/data/tmp-build/cache/m2,92.100743,0,success,
2026-03-29T12:18:27.161913+00:00,apache__logging-log4j2,apache__logging-log4j2,refs/remotes/origin/2.x,31,141a54e987588e60c4a0e0278caadd243ffb3621,Stabilize `RollingAppenderDeleteAccumulatedCount1Test` (#3957),maven,sh ./mvnw -B clean package -DskipTests -Dmaven.repo.local=/data/tmp-build/cache/m2,90.003932,0,success,
2026-03-29T12:19:58.089853+00:00,apache__logging-log4j2,apache__logging-log4j2,refs/remotes/origin/2.x,32,60c62ee8fd49639f59cf4673c75fa3bf9b055c48,Stabilize `RollingAppenderDirectCronTest` and `XmlCompleteFileAppenderTest` (#3946),maven,sh ./mvnw -B clean package -DskipTests -Dmaven.repo.local=/data/tmp-build/cache/m2,90.712786,0,success,
2026-03-29T12:21:28.648310+00:00,apache__logging-log4j2,apache__logging-log4j2,refs/remotes/origin/2.x,33,13e37d85ce79b4562a1efff0bcc6a91b9d1529f3,Increase Awaitility timeout to 5s in `AbstractAsyncThreadContextTestBase` (#3956),maven,sh ./mvnw -B clean package -DskipTests -Dmaven.repo.local=/data/tmp-build/cache/m2,90.354683,0,success,
2026-03-29T12:22:59.869591+00:00,apache__logging-log4j2,apache__logging-log4j2,refs/remotes/origin/2.x,34,ed45a45e7dfb4cdfaaa6cd631a88ad3993d64163,Update `org.junit:junit-bom` to version `5.13.4` (#3850) (#3850),maven,sh ./mvnw -B clean package -DskipTests -Dmaven.repo.local=/data/tmp-build/cache/m2,91.010116,0,success,
2026-03-29T12:24:31.310556+00:00,apache__logging-log4j2,apache__logging-log4j2,refs/remotes/origin/2.x,35,c9a38ed7545931c2de2c424666d55f5cfd71209c,Fix `ArrayIndexOutOfBoundsException` in `ThrowableStackTraceRenderer` when the stack trace is mutated concurrently (#3955),maven,sh ./mvnw -B clean package -DskipTests -Dmaven.repo.local=/data/tmp-build/cache/m2,91.229407,0,success,
2026-03-29T12:26:01.482918+00:00,apache__logging-log4j2,apache__logging-log4j2,refs/remotes/origin/2.x,36,1758179ef0206e78b6b61b7ac45d3e237685e360,Replace fixed delay with polling in `SyslogAppenderCustomLayoutTest` (#3944),maven,sh ./mvnw -B clean package -DskipTests -Dmaven.repo.local=/data/tmp-build/cache/m2,89.962568,0,success,
2026-03-29T12:27:31.704766+00:00,apache__logging-log4j2,apache__logging-log4j2,refs/remotes/origin/2.x,37,4852d1255c011ec757f5d06564f9408857b51423,Fix state leakage in `AbstractAsyncThreadContextTestBase` (#3945),maven,sh ./mvnw -B clean package -DskipTests -Dmaven.repo.local=/data/tmp-build/cache/m2,90.018816,0,success,
2026-03-29T12:29:02.203323+00:00,apache__logging-log4j2,apache__logging-log4j2,refs/remotes/origin/2.x,38,e9556bb8f68722ef60b86f1e71a5fb994e4971f1,Optimize `DefaultThreadContextMap.getCopy()` performance (#3939),maven,sh ./mvnw -B clean package -DskipTests -Dmaven.repo.local=/data/tmp-build/cache/m2,90.295194,0,success,
2026-03-29T12:30:32.925885+00:00,apache__logging-log4j2,apache__logging-log4j2,refs/remotes/origin/2.x,39,8a3fb534f999632d0688a9a204f11b3dd7f59f72,Fix log message in `ApiLogger::setUseParentHandlers` (#3943),maven,sh ./mvnw -B clean package -DskipTests -Dmaven.repo.local=/data/tmp-build/cache/m2,90.506087,0,success,
2026-03-29T12:32:02.876769+00:00,apache__logging-log4j2,apache__logging-log4j2,refs/remotes/origin/2.x,40,7125d933cf5a3b655a1cf9f5cfd9101b7beffe06,Fix `NPE` in `ThrowableStackTraceRenderer` due to concurrent mutation of suppressed exceptions (#3934),maven,sh ./mvnw -B clean package -DskipTests -Dmaven.repo.local=/data/tmp-build/cache/m2,89.743319,0,success,
2026-03-29T12:33:33.291916+00:00,apache__logging-log4j2,apache__logging-log4j2,refs/remotes/origin/2.x,41,84c77160a1a9b0a561a9dae46a5b7e9fd8093ea1,Bump elasticsearch-java to version 9.x (#3901),maven,sh ./mvnw -B clean package -DskipTests -Dmaven.repo.local=/data/tmp-build/cache/m2,90.205283,0,success,
2026-03-29T12:35:05.311606+00:00,apache__logging-log4j2,apache__logging-log4j2,refs/remotes/origin/2.x,42,745d0967620008492b1c8c3354198dca5300fb05,Merge changes from `2.25.2` release (#3936),maven,sh ./mvnw -B clean package -DskipTests -Dmaven.repo.local=/data/tmp-build/cache/m2,91.808453,0,success,
2026-03-29T12:36:36.971519+00:00,apache__logging-log4j2,apache__logging-log4j2,refs/remotes/origin/2.x,43,9b9a0d4350ab046c8f1616e90095ff222750f333,Fix parsing and merging of literals in `InstantPatternDynamicFormatter` (#3932),maven,sh ./mvnw -B clean package -DskipTests -Dmaven.repo.local=/data/tmp-build/cache/m2,91.456682,0,success,
2026-03-29T12:38:07.440323+00:00,apache__logging-log4j2,apache__logging-log4j2,refs/remotes/origin/2.x,44,59d2be98a49fa7efd0d66e3d880e5079c104f59c,Recognize nested converters in `alwaysWriteExceptions` (#3920),maven,sh ./mvnw -B clean package -DskipTests -Dmaven.repo.local=/data/tmp-build/cache/m2,90.261616,0,success,
2026-03-29T12:39:37.690814+00:00,apache__logging-log4j2,apache__logging-log4j2,refs/remotes/origin/2.x,45,7209b27ba4b2a9a9ce7be99b3a8af9bd74de5ad0,doc: clarify `%ex` whitespace behavior across versions (#3918),maven,sh ./mvnw -B clean package -DskipTests -Dmaven.repo.local=/data/tmp-build/cache/m2,90.04169,0,success,
2026-03-29T12:41:08.362466+00:00,apache__logging-log4j2,apache__logging-log4j2,refs/remotes/origin/2.x,46,c41feeddad05f96fc73d3c0fb6a9da6763431aec,fix: make `%ex` behavior context-independent (#3919),maven,sh ./mvnw -B clean package -DskipTests -Dmaven.repo.local=/data/tmp-build/cache/m2,90.467956,0,success,
2026-03-29T12:42:38.345484+00:00,apache__logging-log4j2,apache__logging-log4j2,refs/remotes/origin/2.x,47,fe55a68d1170338cea19649c62936d376af983ee,Update `org.apache.commons:commons-lang3` to version `3.18.0` (#3821),maven,sh ./mvnw -B clean package -DskipTests -Dmaven.repo.local=/data/tmp-build/cache/m2,89.772958,0,success,
2026-03-29T12:44:09.705770+00:00,apache__logging-log4j2,apache__logging-log4j2,refs/remotes/origin/2.x,48,d13b56a083e2acf1c6f119413ee849d82f4a38b7,Update `org.apache.commons:commons-lang3` to version `3.18.0` (#3815),maven,sh ./mvnw -B clean package -DskipTests -Dmaven.repo.local=/data/tmp-build/cache/m2,91.148208,0,success,
2026-03-29T12:45:39.692631+00:00,apache__logging-log4j2,apache__logging-log4j2,refs/remotes/origin/2.x,49,8e80e9e37a6d0294e254f2227638d6384fb8cf84,Fix the missing Error Prone version (#3905),maven,sh ./mvnw -B clean package -DskipTests -Dmaven.repo.local=/data/tmp-build/cache/m2,89.785297,0,success,
2026-03-29T12:47:10.528217+00:00,apache__logging-log4j2,apache__logging-log4j2,refs/remotes/origin/2.x,50,187f38cd897b0f5a16fbfc68f5860935f4a7fe23,Round `initialTime` in `RollingFileManager` (#3872),maven,sh ./mvnw -B clean package -DskipTests -Dmaven.repo.local=/data/tmp-build/cache/m2,90.634211,0,success,
2026-03-29T12:48:33.872695+00:00,apache__maven,apache__maven,refs/remotes/origin/master,1,ea308a5e7a6e91d814769cd5bc639eee1a907177,fix: preserve processor path types across conflict resolution (#11805),maven,mvn -B clean package -DskipTests -Dmaven.repo.local=/data/tmp-build/cache/m2,81.434029,0,success,
2026-03-29T12:49:44.963148+00:00,apache__maven,apache__maven,refs/remotes/origin/master,2,add3c9d4578ec56bfe7377cd26a486039c5b4af7,Maven 3.10.x add info to README,maven,mvn -B clean package -DskipTests -Dmaven.repo.local=/data/tmp-build/cache/m2,70.723848,0,success,
2026-03-29T12:50:53.437403+00:00,apache__maven,apache__maven,refs/remotes/origin/master,3,23416cab729ef86554a419a5c3d4433df5a8137a,"Maven 3.10.x - protect branch, dependabot config",maven,mvn -B clean package -DskipTests -Dmaven.repo.local=/data/tmp-build/cache/m2,68.222252,0,success,
2026-03-29T12:52:02.480620+00:00,apache__maven,apache__maven,refs/remotes/origin/master,4,f8c87e3dc128866ad3455af2983f9cf891677bee,Bump actions/download-artifact from 8.0.0 to 8.0.1 (#11788),maven,mvn -B clean package -DskipTests -Dmaven.repo.local=/data/tmp-build/cache/m2,68.793171,0,success,
2026-03-29T12:53:11.641429+00:00,apache__maven,apache__maven,refs/remotes/origin/master,5,76a7c7ef98e0e0f149acbee6c155299d182bf284,Bump actions/cache from 5.0.3 to 5.0.4 (#11811),maven,mvn -B clean package -DskipTests -Dmaven.repo.local=/data/tmp-build/cache/m2,68.912101,0,success,
2026-03-29T12:54:19.552102+00:00,apache__maven,apache__maven,refs/remotes/origin/master,6,d4447e4ca83cef6486838790707e5931d6b4f31b,Bump jlineVersion from 3.30.6 to 4.0.9 (#11831),maven,mvn -B clean package -DskipTests -Dmaven.repo.local=/data/tmp-build/cache/m2,67.662069,0,success,
2026-03-29T12:55:30.329063+00:00,apache__maven,apache__maven,refs/remotes/origin/master,7,18677376599198838410c51a9cb2e0216b24b375,Fixes issue #11827 - Maven DI crashes if the file org.apache.maven.api.di.Inject contains empty lines (#11828),maven,mvn -B clean package -DskipTests -Dmaven.repo.local=/data/tmp-build/cache/m2,70.523292,0,success,
2026-03-29T12:56:41.998336+00:00,apache__maven,apache__maven,refs/remotes/origin/master,8,29b3efbf48b3eedbeeff68187e09adf63a10cae5,Use Maven 3.9.14 in unit test,maven,mvn -B clean package -DskipTests -Dmaven.repo.local=/data/tmp-build/cache/m2,71.428415,0,success,
2026-03-29T12:57:50.930712+00:00,apache__maven,apache__maven,refs/remotes/origin/master,9,46cf946b6fcd5ff58fa208aa5b018128aec88695,Type derive (simpler) (#11380),maven,mvn -B clean package -DskipTests -Dmaven.repo.local=/data/tmp-build/cache/m2,68.681021,0,success,
2026-03-29T12:58:59.610442+00:00,apache__maven,apache__maven,refs/remotes/origin/master,10,166178ee478e31a8ff238e1544edf7c14c57f4e7,Bump org.codehaus.mojo:extra-enforcer-rules from 1.11.0 to 1.12.0 (#11803),maven,mvn -B clean package -DskipTests -Dmaven.repo.local=/data/tmp-build/cache/m2,68.428927,0,success,
2026-03-29T13:00:08.105260+00:00,apache__maven,apache__maven,refs/remotes/origin/master,11,fa4d9dbef37b3272dcc08a2e964a3b2f549acbd2,Bump mockitoVersion from 5.22.0 to 5.23.0 (#11792),maven,mvn -B clean package -DskipTests -Dmaven.repo.local=/data/tmp-build/cache/m2,68.247066,0,success,
2026-03-29T13:01:20.942340+00:00,apache__maven,apache__maven,refs/remotes/origin/master,12,1b95e3755279476d9ce3897f3647f02beb0386dd,"Maven 3.9.13, 3.9.14 - update doap file",maven,mvn -B clean package -DskipTests -Dmaven.repo.local=/data/tmp-build/cache/m2,72.587614,0,success,
2026-03-29T13:02:30.108508+00:00,apache__maven,apache__maven,refs/remotes/origin/master,13,9d9273fa825ffeb3507593555fb20c712681042b,Add time zone to Maven startup banner,maven,mvn -B clean package -DskipTests -Dmaven.repo.local=/data/tmp-build/cache/m2,68.916199,0,success,
2026-03-29T13:03:39.453634+00:00,apache__maven,apache__maven,refs/remotes/origin/master,14,9d675bb07c278b46a109b95dcf6a9adad3aa33e0,chore: delete junit3 reference (#11308),maven,mvn -B clean package -DskipTests -Dmaven.repo.local=/data/tmp-build/cache/m2,69.096382,0,success,
2026-03-29T13:04:48.857228+00:00,apache__maven,apache__maven,refs/remotes/origin/master,15,b613632ffb699340f0679d54a3ffdadf52b65514,Bump net.bytebuddy:byte-buddy from 1.18.5 to 1.18.7 (#11752),maven,mvn -B clean package -DskipTests -Dmaven.repo.local=/data/tmp-build/cache/m2,69.145066,0,success,
2026-03-29T13:05:57.586433+00:00,apache__maven,apache__maven,refs/remotes/origin/master,16,01599ff1ae767bda60a344c1280d681c1021c82a,Bump actions/upload-artifact from 6.0.0 to 7.0.0,maven,mvn -B clean package -DskipTests -Dmaven.repo.local=/data/tmp-build/cache/m2,68.475146,0,success,
2026-03-29T13:07:05.918221+00:00,apache__maven,apache__maven,refs/remotes/origin/master,17,d2bd9af519b9548e3579f91365b9f84c55f4de03,Bump org.junit:junit-bom from 6.0.2 to 6.0.3,maven,mvn -B clean package -DskipTests -Dmaven.repo.local=/data/tmp-build/cache/m2,68.08263,0,success,
2026-03-29T13:08:18.413192+00:00,apache__maven,apache__maven,refs/remotes/origin/master,18,e57588682e2b4fdbfb3f1193e62d43baac14029f,Bump actions/download-artifact from 7.0.0 to 8.0.0 (#11745),maven,mvn -B clean package -DskipTests -Dmaven.repo.local=/data/tmp-build/cache/m2,72.250858,0,success,
2026-03-29T13:09:26.521082+00:00,apache__maven,apache__maven,refs/remotes/origin/master,19,abc22b1c9e9e7c4146fe5457b1178914af533430,Bump mockitoVersion from 5.21.0 to 5.22.0 (#11751),maven,mvn -B clean package -DskipTests -Dmaven.repo.local=/data/tmp-build/cache/m2,67.860467,0,success,
2026-03-29T13:10:34.476337+00:00,apache__maven,apache__maven,refs/remotes/origin/master,20,43c5e2639af4a45fed17e426accb2dd74ee332bc,Bump net.sourceforge.pmd:pmd-core from 7.21.0 to 7.22.0 (#11753),maven,mvn -B clean package -DskipTests -Dmaven.repo.local=/data/tmp-build/cache/m2,67.711848,0,success,
2026-03-29T13:11:43.417211+00:00,apache__maven,apache__maven,refs/remotes/origin/master,21,78ed4a251a86273e4ccd0638643b0787359f259a,Consumer POM of multi-module project should exclude <build> and <dependencies> elements (#11639),maven,mvn -B clean package -DskipTests -Dmaven.repo.local=/data/tmp-build/cache/m2,68.687127,0,success,
2026-03-29T13:12:54.897570+00:00,apache__maven,apache__maven,refs/remotes/origin/master,22,c94b33c84d4e4851c0fe780d73f0650fea445974,Bump domtripVersion from 0.4.0 to 0.4.1 (#11737),maven,mvn -B clean package -DskipTests -Dmaven.repo.local=/data/tmp-build/cache/m2,71.23491,0,success,
2026-03-29T13:14:06.696778+00:00,apache__maven,apache__maven,refs/remotes/origin/master,23,6c29dc38c97ed99e0b53817529abf5e015960af6,Maven Resolver 2.0.16 (#11731),maven,mvn -B clean package -DskipTests -Dmaven.repo.local=/data/tmp-build/cache/m2,71.53862,0,success,
2026-03-29T13:15:24.176621+00:00,apache__maven,apache__maven,refs/remotes/origin/master,24,71bd10f28c50a915a68cf04a18fe083655a6a833,Fail on legacy config in modular projects (#11702),maven,mvn -B clean package -DskipTests -Dmaven.repo.local=/data/tmp-build/cache/m2,77.22591,0,success,
2026-03-29T13:16:32.761038+00:00,apache__maven,apache__maven,refs/remotes/origin/master,25,1847bb40358b68530c77917ba07427aefbfb37fa,Bump net.bytebuddy:byte-buddy from 1.18.4 to 1.18.5 (#11718),maven,mvn -B clean package -DskipTests -Dmaven.repo.local=/data/tmp-build/cache/m2,68.326311,0,success,
2026-03-29T13:17:44.296226+00:00,apache__maven,apache__maven,refs/remotes/origin/master,26,5bea6a964fb4b62694162e4b5f8dcaca38921354,Bump ch.qos.logback:logback-classic from 1.5.29 to 1.5.32 (#11726),maven,mvn -B clean package -DskipTests -Dmaven.repo.local=/data/tmp-build/cache/m2,71.29065,0,success,
2026-03-29T13:18:55.538319+00:00,apache__maven,apache__maven,refs/remotes/origin/master,27,2686f9c16316aa5181835b8f2e34018478930ba0,docs: clarify replacement for deprecated scriptSourceDirectory (#11651),maven,mvn -B clean package -DskipTests -Dmaven.repo.local=/data/tmp-build/cache/m2,70.982643,0,success,
2026-03-29T13:20:05.339520+00:00,apache__maven,apache__maven,refs/remotes/origin/master,28,8cbf02e3d16193c60dcf850443e437138609f376,docs: document deprecation rationale for getPomFile/setPomFile (#11680),maven,mvn -B clean package -DskipTests -Dmaven.repo.local=/data/tmp-build/cache/m2,69.549414,0,success,
2026-03-29T13:21:15.208053+00:00,apache__maven,apache__maven,refs/remotes/origin/master,29,9b20cb44db9b1b44b72725bef827a0e719cef056,Improve error message for unresolved expressions (#11615),maven,mvn -B clean package -DskipTests -Dmaven.repo.local=/data/tmp-build/cache/m2,69.61766,0,success,
2026-03-29T13:22:23.531544+00:00,apache__maven,apache__maven,refs/remotes/origin/master,30,e6fb273a0d3bf70fb1e6e04772aea86015c528e3,Update README.md - at least Maven 3.9.0 should be used for build,maven,mvn -B clean package -DskipTests -Dmaven.repo.local=/data/tmp-build/cache/m2,68.073091,0,success,
2026-03-29T13:23:32.937276+00:00,apache__maven,apache__maven,refs/remotes/origin/master,31,fb86a4128734f74959c258460536a24661647c4d,Bump sisuVersion from 0.9.0.M4 to 1.0.0 (#11704),maven,mvn -B clean package -DskipTests -Dmaven.repo.local=/data/tmp-build/cache/m2,69.147889,0,success,
2026-03-29T13:24:41.124645+00:00,apache__maven,apache__maven,refs/remotes/origin/master,32,8c66e21224fa8b23ef5da80ca3a9aafaac27053b,Bump ch.qos.logback:logback-classic from 1.5.28 to 1.5.29 (#11709),maven,mvn -B clean package -DskipTests -Dmaven.repo.local=/data/tmp-build/cache/m2,67.938197,0,success,
2026-03-29T13:25:49.752098+00:00,apache__maven,apache__maven,refs/remotes/origin/master,33,4ad5b27de2620b07bf16350535ea0af1387c8233,Bump ch.qos.logback:logback-classic from 1.5.27 to 1.5.28 (#11705),maven,mvn -B clean package -DskipTests -Dmaven.repo.local=/data/tmp-build/cache/m2,68.37738,0,success,
2026-03-29T13:26:59.116784+00:00,apache__maven,apache__maven,refs/remotes/origin/master,34,b0fef55542ff8362d166b2805d9e4a47dff3dd20,Document deprecation of Language.SCRIPT (#11579),maven,mvn -B clean package -DskipTests -Dmaven.repo.local=/data/tmp-build/cache/m2,69.109382,0,success,
2026-03-29T13:28:07.068719+00:00,apache__maven,apache__maven,refs/remotes/origin/master,35,fa36e7abd1a68196d8a0ee4555bf18eb80ba898d,Fix typo: 'textOccurencesInLog' -> 'textOccurrencesInLog' (#11611),maven,mvn -B clean package -DskipTests -Dmaven.repo.local=/data/tmp-build/cache/m2,67.70057,0,success,
2026-03-29T13:29:18.800178+00:00,apache__maven,apache__maven,refs/remotes/origin/master,36,33c2223c72d910ac7c7b424d2e885ade2674f44d,Fix broken reference links in site.xml for Maven 4.x (#11617),maven,mvn -B clean package -DskipTests -Dmaven.repo.local=/data/tmp-build/cache/m2,71.486881,0,success,
2026-03-29T13:30:27.963336+00:00,apache__maven,apache__maven,refs/remotes/origin/master,37,f97bac311147dd52b72716ffdb8c8d67d6cf330e,Unify source tracking with SourceHandlingContext (#11632),maven,mvn -B clean package -DskipTests -Dmaven.repo.local=/data/tmp-build/cache/m2,68.90585,0,success,
2026-03-29T13:31:35.511231+00:00,apache__maven,apache__maven,refs/remotes/origin/master,38,37479cf7e5390a0d7bd0f1a8f78202425907805b,Bump ch.qos.logback:logback-classic from 1.5.26 to 1.5.27 (#11695),maven,mvn -B clean package -DskipTests -Dmaven.repo.local=/data/tmp-build/cache/m2,67.300678,0,success,
2026-03-29T13:32:44.010875+00:00,apache__maven,apache__maven,refs/remotes/origin/master,39,0ca32819a6c209167774f96f0e7d85891ab4fd15,Bump net.sourceforge.pmd:pmd-core from 7.20.0 to 7.21.0 (#11696),maven,mvn -B clean package -DskipTests -Dmaven.repo.local=/data/tmp-build/cache/m2,68.268271,0,success,
2026-03-29T13:33:54.741201+00:00,apache__maven,apache__maven,refs/remotes/origin/master,40,fc83a974a6e2197ef93d1e751b2c99372ad2bbc4,Bump actions/cache from 5.0.2 to 5.0.3 (#11687),maven,mvn -B clean package -DskipTests -Dmaven.repo.local=/data/tmp-build/cache/m2,70.495059,0,success,
2026-03-29T13:35:02.878630+00:00,apache__maven,apache__maven,refs/remotes/origin/master,41,af21207cdcab0916bdc145ba4c19d84022c271b7,Bump ch.qos.logback:logback-classic from 1.5.25 to 1.5.26 (#11676),maven,mvn -B clean package -DskipTests -Dmaven.repo.local=/data/tmp-build/cache/m2,67.902889,0,success,
2026-03-29T13:36:11.555000+00:00,apache__maven,apache__maven,refs/remotes/origin/master,42,8c1f40d7ce629fdbf5f0e0930e4469d5034b017a,Add link for jenkins build on 3.9 branch,maven,mvn -B clean package -DskipTests -Dmaven.repo.local=/data/tmp-build/cache/m2,68.428277,0,success,
2026-03-29T13:37:19.523252+00:00,apache__maven,apache__maven,refs/remotes/origin/master,43,b018c4d16f21b970ff854386d5c1f662a6a28a59,Add SLF4J JDK Platform Logging Integration,maven,mvn -B clean package -DskipTests -Dmaven.repo.local=/data/tmp-build/cache/m2,67.736186,0,success,
2026-03-29T13:38:27.696755+00:00,apache__maven,apache__maven,refs/remotes/origin/master,44,0e52248c5cbbe292297ae936663b4eb9878d27fa,Bump org.codehaus.plexus:plexus-xml from 4.1.0 to 4.1.1 (#11675),maven,mvn -B clean package -DskipTests -Dmaven.repo.local=/data/tmp-build/cache/m2,67.938393,0,success,
2026-03-29T13:39:38.100515+00:00,apache__maven,apache__maven,refs/remotes/origin/master,45,fd468b7c6399c507ac812af94aaabc99902c6efd,Bump org.apache.maven:maven-parent from 46 to 47,maven,mvn -B clean package -DskipTests -Dmaven.repo.local=/data/tmp-build/cache/m2,70.158436,0,success,
2026-03-29T13:40:48.890539+00:00,apache__maven,apache__maven,refs/remotes/origin/master,46,315d9e50067cb2a625504d2ad5219323e4ea5855,Fix build badges in README,maven,mvn -B clean package -DskipTests -Dmaven.repo.local=/data/tmp-build/cache/m2,70.559681,0,success,
2026-03-29T13:41:57.024404+00:00,apache__maven,apache__maven,refs/remotes/origin/master,47,e25ec15e1b4d2189d8f862197c9adbfb13b1f53f,Use Maven 3.9.12 on jenkins - fix deploy step,maven,mvn -B clean package -DskipTests -Dmaven.repo.local=/data/tmp-build/cache/m2,67.893696,0,success,
2026-03-29T13:43:09.638167+00:00,apache__maven,apache__maven,refs/remotes/origin/master,48,a9fda7d28fbd7495f576da6db7c27df24e9f8e22,Use Maven 3.9.12 on jenkins,maven,mvn -B clean package -DskipTests -Dmaven.repo.local=/data/tmp-build/cache/m2,72.367836,0,success,
2026-03-29T13:44:19.181696+00:00,apache__maven,apache__maven,refs/remotes/origin/master,49,e3ab9af92e808179bd3f64da09efeb455e492315,Bump actions/setup-java from 5.1.0 to 5.2.0 (#11665),maven,mvn -B clean package -DskipTests -Dmaven.repo.local=/data/tmp-build/cache/m2,69.300592,0,success,
2026-03-29T13:45:27.268201+00:00,apache__maven,apache__maven,refs/remotes/origin/master,50,8cc7e93f174812efe8deb4f17c350c9f579bb11b,Bump actions/checkout from 6.0.1 to 6.0.2 (#11664),maven,mvn -B clean package -DskipTests -Dmaven.repo.local=/data/tmp-build/cache/m2,67.841169,0,success,
2026-03-29T13:45:42.528080+00:00,apache__maven-plugin-tools,apache__maven-plugin-tools,refs/remotes/origin/master,1,fe09a3de0be29d7dc4481fe02a1e5e175b34de51,Bump maven3Version from 3.9.13 to 3.9.14 (#1085),maven,mvn -B clean package -DskipTests -Dmaven.repo.local=/data/tmp-build/cache/m2,13.915587,0,success,
2026-03-29T13:45:51.917887+00:00,apache__maven-plugin-tools,apache__maven-plugin-tools,refs/remotes/origin/master,2,47271884b17573cdbdc65c3b5e1ef9a48da6fd70,Bump doxiaVersion from 2.0.0 to 2.1.0 (#1089),maven,mvn -B clean package -DskipTests -Dmaven.repo.local=/data/tmp-build/cache/m2,9.324188,0,success,
2026-03-29T13:45:59.794041+00:00,apache__maven-plugin-tools,apache__maven-plugin-tools,refs/remotes/origin/master,3,9e3dc361d663fb1319bc29268cd71ddb92a10103,Bump org.codehaus.plexus:plexus-utils from 4.0.2 to 4.0.3 (#1092),maven,mvn -B clean package -DskipTests -Dmaven.repo.local=/data/tmp-build/cache/m2,7.840384,0,success,
2026-03-29T13:46:07.601463+00:00,apache__maven-plugin-tools,apache__maven-plugin-tools,refs/remotes/origin/master,4,7d0bd94f2fcb56ea5276e8f3c4d79f56fb271195,Bump maven3Version from 3.9.12 to 3.9.13 (#1083),maven,mvn -B clean package -DskipTests -Dmaven.repo.local=/data/tmp-build/cache/m2,7.77104,0,success,
2026-03-29T13:46:16.855431+00:00,apache__maven-plugin-tools,apache__maven-plugin-tools,refs/remotes/origin/master,5,84638165769bdb79eeb394bc524bec6e06005897,Bump net.bytebuddy:byte-buddy from 1.18.5 to 1.18.7,maven,mvn -B clean package -DskipTests -Dmaven.repo.local=/data/tmp-build/cache/m2,9.213641,0,success,
2026-03-29T13:46:24.637089+00:00,apache__maven-plugin-tools,apache__maven-plugin-tools,refs/remotes/origin/master,6,01c8b3987922eac135619afd709e7b2895afa964,Upate to Parent 47 and Resolver 1.9.25 (master) (#1078),maven,mvn -B clean package -DskipTests -Dmaven.repo.local=/data/tmp-build/cache/m2,7.739272,0,success,
2026-03-29T13:46:37.942446+00:00,apache__maven-plugin-tools,apache__maven-plugin-tools,refs/remotes/origin/master,7,a2b093ecbeb483d53c490d23e15769ddb488be27,Bump net.bytebuddy:byte-buddy from 1.18.3 to 1.18.5 (#1074),maven,mvn -B clean package -DskipTests -Dmaven.repo.local=/data/tmp-build/cache/m2,13.263964,0,success,
2026-03-29T13:46:45.841217+00:00,apache__maven-plugin-tools,apache__maven-plugin-tools,refs/remotes/origin/master,8,a770a3fd0379b8e23c12b6d813a46a8ec2f292f9,Bump org.apache.maven.plugin-testing:maven-plugin-testing-harness,maven,mvn -B clean package -DskipTests -Dmaven.repo.local=/data/tmp-build/cache/m2,7.861005,0,success,
2026-03-29T13:46:54.674199+00:00,apache__maven-plugin-tools,apache__maven-plugin-tools,refs/remotes/origin/master,9,a0665139fdbe9fa237e4cdadee5d6fecde1367d6,Bump org.assertj:assertj-core from 3.27.6 to 3.27.7,maven,mvn -B clean package -DskipTests -Dmaven.repo.local=/data/tmp-build/cache/m2,8.795344,0,success,
2026-03-29T13:47:03.089062+00:00,apache__maven-plugin-tools,apache__maven-plugin-tools,refs/remotes/origin/master,10,1fa57495bf4a67b358f35e84f148127fc9ec7be2,Bump org.codehaus.plexus:plexus-archiver from 4.10.4 to 4.11.0 (#1060),maven,mvn -B clean package -DskipTests -Dmaven.repo.local=/data/tmp-build/cache/m2,8.380187,0,success,
2026-03-29T13:47:10.974331+00:00,apache__maven-plugin-tools,apache__maven-plugin-tools,refs/remotes/origin/master,11,0a96fbfb00c6c33ea42b30b0561a774c22ab55b7,Bump org.apache.maven.plugin-testing:maven-plugin-testing-harness (#1061),maven,mvn -B clean package -DskipTests -Dmaven.repo.local=/data/tmp-build/cache/m2,7.840263,0,success,
2026-03-29T13:47:20.261006+00:00,apache__maven-plugin-tools,apache__maven-plugin-tools,refs/remotes/origin/master,12,1cec1e10e966476fb8b95e92fe628965633234d5,JavadocLinkGenerator.createLink(String) must consider module names,maven,mvn -B clean package -DskipTests -Dmaven.repo.local=/data/tmp-build/cache/m2,9.2518,0,success,
2026-03-29T13:47:28.229928+00:00,apache__maven-plugin-tools,apache__maven-plugin-tools,refs/remotes/origin/master,13,c4d0486ba34e861a5f60d754b986645f677ff654,Bump net.bytebuddy:byte-buddy from 1.18.2 to 1.18.3 (#1052),maven,mvn -B clean package -DskipTests -Dmaven.repo.local=/data/tmp-build/cache/m2,7.934255,0,success,
2026-03-29T13:47:36.713748+00:00,apache__maven-plugin-tools,apache__maven-plugin-tools,refs/remotes/origin/master,14,c2c298b38b31aa47ab0b07b8368219b6e285ab60,Bump org.codehaus.plexus:plexus-java from 1.5.1 to 1.5.2 (#1051),maven,mvn -B clean package -DskipTests -Dmaven.repo.local=/data/tmp-build/cache/m2,8.445485,0,success,
2026-03-29T13:47:46.443341+00:00,apache__maven-plugin-tools,apache__maven-plugin-tools,refs/remotes/origin/master,15,dcd978ee85596f2fa4491599efb3c8c9dab9ff80,Cleanup tests (#1047),maven,mvn -B clean package -DskipTests -Dmaven.repo.local=/data/tmp-build/cache/m2,9.686063,0,success,
2026-03-29T13:47:54.304604+00:00,apache__maven-plugin-tools,apache__maven-plugin-tools,refs/remotes/origin/master,16,4765a52da7b6a365710aa791f8d592e32d47357f,Bump maven3Version from 3.9.11 to 3.9.12 (#1044),maven,mvn -B clean package -DskipTests -Dmaven.repo.local=/data/tmp-build/cache/m2,7.823947,0,success,
2026-03-29T13:48:03.374576+00:00,apache__maven-plugin-tools,apache__maven-plugin-tools,refs/remotes/origin/master,17,7e004a01fb15a28324b219418bfb165009cffbfe,Bump asmVersion from 9.9 to 9.9.1 (#1042),maven,mvn -B clean package -DskipTests -Dmaven.repo.local=/data/tmp-build/cache/m2,9.032146,0,success,
2026-03-29T13:48:11.331756+00:00,apache__maven-plugin-tools,apache__maven-plugin-tools,refs/remotes/origin/master,18,4ee91b1f88c6ab02323be397f45e978ebc1064c0,Remove deprecated GeneratorUtils#toText (#1035),maven,mvn -B clean package -DskipTests -Dmaven.repo.local=/data/tmp-build/cache/m2,7.91269,0,success,
2026-03-29T13:48:19.224811+00:00,apache__maven-plugin-tools,apache__maven-plugin-tools,refs/remotes/origin/master,19,2ed4ba24b1133df6dc334598c86fabb5c5795d00,Add palantir format for Java 25 (#1036),maven,mvn -B clean package -DskipTests -Dmaven.repo.local=/data/tmp-build/cache/m2,7.858127,0,success,
2026-03-29T13:48:29.046959+00:00,apache__maven-plugin-tools,apache__maven-plugin-tools,refs/remotes/origin/master,20,2c03e465f938e895eaf20f14413f1a907d8f1bba,Bump net.bytebuddy:byte-buddy from 1.18.1 to 1.18.2 (#1033),maven,mvn -B clean package -DskipTests -Dmaven.repo.local=/data/tmp-build/cache/m2,9.779663,0,success,
2026-03-29T13:48:37.832192+00:00,apache__maven-plugin-tools,apache__maven-plugin-tools,refs/remotes/origin/master,21,f1de8933a74951e38c205ec711f0c811b6b4ba83,Bump org.apache.commons:commons-lang3 from 3.19.0 to 3.20.0 (#1031),maven,mvn -B clean package -DskipTests -Dmaven.repo.local=/data/tmp-build/cache/m2,8.748422,0,success,
2026-03-29T13:48:45.675506+00:00,apache__maven-plugin-tools,apache__maven-plugin-tools,refs/remotes/origin/master,22,0486515bcdab16168298f838e67ceee0684eb7dd,Bump org.codehaus.plexus:plexus-i18n from 1.0.0 to 1.1.0,maven,mvn -B clean package -DskipTests -Dmaven.repo.local=/data/tmp-build/cache/m2,7.799389,0,success,
2026-03-29T13:48:53.614416+00:00,apache__maven-plugin-tools,apache__maven-plugin-tools,refs/remotes/origin/master,23,4fe52c19f780aa828bb5d13fb7d52b5e7bd5a3e7,Bump net.bytebuddy:byte-buddy from 1.17.8 to 1.18.1 (#1026),maven,mvn -B clean package -DskipTests -Dmaven.repo.local=/data/tmp-build/cache/m2,7.904066,0,success,
2026-03-29T13:49:02.120218+00:00,apache__maven-plugin-tools,apache__maven-plugin-tools,refs/remotes/origin/master,24,8889e16b878e30a9af6db572de14d68bb0ebbfb4,Bump org.codehaus.plexus:plexus-java from 1.5.0 to 1.5.1 (#1018),maven,mvn -B clean package -DskipTests -Dmaven.repo.local=/data/tmp-build/cache/m2,8.470286,0,success,
2026-03-29T13:49:09.977493+00:00,apache__maven-plugin-tools,apache__maven-plugin-tools,refs/remotes/origin/master,25,27665036aa06f116e25c3f191bb686935c508c69,Bump org.codehaus.plexus:plexus-archiver from 4.10.3 to 4.10.4 (#1019),maven,mvn -B clean package -DskipTests -Dmaven.repo.local=/data/tmp-build/cache/m2,7.821282,0,success,
2026-03-29T13:49:17.898845+00:00,apache__maven-plugin-tools,apache__maven-plugin-tools,refs/remotes/origin/master,26,c4cf63e085e7b17349f935811758fc9ca513b104,Bump org.apache.maven.plugin-testing:maven-plugin-testing-harness,maven,mvn -B clean package -DskipTests -Dmaven.repo.local=/data/tmp-build/cache/m2,7.880069,0,success,
2026-03-29T13:49:26.468959+00:00,apache__maven-plugin-tools,apache__maven-plugin-tools,refs/remotes/origin/master,27,3f2366d181a99189963fb34b92092daf98a27ec5,[maven-release-plugin] prepare for next development iteration,maven,mvn -B clean package -DskipTests -Dmaven.repo.local=/data/tmp-build/cache/m2,8.534564,0,success,
2026-03-29T13:49:34.169016+00:00,apache__maven-plugin-tools,apache__maven-plugin-tools,refs/remotes/origin/master,28,4157fbb5063d8b353bdcc056e8fbc7771a88e5e7,[maven-release-plugin] prepare release maven-plugin-tools-4.0.0-beta-2,maven,mvn -B clean package -DskipTests -Dmaven.repo.local=/data/tmp-build/cache/m2,7.663413,0,success,
2026-03-29T13:49:41.954584+00:00,apache__maven-plugin-tools,apache__maven-plugin-tools,refs/remotes/origin/master,29,197eb5e0ad868a814de148eccd93fd60e9d460e6,Bump org.jsoup:jsoup from 1.18.1 to 1.19.1,maven,mvn -B clean package -DskipTests -Dmaven.repo.local=/data/tmp-build/cache/m2,7.747368,0,success,
2026-03-29T13:49:49.696402+00:00,apache__maven-plugin-tools,apache__maven-plugin-tools,refs/remotes/origin/master,30,e3b169efdce842e780880a10c4be3b8d51db97e3,Update site descriptors to 2.0,maven,mvn -B clean package -DskipTests -Dmaven.repo.local=/data/tmp-build/cache/m2,7.698229,0,success,
2026-03-29T13:49:57.483471+00:00,apache__maven-plugin-tools,apache__maven-plugin-tools,refs/remotes/origin/master,31,843d22e3b83eb4bbfa9c28663d73aa52197a22a7,Cleanups dependencies,maven,mvn -B clean package -DskipTests -Dmaven.repo.local=/data/tmp-build/cache/m2,7.751276,0,success,
2026-03-29T13:50:07.417605+00:00,apache__maven-plugin-tools,apache__maven-plugin-tools,refs/remotes/origin/master,32,4576f2352aedea8896c5ca2c44e73ba9be5a552d,Upgrade Maven 4 dependency to 4.0.0-rc-4,maven,mvn -B clean package -DskipTests -Dmaven.repo.local=/data/tmp-build/cache/m2,9.892458,0,success,
2026-03-29T13:50:15.515037+00:00,apache__maven-plugin-tools,apache__maven-plugin-tools,refs/remotes/origin/master,33,95b748d7d6393e2ba7decf032470306c69a42351,Use injection instead of Component annotation,maven,mvn -B clean package -DskipTests -Dmaven.repo.local=/data/tmp-build/cache/m2,8.052637,0,success,
2026-03-29T13:50:23.692474+00:00,apache__maven-plugin-tools,apache__maven-plugin-tools,refs/remotes/origin/master,34,625304345e642e758e4bf972113ccdfee33028fa,[MPLUGIN-530] Deprecate o.a.m.plugins.annotations.Component,maven,mvn -B clean package -DskipTests -Dmaven.repo.local=/data/tmp-build/cache/m2,8.136197,0,success,
2026-03-29T13:50:31.871029+00:00,apache__maven-plugin-tools,apache__maven-plugin-tools,refs/remotes/origin/master,35,131abb9fe209b375587d2d5deaeef9510b9bf933,Bump org.codehaus.plexus:plexus-testing from 1.6.0 to 1.6.1,maven,mvn -B clean package -DskipTests -Dmaven.repo.local=/data/tmp-build/cache/m2,8.139971,0,success,
2026-03-29T13:50:40.084402+00:00,apache__maven-plugin-tools,apache__maven-plugin-tools,refs/remotes/origin/master,36,b95c76d568c0fce34e6e7f0e26efb37a57c5b7c6,Bump org.codehaus.plexus:plexus-velocity from 2.2.1 to 2.3.0,maven,mvn -B clean package -DskipTests -Dmaven.repo.local=/data/tmp-build/cache/m2,8.174087,0,success,
2026-03-29T13:50:49.339257+00:00,apache__maven-plugin-tools,apache__maven-plugin-tools,refs/remotes/origin/master,37,59bf8d6cdcf8d610dc768eb09b53077caf2a5f25,Bump net.bytebuddy:byte-buddy from 1.17.7 to 1.17.8,maven,mvn -B clean package -DskipTests -Dmaven.repo.local=/data/tmp-build/cache/m2,9.216064,0,success,
2026-03-29T13:50:57.899493+00:00,apache__maven-plugin-tools,apache__maven-plugin-tools,refs/remotes/origin/master,38,fe3e769ba08f1d67c371c7ee567b7b5281027184,Bump org.codehaus.plexus:plexus-archiver from 4.10.2 to 4.10.3,maven,mvn -B clean package -DskipTests -Dmaven.repo.local=/data/tmp-build/cache/m2,8.522945,0,success,
2026-03-29T13:51:06.292416+00:00,apache__maven-plugin-tools,apache__maven-plugin-tools,refs/remotes/origin/master,39,4e616e1763710fbf15fc1a1c3e2f9095d0c35db1,Bump net.bytebuddy:byte-buddy from 1.17.4 to 1.17.7,maven,mvn -B clean package -DskipTests -Dmaven.repo.local=/data/tmp-build/cache/m2,8.357983,0,success,
2026-03-29T13:51:15.088026+00:00,apache__maven-plugin-tools,apache__maven-plugin-tools,refs/remotes/origin/master,40,4184cb164660a88c350dd3a51fd7a89b5b14ce9f,Bump asmVersion from 9.8 to 9.9 (#972),maven,mvn -B clean package -DskipTests -Dmaven.repo.local=/data/tmp-build/cache/m2,8.758506,0,success,
2026-03-29T13:51:23.782665+00:00,apache__maven-plugin-tools,apache__maven-plugin-tools,refs/remotes/origin/master,41,2500773bb737bc7dc619287ff2281defc07d7575,Use properties for versions in components.xml,maven,mvn -B clean package -DskipTests -Dmaven.repo.local=/data/tmp-build/cache/m2,8.651091,0,success,
2026-03-29T13:51:31.888531+00:00,apache__maven-plugin-tools,apache__maven-plugin-tools,refs/remotes/origin/master,42,aba9008b00be221f4f0fd9aa4102ee53e05f9dac,Bump org.assertj:assertj-core from 3.27.3 to 3.27.6,maven,mvn -B clean package -DskipTests -Dmaven.repo.local=/data/tmp-build/cache/m2,8.070038,0,success,
2026-03-29T13:51:40.054536+00:00,apache__maven-plugin-tools,apache__maven-plugin-tools,refs/remotes/origin/master,43,370a352b2b1e6d1f6ccfb27d0a193c5deb6290b7,Bump org.apache.commons:commons-lang3 from 3.18.0 to 3.19.0,maven,mvn -B clean package -DskipTests -Dmaven.repo.local=/data/tmp-build/cache/m2,8.129926,0,success,
2026-03-29T13:51:48.106981+00:00,apache__maven-plugin-tools,apache__maven-plugin-tools,refs/remotes/origin/master,44,b3009db2264ce7206542e7ac0a2f4367eb35c8b7,Bump org.codehaus.plexus:plexus-testing from 1.4.0 to 1.6.0,maven,mvn -B clean package -DskipTests -Dmaven.repo.local=/data/tmp-build/cache/m2,8.016645,0,success,
2026-03-29T13:51:57.068674+00:00,apache__maven-plugin-tools,apache__maven-plugin-tools,refs/remotes/origin/master,45,3df240cd94ac286737fb3923a0dbbecb235033ed,Bump org.codehaus.plexus:plexus-archiver from 4.10.0 to 4.10.2,maven,mvn -B clean package -DskipTests -Dmaven.repo.local=/data/tmp-build/cache/m2,8.918109,0,success,
2026-03-29T13:52:05.072681+00:00,apache__maven-plugin-tools,apache__maven-plugin-tools,refs/remotes/origin/master,46,fb7fa17662a0f6e88bc9e2d2ce58380a6704488c,Bump org.codehaus.plexus:plexus-classworlds from 2.8.0 to 2.9.0,maven,mvn -B clean package -DskipTests -Dmaven.repo.local=/data/tmp-build/cache/m2,7.967321,0,success,
2026-03-29T13:52:13.075270+00:00,apache__maven-plugin-tools,apache__maven-plugin-tools,refs/remotes/origin/master,47,5eb29809f8e1532c6946d9664c1100e3c3fdc97f,Bump org.codehaus.plexus:plexus-i18n from 1.0-beta-10 to 1.0.0 (#963),maven,mvn -B clean package -DskipTests -Dmaven.repo.local=/data/tmp-build/cache/m2,7.968428,0,success,
2026-03-29T13:52:21.108846+00:00,apache__maven-plugin-tools,apache__maven-plugin-tools,refs/remotes/origin/master,48,0cc60653965a9915b5258cedab1e69b648c4ac5c,Bump org.codehaus.plexus:plexus-velocity from 2.2.0 to 2.2.1,maven,mvn -B clean package -DskipTests -Dmaven.repo.local=/data/tmp-build/cache/m2,7.99698,0,success,
2026-03-29T13:52:29.176090+00:00,apache__maven-plugin-tools,apache__maven-plugin-tools,refs/remotes/origin/master,49,d72a38e7431c8e5c335f9eb659f822f687c8c15e,Bump maven3Version from 3.9.9 to 3.9.11 (#952),maven,mvn -B clean package -DskipTests -Dmaven.repo.local=/data/tmp-build/cache/m2,8.033765,0,success,
2026-03-29T13:52:37.874115+00:00,apache__maven-plugin-tools,apache__maven-plugin-tools,refs/remotes/origin/master,50,c0c29b87e03d160c340bdb2eb3d8846a7a7bd934,Add hacktoberfest label to project,maven,mvn -B clean package -DskipTests -Dmaven.repo.local=/data/tmp-build/cache/m2,8.660085,0,success,
2026-03-29T14:07:45.380222+00:00,google__gson,google__gson,refs/remotes/origin/main,1,1fa9b7a0a994b006b3be00e2df9de778e71e6807,Validate that strings being parsed as integers consist of ASCII characters (#2995),maven,mvn -B clean package -DskipTests -Dmaven.repo.local=/data/tmp-build/cache/m2,31.264281,1,build_failed,"[ERROR] ====================== | [ERROR] Full classname legend: | [ERROR] ====================== | [ERROR] AbstractGenerateMojo:        ""io.github.ascopes.protobufmavenplugin.mojo.AbstractGenerateMojo"" | [ERROR] ClassLoaders$AppClassLoader: ""jdk.internal.loader.ClassLoaders$AppClassLoader"" | [ERROR] LocatorWiring:               ""org.eclipse.sisu.wire.LocatorWiring"" | [ERROR] Mojo:                        ""org.apache.maven.plugin.Mojo"" | [ERROR] Named:                       ""com.google.inject.name.Named"" | [ERROR] PlexusBindingModule:         ""org.eclipse.sisu.plexus.PlexusBindingModule"" | [ERROR] ProtobufBuildOrchestrator:   ""io.github.ascopes.protobufmavenplugin.generation.ProtobufBuildOrchestrator"" | [ERROR] ProtocResolver:              ""io.github.ascopes.protobufmavenplugin.protoc.ProtocResolver"" | [ERROR] TestGenerateMojo:            ""io.github.ascopes.protobufmavenplugin.mojo.TestGenerateMojo"" | [ERROR] TypeArguments$Implicit:      ""org.eclipse.sisu.inject.TypeArguments$Implicit"" | [ERROR] WireModule:                  ""org.eclipse.sisu.wire.WireModule"" | [ERROR] ======================== | [ERROR] End of classname legend: | [ERROR] ======================== | [ERROR] | [ERROR]       role: org.apache.maven.plugin.Mojo | [ERROR]   roleHint: io.github.ascopes:protobuf-maven-plugin:4.1.3:generate-test | [ERROR] -> [Help 1] | [ERROR] | [ERROR] To see the full stack trace of the errors, re-run Maven with the -e switch. | [ERROR] Re-run Maven using the -X switch to enable full debug logging. | [ERROR] | [ERROR] For more information about the errors and possible solutions, please read the following articles: | [ERROR] [Help 1] http://cwiki.apache.org/confluence/display/MAVEN/PluginContainerException | [ERROR] | [ERROR] After correcting the problems, you can resume the build with the command | [ERROR]   mvn <args> -rf :proto"
2026-03-29T14:08:03.840875+00:00,google__gson,google__gson,refs/remotes/origin/main,2,b7d59549188867deb42e46073fb38735a5beda1c,Add iterator fail-fast tests for LinkedTreeMap.clear() (#2992),maven,mvn -B clean package -DskipTests -Dmaven.repo.local=/data/tmp-build/cache/m2,18.413532,1,build_failed,"[ERROR] ====================== | [ERROR] Full classname legend: | [ERROR] ====================== | [ERROR] AbstractGenerateMojo:        ""io.github.ascopes.protobufmavenplugin.mojo.AbstractGenerateMojo"" | [ERROR] ClassLoaders$AppClassLoader: ""jdk.internal.loader.ClassLoaders$AppClassLoader"" | [ERROR] LocatorWiring:               ""org.eclipse.sisu.wire.LocatorWiring"" | [ERROR] Mojo:                        ""org.apache.maven.plugin.Mojo"" | [ERROR] Named:                       ""com.google.inject.name.Named"" | [ERROR] PlexusBindingModule:         ""org.eclipse.sisu.plexus.PlexusBindingModule"" | [ERROR] ProtobufBuildOrchestrator:   ""io.github.ascopes.protobufmavenplugin.generation.ProtobufBuildOrchestrator"" | [ERROR] ProtocResolver:              ""io.github.ascopes.protobufmavenplugin.protoc.ProtocResolver"" | [ERROR] TestGenerateMojo:            ""io.github.ascopes.protobufmavenplugin.mojo.TestGenerateMojo"" | [ERROR] TypeArguments$Implicit:      ""org.eclipse.sisu.inject.TypeArguments$Implicit"" | [ERROR] WireModule:                  ""org.eclipse.sisu.wire.WireModule"" | [ERROR] ======================== | [ERROR] End of classname legend: | [ERROR] ======================== | [ERROR] | [ERROR]       role: org.apache.maven.plugin.Mojo | [ERROR]   roleHint: io.github.ascopes:protobuf-maven-plugin:4.1.3:generate-test | [ERROR] -> [Help 1] | [ERROR] | [ERROR] To see the full stack trace of the errors, re-run Maven with the -e switch. | [ERROR] Re-run Maven using the -X switch to enable full debug logging. | [ERROR] | [ERROR] For more information about the errors and possible solutions, please read the following articles: | [ERROR] [Help 1] http://cwiki.apache.org/confluence/display/MAVEN/PluginContainerException | [ERROR] | [ERROR] After correcting the problems, you can resume the build with the command | [ERROR]   mvn <args> -rf :proto"
2026-03-29T14:08:22.524783+00:00,google__gson,google__gson,refs/remotes/origin/main,3,36cacf31b7ee0cc3ccaa68c1560d3dec0e15ced2,Add boundary tests for JsonTreeWriter.endArray() error handling (#2988),maven,mvn -B clean package -DskipTests -Dmaven.repo.local=/data/tmp-build/cache/m2,18.650482,1,build_failed,"[ERROR] ====================== | [ERROR] Full classname legend: | [ERROR] ====================== | [ERROR] AbstractGenerateMojo:        ""io.github.ascopes.protobufmavenplugin.mojo.AbstractGenerateMojo"" | [ERROR] ClassLoaders$AppClassLoader: ""jdk.internal.loader.ClassLoaders$AppClassLoader"" | [ERROR] LocatorWiring:               ""org.eclipse.sisu.wire.LocatorWiring"" | [ERROR] Mojo:                        ""org.apache.maven.plugin.Mojo"" | [ERROR] Named:                       ""com.google.inject.name.Named"" | [ERROR] PlexusBindingModule:         ""org.eclipse.sisu.plexus.PlexusBindingModule"" | [ERROR] ProtobufBuildOrchestrator:   ""io.github.ascopes.protobufmavenplugin.generation.ProtobufBuildOrchestrator"" | [ERROR] ProtocResolver:              ""io.github.ascopes.protobufmavenplugin.protoc.ProtocResolver"" | [ERROR] TestGenerateMojo:            ""io.github.ascopes.protobufmavenplugin.mojo.TestGenerateMojo"" | [ERROR] TypeArguments$Implicit:      ""org.eclipse.sisu.inject.TypeArguments$Implicit"" | [ERROR] WireModule:                  ""org.eclipse.sisu.wire.WireModule"" | [ERROR] ======================== | [ERROR] End of classname legend: | [ERROR] ======================== | [ERROR] | [ERROR]       role: org.apache.maven.plugin.Mojo | [ERROR]   roleHint: io.github.ascopes:protobuf-maven-plugin:4.1.3:generate-test | [ERROR] -> [Help 1] | [ERROR] | [ERROR] To see the full stack trace of the errors, re-run Maven with the -e switch. | [ERROR] Re-run Maven using the -X switch to enable full debug logging. | [ERROR] | [ERROR] For more information about the errors and possible solutions, please read the following articles: | [ERROR] [Help 1] http://cwiki.apache.org/confluence/display/MAVEN/PluginContainerException | [ERROR] | [ERROR] After correcting the problems, you can resume the build with the command | [ERROR]   mvn <args> -rf :proto"
2026-03-29T14:08:41.019068+00:00,google__gson,google__gson,refs/remotes/origin/main,4,dbf0f0416596add88c9d38b3e80b4e44059863ca,Remove `com.google.gson.graph`. (#2990),maven,mvn -B clean package -DskipTests -Dmaven.repo.local=/data/tmp-build/cache/m2,18.460667,1,build_failed,"[ERROR] ====================== | [ERROR] Full classname legend: | [ERROR] ====================== | [ERROR] AbstractGenerateMojo:        ""io.github.ascopes.protobufmavenplugin.mojo.AbstractGenerateMojo"" | [ERROR] ClassLoaders$AppClassLoader: ""jdk.internal.loader.ClassLoaders$AppClassLoader"" | [ERROR] LocatorWiring:               ""org.eclipse.sisu.wire.LocatorWiring"" | [ERROR] Mojo:                        ""org.apache.maven.plugin.Mojo"" | [ERROR] Named:                       ""com.google.inject.name.Named"" | [ERROR] PlexusBindingModule:         ""org.eclipse.sisu.plexus.PlexusBindingModule"" | [ERROR] ProtobufBuildOrchestrator:   ""io.github.ascopes.protobufmavenplugin.generation.ProtobufBuildOrchestrator"" | [ERROR] ProtocResolver:              ""io.github.ascopes.protobufmavenplugin.protoc.ProtocResolver"" | [ERROR] TestGenerateMojo:            ""io.github.ascopes.protobufmavenplugin.mojo.TestGenerateMojo"" | [ERROR] TypeArguments$Implicit:      ""org.eclipse.sisu.inject.TypeArguments$Implicit"" | [ERROR] WireModule:                  ""org.eclipse.sisu.wire.WireModule"" | [ERROR] ======================== | [ERROR] End of classname legend: | [ERROR] ======================== | [ERROR] | [ERROR]       role: org.apache.maven.plugin.Mojo | [ERROR]   roleHint: io.github.ascopes:protobuf-maven-plugin:4.1.3:generate-test | [ERROR] -> [Help 1] | [ERROR] | [ERROR] To see the full stack trace of the errors, re-run Maven with the -e switch. | [ERROR] Re-run Maven using the -X switch to enable full debug logging. | [ERROR] | [ERROR] For more information about the errors and possible solutions, please read the following articles: | [ERROR] [Help 1] http://cwiki.apache.org/confluence/display/MAVEN/PluginContainerException | [ERROR] | [ERROR] After correcting the problems, you can resume the build with the command | [ERROR]   mvn <args> -rf :proto"
2026-03-29T14:08:59.799841+00:00,google__gson,google__gson,refs/remotes/origin/main,5,552b4135c87f8d52bfd9ffcee6e7098e37f7a217,Avoid a potential CheckReturnValue issue. (#2987),maven,mvn -B clean package -DskipTests -Dmaven.repo.local=/data/tmp-build/cache/m2,18.743939,1,build_failed,"[ERROR] ====================== | [ERROR] Full classname legend: | [ERROR] ====================== | [ERROR] AbstractGenerateMojo:        ""io.github.ascopes.protobufmavenplugin.mojo.AbstractGenerateMojo"" | [ERROR] ClassLoaders$AppClassLoader: ""jdk.internal.loader.ClassLoaders$AppClassLoader"" | [ERROR] LocatorWiring:               ""org.eclipse.sisu.wire.LocatorWiring"" | [ERROR] Mojo:                        ""org.apache.maven.plugin.Mojo"" | [ERROR] Named:                       ""com.google.inject.name.Named"" | [ERROR] PlexusBindingModule:         ""org.eclipse.sisu.plexus.PlexusBindingModule"" | [ERROR] ProtobufBuildOrchestrator:   ""io.github.ascopes.protobufmavenplugin.generation.ProtobufBuildOrchestrator"" | [ERROR] ProtocResolver:              ""io.github.ascopes.protobufmavenplugin.protoc.ProtocResolver"" | [ERROR] TestGenerateMojo:            ""io.github.ascopes.protobufmavenplugin.mojo.TestGenerateMojo"" | [ERROR] TypeArguments$Implicit:      ""org.eclipse.sisu.inject.TypeArguments$Implicit"" | [ERROR] WireModule:                  ""org.eclipse.sisu.wire.WireModule"" | [ERROR] ======================== | [ERROR] End of classname legend: | [ERROR] ======================== | [ERROR] | [ERROR]       role: org.apache.maven.plugin.Mojo | [ERROR]   roleHint: io.github.ascopes:protobuf-maven-plugin:4.1.3:generate-test | [ERROR] -> [Help 1] | [ERROR] | [ERROR] To see the full stack trace of the errors, re-run Maven with the -e switch. | [ERROR] Re-run Maven using the -X switch to enable full debug logging. | [ERROR] | [ERROR] For more information about the errors and possible solutions, please read the following articles: | [ERROR] [Help 1] http://cwiki.apache.org/confluence/display/MAVEN/PluginContainerException | [ERROR] | [ERROR] After correcting the problems, you can resume the build with the command | [ERROR]   mvn <args> -rf :proto"
2026-03-29T14:09:18.568799+00:00,google__gson,google__gson,refs/remotes/origin/main,6,04091faee8e510b0252874978aea965cdf91e6a0,Bump the maven group across 1 directory with 5 updates (#2986),maven,mvn -B clean package -DskipTests -Dmaven.repo.local=/data/tmp-build/cache/m2,18.731994,1,build_failed,"[ERROR] ====================== | [ERROR] Full classname legend: | [ERROR] ====================== | [ERROR] AbstractGenerateMojo:        ""io.github.ascopes.protobufmavenplugin.mojo.AbstractGenerateMojo"" | [ERROR] ClassLoaders$AppClassLoader: ""jdk.internal.loader.ClassLoaders$AppClassLoader"" | [ERROR] LocatorWiring:               ""org.eclipse.sisu.wire.LocatorWiring"" | [ERROR] Mojo:                        ""org.apache.maven.plugin.Mojo"" | [ERROR] Named:                       ""com.google.inject.name.Named"" | [ERROR] PlexusBindingModule:         ""org.eclipse.sisu.plexus.PlexusBindingModule"" | [ERROR] ProtobufBuildOrchestrator:   ""io.github.ascopes.protobufmavenplugin.generation.ProtobufBuildOrchestrator"" | [ERROR] ProtocResolver:              ""io.github.ascopes.protobufmavenplugin.protoc.ProtocResolver"" | [ERROR] TestGenerateMojo:            ""io.github.ascopes.protobufmavenplugin.mojo.TestGenerateMojo"" | [ERROR] TypeArguments$Implicit:      ""org.eclipse.sisu.inject.TypeArguments$Implicit"" | [ERROR] WireModule:                  ""org.eclipse.sisu.wire.WireModule"" | [ERROR] ======================== | [ERROR] End of classname legend: | [ERROR] ======================== | [ERROR] | [ERROR]       role: org.apache.maven.plugin.Mojo | [ERROR]   roleHint: io.github.ascopes:protobuf-maven-plugin:4.1.3:generate-test | [ERROR] -> [Help 1] | [ERROR] | [ERROR] To see the full stack trace of the errors, re-run Maven with the -e switch. | [ERROR] Re-run Maven using the -X switch to enable full debug logging. | [ERROR] | [ERROR] For more information about the errors and possible solutions, please read the following articles: | [ERROR] [Help 1] http://cwiki.apache.org/confluence/display/MAVEN/PluginContainerException | [ERROR] | [ERROR] After correcting the problems, you can resume the build with the command | [ERROR]   mvn <args> -rf :proto"
2026-03-29T14:09:38.899999+00:00,google__gson,google__gson,refs/remotes/origin/main,7,dfe9524edb23a1c8004fcb22266ef71a8848531a,Bump actions/setup-java from 5.1.0 to 5.2.0 in the github-actions group (#2985),maven,mvn -B clean package -DskipTests -Dmaven.repo.local=/data/tmp-build/cache/m2,20.295181,1,build_failed,"[ERROR] ====================== | [ERROR] Full classname legend: | [ERROR] ====================== | [ERROR] AbstractGenerateMojo:        ""io.github.ascopes.protobufmavenplugin.mojo.AbstractGenerateMojo"" | [ERROR] ClassLoaders$AppClassLoader: ""jdk.internal.loader.ClassLoaders$AppClassLoader"" | [ERROR] LocatorWiring:               ""org.eclipse.sisu.wire.LocatorWiring"" | [ERROR] Mojo:                        ""org.apache.maven.plugin.Mojo"" | [ERROR] Named:                       ""com.google.inject.name.Named"" | [ERROR] PlexusBindingModule:         ""org.eclipse.sisu.plexus.PlexusBindingModule"" | [ERROR] ProtobufBuildOrchestrator:   ""io.github.ascopes.protobufmavenplugin.generation.ProtobufBuildOrchestrator"" | [ERROR] ProtocResolver:              ""io.github.ascopes.protobufmavenplugin.protoc.ProtocResolver"" | [ERROR] TestGenerateMojo:            ""io.github.ascopes.protobufmavenplugin.mojo.TestGenerateMojo"" | [ERROR] TypeArguments$Implicit:      ""org.eclipse.sisu.inject.TypeArguments$Implicit"" | [ERROR] WireModule:                  ""org.eclipse.sisu.wire.WireModule"" | [ERROR] ======================== | [ERROR] End of classname legend: | [ERROR] ======================== | [ERROR] | [ERROR]       role: org.apache.maven.plugin.Mojo | [ERROR]   roleHint: io.github.ascopes:protobuf-maven-plugin:4.1.2:generate-test | [ERROR] -> [Help 1] | [ERROR] | [ERROR] To see the full stack trace of the errors, re-run Maven with the -e switch. | [ERROR] Re-run Maven using the -X switch to enable full debug logging. | [ERROR] | [ERROR] For more information about the errors and possible solutions, please read the following articles: | [ERROR] [Help 1] http://cwiki.apache.org/confluence/display/MAVEN/PluginContainerException | [ERROR] | [ERROR] After correcting the problems, you can resume the build with the command | [ERROR]   mvn <args> -rf :proto"
2026-03-29T14:09:57.539241+00:00,google__gson,google__gson,refs/remotes/origin/main,8,a8e6c962ea4f0eed90a3e81f406fb27ed2f4298d,Improve `JsonArrayAsListTest#testContains` (#2982),maven,mvn -B clean package -DskipTests -Dmaven.repo.local=/data/tmp-build/cache/m2,18.603039,1,build_failed,"[ERROR] ====================== | [ERROR] Full classname legend: | [ERROR] ====================== | [ERROR] AbstractGenerateMojo:        ""io.github.ascopes.protobufmavenplugin.mojo.AbstractGenerateMojo"" | [ERROR] ClassLoaders$AppClassLoader: ""jdk.internal.loader.ClassLoaders$AppClassLoader"" | [ERROR] LocatorWiring:               ""org.eclipse.sisu.wire.LocatorWiring"" | [ERROR] Mojo:                        ""org.apache.maven.plugin.Mojo"" | [ERROR] Named:                       ""com.google.inject.name.Named"" | [ERROR] PlexusBindingModule:         ""org.eclipse.sisu.plexus.PlexusBindingModule"" | [ERROR] ProtobufBuildOrchestrator:   ""io.github.ascopes.protobufmavenplugin.generation.ProtobufBuildOrchestrator"" | [ERROR] ProtocResolver:              ""io.github.ascopes.protobufmavenplugin.protoc.ProtocResolver"" | [ERROR] TestGenerateMojo:            ""io.github.ascopes.protobufmavenplugin.mojo.TestGenerateMojo"" | [ERROR] TypeArguments$Implicit:      ""org.eclipse.sisu.inject.TypeArguments$Implicit"" | [ERROR] WireModule:                  ""org.eclipse.sisu.wire.WireModule"" | [ERROR] ======================== | [ERROR] End of classname legend: | [ERROR] ======================== | [ERROR] | [ERROR]       role: org.apache.maven.plugin.Mojo | [ERROR]   roleHint: io.github.ascopes:protobuf-maven-plugin:4.1.2:generate-test | [ERROR] -> [Help 1] | [ERROR] | [ERROR] To see the full stack trace of the errors, re-run Maven with the -e switch. | [ERROR] Re-run Maven using the -X switch to enable full debug logging. | [ERROR] | [ERROR] For more information about the errors and possible solutions, please read the following articles: | [ERROR] [Help 1] http://cwiki.apache.org/confluence/display/MAVEN/PluginContainerException | [ERROR] | [ERROR] After correcting the problems, you can resume the build with the command | [ERROR]   mvn <args> -rf :proto"
2026-03-29T14:10:16.207222+00:00,google__gson,google__gson,refs/remotes/origin/main,9,ecfda126ef81fe58a59f5355ad58efaf0fe62d01,Bump the maven group across 1 directory with 16 updates (#2979),maven,mvn -B clean package -DskipTests -Dmaven.repo.local=/data/tmp-build/cache/m2,18.632526,1,build_failed,"[ERROR] ====================== | [ERROR] Full classname legend: | [ERROR] ====================== | [ERROR] AbstractGenerateMojo:        ""io.github.ascopes.protobufmavenplugin.mojo.AbstractGenerateMojo"" | [ERROR] ClassLoaders$AppClassLoader: ""jdk.internal.loader.ClassLoaders$AppClassLoader"" | [ERROR] LocatorWiring:               ""org.eclipse.sisu.wire.LocatorWiring"" | [ERROR] Mojo:                        ""org.apache.maven.plugin.Mojo"" | [ERROR] Named:                       ""com.google.inject.name.Named"" | [ERROR] PlexusBindingModule:         ""org.eclipse.sisu.plexus.PlexusBindingModule"" | [ERROR] ProtobufBuildOrchestrator:   ""io.github.ascopes.protobufmavenplugin.generation.ProtobufBuildOrchestrator"" | [ERROR] ProtocResolver:              ""io.github.ascopes.protobufmavenplugin.protoc.ProtocResolver"" | [ERROR] TestGenerateMojo:            ""io.github.ascopes.protobufmavenplugin.mojo.TestGenerateMojo"" | [ERROR] TypeArguments$Implicit:      ""org.eclipse.sisu.inject.TypeArguments$Implicit"" | [ERROR] WireModule:                  ""org.eclipse.sisu.wire.WireModule"" | [ERROR] ======================== | [ERROR] End of classname legend: | [ERROR] ======================== | [ERROR] | [ERROR]       role: org.apache.maven.plugin.Mojo | [ERROR]   roleHint: io.github.ascopes:protobuf-maven-plugin:4.1.2:generate-test | [ERROR] -> [Help 1] | [ERROR] | [ERROR] To see the full stack trace of the errors, re-run Maven with the -e switch. | [ERROR] Re-run Maven using the -X switch to enable full debug logging. | [ERROR] | [ERROR] For more information about the errors and possible solutions, please read the following articles: | [ERROR] [Help 1] http://cwiki.apache.org/confluence/display/MAVEN/PluginContainerException | [ERROR] | [ERROR] After correcting the problems, you can resume the build with the command | [ERROR]   mvn <args> -rf :proto"
2026-03-29T14:10:39.215449+00:00,google__gson,google__gson,refs/remotes/origin/main,10,6fd6a95c732371a7e5a1cb4007fd650eef0b0d10,Fix some assertions that trigger nullness static analysis. (#2981),maven,mvn -B clean package -DskipTests -Dmaven.repo.local=/data/tmp-build/cache/m2,22.965674,1,build_failed,"[ERROR] ====================== | [ERROR] Full classname legend: | [ERROR] ====================== | [ERROR] AbstractGenerateMojo:        ""io.github.ascopes.protobufmavenplugin.mojo.AbstractGenerateMojo"" | [ERROR] ClassLoaders$AppClassLoader: ""jdk.internal.loader.ClassLoaders$AppClassLoader"" | [ERROR] LocatorWiring:               ""org.eclipse.sisu.wire.LocatorWiring"" | [ERROR] Mojo:                        ""org.apache.maven.plugin.Mojo"" | [ERROR] Named:                       ""com.google.inject.name.Named"" | [ERROR] PlexusBindingModule:         ""org.eclipse.sisu.plexus.PlexusBindingModule"" | [ERROR] ProtobufBuildOrchestrator:   ""io.github.ascopes.protobufmavenplugin.generation.ProtobufBuildOrchestrator"" | [ERROR] ProtocResolver:              ""io.github.ascopes.protobufmavenplugin.protoc.ProtocResolver"" | [ERROR] TestGenerateMojo:            ""io.github.ascopes.protobufmavenplugin.mojo.TestGenerateMojo"" | [ERROR] TypeArguments$Implicit:      ""org.eclipse.sisu.inject.TypeArguments$Implicit"" | [ERROR] WireModule:                  ""org.eclipse.sisu.wire.WireModule"" | [ERROR] ======================== | [ERROR] End of classname legend: | [ERROR] ======================== | [ERROR] | [ERROR]       role: org.apache.maven.plugin.Mojo | [ERROR]   roleHint: io.github.ascopes:protobuf-maven-plugin:4.0.3:generate-test | [ERROR] -> [Help 1] | [ERROR] | [ERROR] To see the full stack trace of the errors, re-run Maven with the -e switch. | [ERROR] Re-run Maven using the -X switch to enable full debug logging. | [ERROR] | [ERROR] For more information about the errors and possible solutions, please read the following articles: | [ERROR] [Help 1] http://cwiki.apache.org/confluence/display/MAVEN/PluginContainerException | [ERROR] | [ERROR] After correcting the problems, you can resume the build with the command | [ERROR]   mvn <args> -rf :proto"
2026-03-29T14:10:57.963762+00:00,google__gson,google__gson,refs/remotes/origin/main,11,11daec5fe1229d4c2204e2931f8b78959a755640,Remove a duplicate test assertion that triggers Error Prone. (#2980),maven,mvn -B clean package -DskipTests -Dmaven.repo.local=/data/tmp-build/cache/m2,18.71312,1,build_failed,"[ERROR] ====================== | [ERROR] Full classname legend: | [ERROR] ====================== | [ERROR] AbstractGenerateMojo:        ""io.github.ascopes.protobufmavenplugin.mojo.AbstractGenerateMojo"" | [ERROR] ClassLoaders$AppClassLoader: ""jdk.internal.loader.ClassLoaders$AppClassLoader"" | [ERROR] LocatorWiring:               ""org.eclipse.sisu.wire.LocatorWiring"" | [ERROR] Mojo:                        ""org.apache.maven.plugin.Mojo"" | [ERROR] Named:                       ""com.google.inject.name.Named"" | [ERROR] PlexusBindingModule:         ""org.eclipse.sisu.plexus.PlexusBindingModule"" | [ERROR] ProtobufBuildOrchestrator:   ""io.github.ascopes.protobufmavenplugin.generation.ProtobufBuildOrchestrator"" | [ERROR] ProtocResolver:              ""io.github.ascopes.protobufmavenplugin.protoc.ProtocResolver"" | [ERROR] TestGenerateMojo:            ""io.github.ascopes.protobufmavenplugin.mojo.TestGenerateMojo"" | [ERROR] TypeArguments$Implicit:      ""org.eclipse.sisu.inject.TypeArguments$Implicit"" | [ERROR] WireModule:                  ""org.eclipse.sisu.wire.WireModule"" | [ERROR] ======================== | [ERROR] End of classname legend: | [ERROR] ======================== | [ERROR] | [ERROR]       role: org.apache.maven.plugin.Mojo | [ERROR]   roleHint: io.github.ascopes:protobuf-maven-plugin:4.0.3:generate-test | [ERROR] -> [Help 1] | [ERROR] | [ERROR] To see the full stack trace of the errors, re-run Maven with the -e switch. | [ERROR] Re-run Maven using the -X switch to enable full debug logging. | [ERROR] | [ERROR] For more information about the errors and possible solutions, please read the following articles: | [ERROR] [Help 1] http://cwiki.apache.org/confluence/display/MAVEN/PluginContainerException | [ERROR] | [ERROR] After correcting the problems, you can resume the build with the command | [ERROR]   mvn <args> -rf :proto"
2026-03-29T14:11:16.692677+00:00,google__gson,google__gson,refs/remotes/origin/main,12,f50fcb2bd6604d2d6d56ee802b62dc603259341c,Add a newly-required Error Prone option. (#2978),maven,mvn -B clean package -DskipTests -Dmaven.repo.local=/data/tmp-build/cache/m2,18.694212,1,build_failed,"[ERROR] ====================== | [ERROR] Full classname legend: | [ERROR] ====================== | [ERROR] AbstractGenerateMojo:        ""io.github.ascopes.protobufmavenplugin.mojo.AbstractGenerateMojo"" | [ERROR] ClassLoaders$AppClassLoader: ""jdk.internal.loader.ClassLoaders$AppClassLoader"" | [ERROR] LocatorWiring:               ""org.eclipse.sisu.wire.LocatorWiring"" | [ERROR] Mojo:                        ""org.apache.maven.plugin.Mojo"" | [ERROR] Named:                       ""com.google.inject.name.Named"" | [ERROR] PlexusBindingModule:         ""org.eclipse.sisu.plexus.PlexusBindingModule"" | [ERROR] ProtobufBuildOrchestrator:   ""io.github.ascopes.protobufmavenplugin.generation.ProtobufBuildOrchestrator"" | [ERROR] ProtocResolver:              ""io.github.ascopes.protobufmavenplugin.protoc.ProtocResolver"" | [ERROR] TestGenerateMojo:            ""io.github.ascopes.protobufmavenplugin.mojo.TestGenerateMojo"" | [ERROR] TypeArguments$Implicit:      ""org.eclipse.sisu.inject.TypeArguments$Implicit"" | [ERROR] WireModule:                  ""org.eclipse.sisu.wire.WireModule"" | [ERROR] ======================== | [ERROR] End of classname legend: | [ERROR] ======================== | [ERROR] | [ERROR]       role: org.apache.maven.plugin.Mojo | [ERROR]   roleHint: io.github.ascopes:protobuf-maven-plugin:4.0.3:generate-test | [ERROR] -> [Help 1] | [ERROR] | [ERROR] To see the full stack trace of the errors, re-run Maven with the -e switch. | [ERROR] Re-run Maven using the -X switch to enable full debug logging. | [ERROR] | [ERROR] For more information about the errors and possible solutions, please read the following articles: | [ERROR] [Help 1] http://cwiki.apache.org/confluence/display/MAVEN/PluginContainerException | [ERROR] | [ERROR] After correcting the problems, you can resume the build with the command | [ERROR]   mvn <args> -rf :proto"
2026-03-29T14:11:35.474689+00:00,google__gson,google__gson,refs/remotes/origin/main,13,5aece58d3f287f52e9df55937c0e08216663c342,Bump the github-actions group with 2 updates (#2976),maven,mvn -B clean package -DskipTests -Dmaven.repo.local=/data/tmp-build/cache/m2,18.747114,1,build_failed,"[ERROR] ====================== | [ERROR] Full classname legend: | [ERROR] ====================== | [ERROR] AbstractGenerateMojo:        ""io.github.ascopes.protobufmavenplugin.mojo.AbstractGenerateMojo"" | [ERROR] ClassLoaders$AppClassLoader: ""jdk.internal.loader.ClassLoaders$AppClassLoader"" | [ERROR] LocatorWiring:               ""org.eclipse.sisu.wire.LocatorWiring"" | [ERROR] Mojo:                        ""org.apache.maven.plugin.Mojo"" | [ERROR] Named:                       ""com.google.inject.name.Named"" | [ERROR] PlexusBindingModule:         ""org.eclipse.sisu.plexus.PlexusBindingModule"" | [ERROR] ProtobufBuildOrchestrator:   ""io.github.ascopes.protobufmavenplugin.generation.ProtobufBuildOrchestrator"" | [ERROR] ProtocResolver:              ""io.github.ascopes.protobufmavenplugin.protoc.ProtocResolver"" | [ERROR] TestGenerateMojo:            ""io.github.ascopes.protobufmavenplugin.mojo.TestGenerateMojo"" | [ERROR] TypeArguments$Implicit:      ""org.eclipse.sisu.inject.TypeArguments$Implicit"" | [ERROR] WireModule:                  ""org.eclipse.sisu.wire.WireModule"" | [ERROR] ======================== | [ERROR] End of classname legend: | [ERROR] ======================== | [ERROR] | [ERROR]       role: org.apache.maven.plugin.Mojo | [ERROR]   roleHint: io.github.ascopes:protobuf-maven-plugin:4.0.3:generate-test | [ERROR] -> [Help 1] | [ERROR] | [ERROR] To see the full stack trace of the errors, re-run Maven with the -e switch. | [ERROR] Re-run Maven using the -X switch to enable full debug logging. | [ERROR] | [ERROR] For more information about the errors and possible solutions, please read the following articles: | [ERROR] [Help 1] http://cwiki.apache.org/confluence/display/MAVEN/PluginContainerException | [ERROR] | [ERROR] After correcting the problems, you can resume the build with the command | [ERROR]   mvn <args> -rf :proto"
2026-03-29T14:11:54.076889+00:00,google__gson,google__gson,refs/remotes/origin/main,14,8526dbd2f0a7e61d5fbcc5caa163f2352fb0ddc0,Optimize `new Gson()` (#2864),maven,mvn -B clean package -DskipTests -Dmaven.repo.local=/data/tmp-build/cache/m2,18.567665,1,build_failed,"[ERROR] ====================== | [ERROR] Full classname legend: | [ERROR] ====================== | [ERROR] AbstractGenerateMojo:        ""io.github.ascopes.protobufmavenplugin.mojo.AbstractGenerateMojo"" | [ERROR] ClassLoaders$AppClassLoader: ""jdk.internal.loader.ClassLoaders$AppClassLoader"" | [ERROR] LocatorWiring:               ""org.eclipse.sisu.wire.LocatorWiring"" | [ERROR] Mojo:                        ""org.apache.maven.plugin.Mojo"" | [ERROR] Named:                       ""com.google.inject.name.Named"" | [ERROR] PlexusBindingModule:         ""org.eclipse.sisu.plexus.PlexusBindingModule"" | [ERROR] ProtobufBuildOrchestrator:   ""io.github.ascopes.protobufmavenplugin.generation.ProtobufBuildOrchestrator"" | [ERROR] ProtocResolver:              ""io.github.ascopes.protobufmavenplugin.protoc.ProtocResolver"" | [ERROR] TestGenerateMojo:            ""io.github.ascopes.protobufmavenplugin.mojo.TestGenerateMojo"" | [ERROR] TypeArguments$Implicit:      ""org.eclipse.sisu.inject.TypeArguments$Implicit"" | [ERROR] WireModule:                  ""org.eclipse.sisu.wire.WireModule"" | [ERROR] ======================== | [ERROR] End of classname legend: | [ERROR] ======================== | [ERROR] | [ERROR]       role: org.apache.maven.plugin.Mojo | [ERROR]   roleHint: io.github.ascopes:protobuf-maven-plugin:4.0.3:generate-test | [ERROR] -> [Help 1] | [ERROR] | [ERROR] To see the full stack trace of the errors, re-run Maven with the -e switch. | [ERROR] Re-run Maven using the -X switch to enable full debug logging. | [ERROR] | [ERROR] For more information about the errors and possible solutions, please read the following articles: | [ERROR] [Help 1] http://cwiki.apache.org/confluence/display/MAVEN/PluginContainerException | [ERROR] | [ERROR] After correcting the problems, you can resume the build with the command | [ERROR]   mvn <args> -rf :proto"
2026-03-29T14:12:12.706394+00:00,google__gson,google__gson,refs/remotes/origin/main,15,286843d4a90a4690e5e1f438c944569b3fbfb1d2,refactor: move derived adapters from Gson to TypeAdapters (#2951),maven,mvn -B clean package -DskipTests -Dmaven.repo.local=/data/tmp-build/cache/m2,18.591666,1,build_failed,"[ERROR] ====================== | [ERROR] Full classname legend: | [ERROR] ====================== | [ERROR] AbstractGenerateMojo:        ""io.github.ascopes.protobufmavenplugin.mojo.AbstractGenerateMojo"" | [ERROR] ClassLoaders$AppClassLoader: ""jdk.internal.loader.ClassLoaders$AppClassLoader"" | [ERROR] LocatorWiring:               ""org.eclipse.sisu.wire.LocatorWiring"" | [ERROR] Mojo:                        ""org.apache.maven.plugin.Mojo"" | [ERROR] Named:                       ""com.google.inject.name.Named"" | [ERROR] PlexusBindingModule:         ""org.eclipse.sisu.plexus.PlexusBindingModule"" | [ERROR] ProtobufBuildOrchestrator:   ""io.github.ascopes.protobufmavenplugin.generation.ProtobufBuildOrchestrator"" | [ERROR] ProtocResolver:              ""io.github.ascopes.protobufmavenplugin.protoc.ProtocResolver"" | [ERROR] TestGenerateMojo:            ""io.github.ascopes.protobufmavenplugin.mojo.TestGenerateMojo"" | [ERROR] TypeArguments$Implicit:      ""org.eclipse.sisu.inject.TypeArguments$Implicit"" | [ERROR] WireModule:                  ""org.eclipse.sisu.wire.WireModule"" | [ERROR] ======================== | [ERROR] End of classname legend: | [ERROR] ======================== | [ERROR] | [ERROR]       role: org.apache.maven.plugin.Mojo | [ERROR]   roleHint: io.github.ascopes:protobuf-maven-plugin:4.0.3:generate-test | [ERROR] -> [Help 1] | [ERROR] | [ERROR] To see the full stack trace of the errors, re-run Maven with the -e switch. | [ERROR] Re-run Maven using the -X switch to enable full debug logging. | [ERROR] | [ERROR] For more information about the errors and possible solutions, please read the following articles: | [ERROR] [Help 1] http://cwiki.apache.org/confluence/display/MAVEN/PluginContainerException | [ERROR] | [ERROR] After correcting the problems, you can resume the build with the command | [ERROR]   mvn <args> -rf :proto"
2026-03-29T14:12:31.499527+00:00,google__gson,google__gson,refs/remotes/origin/main,16,ae9604c201b3ba44babc48e982e012b1d23b69c8,Add default capacity to EnumTypeAdapter maps (#2959),maven,mvn -B clean package -DskipTests -Dmaven.repo.local=/data/tmp-build/cache/m2,18.756291,1,build_failed,"[ERROR] ====================== | [ERROR] Full classname legend: | [ERROR] ====================== | [ERROR] AbstractGenerateMojo:        ""io.github.ascopes.protobufmavenplugin.mojo.AbstractGenerateMojo"" | [ERROR] ClassLoaders$AppClassLoader: ""jdk.internal.loader.ClassLoaders$AppClassLoader"" | [ERROR] LocatorWiring:               ""org.eclipse.sisu.wire.LocatorWiring"" | [ERROR] Mojo:                        ""org.apache.maven.plugin.Mojo"" | [ERROR] Named:                       ""com.google.inject.name.Named"" | [ERROR] PlexusBindingModule:         ""org.eclipse.sisu.plexus.PlexusBindingModule"" | [ERROR] ProtobufBuildOrchestrator:   ""io.github.ascopes.protobufmavenplugin.generation.ProtobufBuildOrchestrator"" | [ERROR] ProtocResolver:              ""io.github.ascopes.protobufmavenplugin.protoc.ProtocResolver"" | [ERROR] TestGenerateMojo:            ""io.github.ascopes.protobufmavenplugin.mojo.TestGenerateMojo"" | [ERROR] TypeArguments$Implicit:      ""org.eclipse.sisu.inject.TypeArguments$Implicit"" | [ERROR] WireModule:                  ""org.eclipse.sisu.wire.WireModule"" | [ERROR] ======================== | [ERROR] End of classname legend: | [ERROR] ======================== | [ERROR] | [ERROR]       role: org.apache.maven.plugin.Mojo | [ERROR]   roleHint: io.github.ascopes:protobuf-maven-plugin:4.0.3:generate-test | [ERROR] -> [Help 1] | [ERROR] | [ERROR] To see the full stack trace of the errors, re-run Maven with the -e switch. | [ERROR] Re-run Maven using the -X switch to enable full debug logging. | [ERROR] | [ERROR] For more information about the errors and possible solutions, please read the following articles: | [ERROR] [Help 1] http://cwiki.apache.org/confluence/display/MAVEN/PluginContainerException | [ERROR] | [ERROR] After correcting the problems, you can resume the build with the command | [ERROR]   mvn <args> -rf :proto"
2026-03-29T14:12:50.163144+00:00,google__gson,google__gson,refs/remotes/origin/main,17,b72dbc40f0fd8aac3c40eebceffb4b6af7474b83,Bump the github-actions group with 5 updates (#2971),maven,mvn -B clean package -DskipTests -Dmaven.repo.local=/data/tmp-build/cache/m2,18.625083,1,build_failed,"[ERROR] ====================== | [ERROR] Full classname legend: | [ERROR] ====================== | [ERROR] AbstractGenerateMojo:        ""io.github.ascopes.protobufmavenplugin.mojo.AbstractGenerateMojo"" | [ERROR] ClassLoaders$AppClassLoader: ""jdk.internal.loader.ClassLoaders$AppClassLoader"" | [ERROR] LocatorWiring:               ""org.eclipse.sisu.wire.LocatorWiring"" | [ERROR] Mojo:                        ""org.apache.maven.plugin.Mojo"" | [ERROR] Named:                       ""com.google.inject.name.Named"" | [ERROR] PlexusBindingModule:         ""org.eclipse.sisu.plexus.PlexusBindingModule"" | [ERROR] ProtobufBuildOrchestrator:   ""io.github.ascopes.protobufmavenplugin.generation.ProtobufBuildOrchestrator"" | [ERROR] ProtocResolver:              ""io.github.ascopes.protobufmavenplugin.protoc.ProtocResolver"" | [ERROR] TestGenerateMojo:            ""io.github.ascopes.protobufmavenplugin.mojo.TestGenerateMojo"" | [ERROR] TypeArguments$Implicit:      ""org.eclipse.sisu.inject.TypeArguments$Implicit"" | [ERROR] WireModule:                  ""org.eclipse.sisu.wire.WireModule"" | [ERROR] ======================== | [ERROR] End of classname legend: | [ERROR] ======================== | [ERROR] | [ERROR]       role: org.apache.maven.plugin.Mojo | [ERROR]   roleHint: io.github.ascopes:protobuf-maven-plugin:4.0.3:generate-test | [ERROR] -> [Help 1] | [ERROR] | [ERROR] To see the full stack trace of the errors, re-run Maven with the -e switch. | [ERROR] Re-run Maven using the -X switch to enable full debug logging. | [ERROR] | [ERROR] For more information about the errors and possible solutions, please read the following articles: | [ERROR] [Help 1] http://cwiki.apache.org/confluence/display/MAVEN/PluginContainerException | [ERROR] | [ERROR] After correcting the problems, you can resume the build with the command | [ERROR]   mvn <args> -rf :proto"
2026-03-29T14:13:08.995098+00:00,google__gson,google__gson,refs/remotes/origin/main,18,bf5d3d66e106cc8376c45e52c7cb46278fc63857,Update `test-graal-native-image`. (#2969),maven,mvn -B clean package -DskipTests -Dmaven.repo.local=/data/tmp-build/cache/m2,18.796705,1,build_failed,"[ERROR] ====================== | [ERROR] Full classname legend: | [ERROR] ====================== | [ERROR] AbstractGenerateMojo:        ""io.github.ascopes.protobufmavenplugin.mojo.AbstractGenerateMojo"" | [ERROR] ClassLoaders$AppClassLoader: ""jdk.internal.loader.ClassLoaders$AppClassLoader"" | [ERROR] LocatorWiring:               ""org.eclipse.sisu.wire.LocatorWiring"" | [ERROR] Mojo:                        ""org.apache.maven.plugin.Mojo"" | [ERROR] Named:                       ""com.google.inject.name.Named"" | [ERROR] PlexusBindingModule:         ""org.eclipse.sisu.plexus.PlexusBindingModule"" | [ERROR] ProtobufBuildOrchestrator:   ""io.github.ascopes.protobufmavenplugin.generation.ProtobufBuildOrchestrator"" | [ERROR] ProtocResolver:              ""io.github.ascopes.protobufmavenplugin.protoc.ProtocResolver"" | [ERROR] TestGenerateMojo:            ""io.github.ascopes.protobufmavenplugin.mojo.TestGenerateMojo"" | [ERROR] TypeArguments$Implicit:      ""org.eclipse.sisu.inject.TypeArguments$Implicit"" | [ERROR] WireModule:                  ""org.eclipse.sisu.wire.WireModule"" | [ERROR] ======================== | [ERROR] End of classname legend: | [ERROR] ======================== | [ERROR] | [ERROR]       role: org.apache.maven.plugin.Mojo | [ERROR]   roleHint: io.github.ascopes:protobuf-maven-plugin:4.0.3:generate-test | [ERROR] -> [Help 1] | [ERROR] | [ERROR] To see the full stack trace of the errors, re-run Maven with the -e switch. | [ERROR] Re-run Maven using the -X switch to enable full debug logging. | [ERROR] | [ERROR] For more information about the errors and possible solutions, please read the following articles: | [ERROR] [Help 1] http://cwiki.apache.org/confluence/display/MAVEN/PluginContainerException | [ERROR] | [ERROR] After correcting the problems, you can resume the build with the command | [ERROR]   mvn <args> -rf :proto"
2026-03-29T14:13:28.714220+00:00,google__gson,google__gson,refs/remotes/origin/main,19,c97cad3b59a3d215623b757e7c38eeb2364a79a3,Bump the maven group across 1 directory with several updates (#2967),maven,mvn -B clean package -DskipTests -Dmaven.repo.local=/data/tmp-build/cache/m2,19.684,1,build_failed,"[ERROR] ====================== | [ERROR] Full classname legend: | [ERROR] ====================== | [ERROR] AbstractGenerateMojo:        ""io.github.ascopes.protobufmavenplugin.mojo.AbstractGenerateMojo"" | [ERROR] ClassLoaders$AppClassLoader: ""jdk.internal.loader.ClassLoaders$AppClassLoader"" | [ERROR] LocatorWiring:               ""org.eclipse.sisu.wire.LocatorWiring"" | [ERROR] Mojo:                        ""org.apache.maven.plugin.Mojo"" | [ERROR] Named:                       ""com.google.inject.name.Named"" | [ERROR] PlexusBindingModule:         ""org.eclipse.sisu.plexus.PlexusBindingModule"" | [ERROR] ProtobufBuildOrchestrator:   ""io.github.ascopes.protobufmavenplugin.generation.ProtobufBuildOrchestrator"" | [ERROR] ProtocResolver:              ""io.github.ascopes.protobufmavenplugin.protoc.ProtocResolver"" | [ERROR] TestGenerateMojo:            ""io.github.ascopes.protobufmavenplugin.mojo.TestGenerateMojo"" | [ERROR] TypeArguments$Implicit:      ""org.eclipse.sisu.inject.TypeArguments$Implicit"" | [ERROR] WireModule:                  ""org.eclipse.sisu.wire.WireModule"" | [ERROR] ======================== | [ERROR] End of classname legend: | [ERROR] ======================== | [ERROR] | [ERROR]       role: org.apache.maven.plugin.Mojo | [ERROR]   roleHint: io.github.ascopes:protobuf-maven-plugin:4.0.3:generate-test | [ERROR] -> [Help 1] | [ERROR] | [ERROR] To see the full stack trace of the errors, re-run Maven with the -e switch. | [ERROR] Re-run Maven using the -X switch to enable full debug logging. | [ERROR] | [ERROR] For more information about the errors and possible solutions, please read the following articles: | [ERROR] [Help 1] http://cwiki.apache.org/confluence/display/MAVEN/PluginContainerException | [ERROR] | [ERROR] After correcting the problems, you can resume the build with the command | [ERROR]   mvn <args> -rf :proto"
2026-03-29T14:13:50.057178+00:00,google__gson,google__gson,refs/remotes/origin/main,20,7878ee2b3c7d71278e94e01b5896b5179df3a29a,Don't rely on Android desugaring. (#2966),maven,mvn -B clean package -DskipTests -Dmaven.repo.local=/data/tmp-build/cache/m2,21.306749,1,build_failed,"[ERROR] ====================== | [ERROR] Full classname legend: | [ERROR] ====================== | [ERROR] AbstractGenerateMojo:        ""io.github.ascopes.protobufmavenplugin.mojo.AbstractGenerateMojo"" | [ERROR] ClassLoaders$AppClassLoader: ""jdk.internal.loader.ClassLoaders$AppClassLoader"" | [ERROR] LocatorWiring:               ""org.eclipse.sisu.wire.LocatorWiring"" | [ERROR] Mojo:                        ""org.apache.maven.plugin.Mojo"" | [ERROR] Named:                       ""com.google.inject.name.Named"" | [ERROR] PlexusBindingModule:         ""org.eclipse.sisu.plexus.PlexusBindingModule"" | [ERROR] ProtobufBuildOrchestrator:   ""io.github.ascopes.protobufmavenplugin.generation.ProtobufBuildOrchestrator"" | [ERROR] ProtocResolver:              ""io.github.ascopes.protobufmavenplugin.protoc.ProtocResolver"" | [ERROR] TestGenerateMojo:            ""io.github.ascopes.protobufmavenplugin.mojo.TestGenerateMojo"" | [ERROR] TypeArguments$Implicit:      ""org.eclipse.sisu.inject.TypeArguments$Implicit"" | [ERROR] WireModule:                  ""org.eclipse.sisu.wire.WireModule"" | [ERROR] ======================== | [ERROR] End of classname legend: | [ERROR] ======================== | [ERROR] | [ERROR]       role: org.apache.maven.plugin.Mojo | [ERROR]   roleHint: io.github.ascopes:protobuf-maven-plugin:4.0.3:generate-test | [ERROR] -> [Help 1] | [ERROR] | [ERROR] To see the full stack trace of the errors, re-run Maven with the -e switch. | [ERROR] Re-run Maven using the -X switch to enable full debug logging. | [ERROR] | [ERROR] For more information about the errors and possible solutions, please read the following articles: | [ERROR] [Help 1] http://cwiki.apache.org/confluence/display/MAVEN/PluginContainerException | [ERROR] | [ERROR] After correcting the problems, you can resume the build with the command | [ERROR]   mvn <args> -rf :proto"
2026-03-29T14:14:08.854077+00:00,google__gson,google__gson,refs/remotes/origin/main,21,c47db7bc13875db690bcfb76e02b1e1bbb3a3353,Add type adapters for `java.time` classes (#2948),maven,mvn -B clean package -DskipTests -Dmaven.repo.local=/data/tmp-build/cache/m2,18.759542,1,build_failed,"[ERROR] ====================== | [ERROR] Full classname legend: | [ERROR] ====================== | [ERROR] AbstractGenerateMojo:        ""io.github.ascopes.protobufmavenplugin.mojo.AbstractGenerateMojo"" | [ERROR] ClassLoaders$AppClassLoader: ""jdk.internal.loader.ClassLoaders$AppClassLoader"" | [ERROR] LocatorWiring:               ""org.eclipse.sisu.wire.LocatorWiring"" | [ERROR] Mojo:                        ""org.apache.maven.plugin.Mojo"" | [ERROR] Named:                       ""com.google.inject.name.Named"" | [ERROR] PlexusBindingModule:         ""org.eclipse.sisu.plexus.PlexusBindingModule"" | [ERROR] ProtobufBuildOrchestrator:   ""io.github.ascopes.protobufmavenplugin.generation.ProtobufBuildOrchestrator"" | [ERROR] ProtocResolver:              ""io.github.ascopes.protobufmavenplugin.protoc.ProtocResolver"" | [ERROR] TestGenerateMojo:            ""io.github.ascopes.protobufmavenplugin.mojo.TestGenerateMojo"" | [ERROR] TypeArguments$Implicit:      ""org.eclipse.sisu.inject.TypeArguments$Implicit"" | [ERROR] WireModule:                  ""org.eclipse.sisu.wire.WireModule"" | [ERROR] ======================== | [ERROR] End of classname legend: | [ERROR] ======================== | [ERROR] | [ERROR]       role: org.apache.maven.plugin.Mojo | [ERROR]   roleHint: io.github.ascopes:protobuf-maven-plugin:4.0.3:generate-test | [ERROR] -> [Help 1] | [ERROR] | [ERROR] To see the full stack trace of the errors, re-run Maven with the -e switch. | [ERROR] Re-run Maven using the -X switch to enable full debug logging. | [ERROR] | [ERROR] For more information about the errors and possible solutions, please read the following articles: | [ERROR] [Help 1] http://cwiki.apache.org/confluence/display/MAVEN/PluginContainerException | [ERROR] | [ERROR] After correcting the problems, you can resume the build with the command | [ERROR]   mvn <args> -rf :proto"
2026-03-29T14:14:27.315868+00:00,google__gson,google__gson,refs/remotes/origin/main,22,dfc1ce001b46cb1c022012aa08152852b67dbdc9,Update `OSGiManifestIT` not to depend on order. (#2965),maven,mvn -B clean package -DskipTests -Dmaven.repo.local=/data/tmp-build/cache/m2,18.425134,1,build_failed,"[ERROR] ====================== | [ERROR] Full classname legend: | [ERROR] ====================== | [ERROR] AbstractGenerateMojo:        ""io.github.ascopes.protobufmavenplugin.mojo.AbstractGenerateMojo"" | [ERROR] ClassLoaders$AppClassLoader: ""jdk.internal.loader.ClassLoaders$AppClassLoader"" | [ERROR] LocatorWiring:               ""org.eclipse.sisu.wire.LocatorWiring"" | [ERROR] Mojo:                        ""org.apache.maven.plugin.Mojo"" | [ERROR] Named:                       ""com.google.inject.name.Named"" | [ERROR] PlexusBindingModule:         ""org.eclipse.sisu.plexus.PlexusBindingModule"" | [ERROR] ProtobufBuildOrchestrator:   ""io.github.ascopes.protobufmavenplugin.generation.ProtobufBuildOrchestrator"" | [ERROR] ProtocResolver:              ""io.github.ascopes.protobufmavenplugin.protoc.ProtocResolver"" | [ERROR] TestGenerateMojo:            ""io.github.ascopes.protobufmavenplugin.mojo.TestGenerateMojo"" | [ERROR] TypeArguments$Implicit:      ""org.eclipse.sisu.inject.TypeArguments$Implicit"" | [ERROR] WireModule:                  ""org.eclipse.sisu.wire.WireModule"" | [ERROR] ======================== | [ERROR] End of classname legend: | [ERROR] ======================== | [ERROR] | [ERROR]       role: org.apache.maven.plugin.Mojo | [ERROR]   roleHint: io.github.ascopes:protobuf-maven-plugin:4.0.3:generate-test | [ERROR] -> [Help 1] | [ERROR] | [ERROR] To see the full stack trace of the errors, re-run Maven with the -e switch. | [ERROR] Re-run Maven using the -X switch to enable full debug logging. | [ERROR] | [ERROR] For more information about the errors and possible solutions, please read the following articles: | [ERROR] [Help 1] http://cwiki.apache.org/confluence/display/MAVEN/PluginContainerException | [ERROR] | [ERROR] After correcting the problems, you can resume the build with the command | [ERROR]   mvn <args> -rf :proto"
2026-03-29T14:14:46.997959+00:00,google__gson,google__gson,refs/remotes/origin/main,23,d437954171858e0efd53f7720acf480f11176535,Fix outdated comment (#2954),maven,mvn -B clean package -DskipTests -Dmaven.repo.local=/data/tmp-build/cache/m2,19.646863,1,build_failed,"[ERROR] ====================== | [ERROR] Full classname legend: | [ERROR] ====================== | [ERROR] AbstractGenerateMojo:        ""io.github.ascopes.protobufmavenplugin.mojo.AbstractGenerateMojo"" | [ERROR] ClassLoaders$AppClassLoader: ""jdk.internal.loader.ClassLoaders$AppClassLoader"" | [ERROR] LocatorWiring:               ""org.eclipse.sisu.wire.LocatorWiring"" | [ERROR] Mojo:                        ""org.apache.maven.plugin.Mojo"" | [ERROR] Named:                       ""com.google.inject.name.Named"" | [ERROR] PlexusBindingModule:         ""org.eclipse.sisu.plexus.PlexusBindingModule"" | [ERROR] ProtobufBuildOrchestrator:   ""io.github.ascopes.protobufmavenplugin.generation.ProtobufBuildOrchestrator"" | [ERROR] ProtocResolver:              ""io.github.ascopes.protobufmavenplugin.protoc.ProtocResolver"" | [ERROR] TestGenerateMojo:            ""io.github.ascopes.protobufmavenplugin.mojo.TestGenerateMojo"" | [ERROR] TypeArguments$Implicit:      ""org.eclipse.sisu.inject.TypeArguments$Implicit"" | [ERROR] WireModule:                  ""org.eclipse.sisu.wire.WireModule"" | [ERROR] ======================== | [ERROR] End of classname legend: | [ERROR] ======================== | [ERROR] | [ERROR]       role: org.apache.maven.plugin.Mojo | [ERROR]   roleHint: io.github.ascopes:protobuf-maven-plugin:4.0.2:generate-test | [ERROR] -> [Help 1] | [ERROR] | [ERROR] To see the full stack trace of the errors, re-run Maven with the -e switch. | [ERROR] Re-run Maven using the -X switch to enable full debug logging. | [ERROR] | [ERROR] For more information about the errors and possible solutions, please read the following articles: | [ERROR] [Help 1] http://cwiki.apache.org/confluence/display/MAVEN/PluginContainerException | [ERROR] | [ERROR] After correcting the problems, you can resume the build with the command | [ERROR]   mvn <args> -rf :proto"
2026-03-29T14:15:05.540753+00:00,google__gson,google__gson,refs/remotes/origin/main,24,e28fdb9303846b8c46fd5b8776f694149d0389d0,refactor: slightly optimize ConstructorConstructor (#2950),maven,mvn -B clean package -DskipTests -Dmaven.repo.local=/data/tmp-build/cache/m2,18.507355,1,build_failed,"[ERROR] ====================== | [ERROR] Full classname legend: | [ERROR] ====================== | [ERROR] AbstractGenerateMojo:        ""io.github.ascopes.protobufmavenplugin.mojo.AbstractGenerateMojo"" | [ERROR] ClassLoaders$AppClassLoader: ""jdk.internal.loader.ClassLoaders$AppClassLoader"" | [ERROR] LocatorWiring:               ""org.eclipse.sisu.wire.LocatorWiring"" | [ERROR] Mojo:                        ""org.apache.maven.plugin.Mojo"" | [ERROR] Named:                       ""com.google.inject.name.Named"" | [ERROR] PlexusBindingModule:         ""org.eclipse.sisu.plexus.PlexusBindingModule"" | [ERROR] ProtobufBuildOrchestrator:   ""io.github.ascopes.protobufmavenplugin.generation.ProtobufBuildOrchestrator"" | [ERROR] ProtocResolver:              ""io.github.ascopes.protobufmavenplugin.protoc.ProtocResolver"" | [ERROR] TestGenerateMojo:            ""io.github.ascopes.protobufmavenplugin.mojo.TestGenerateMojo"" | [ERROR] TypeArguments$Implicit:      ""org.eclipse.sisu.inject.TypeArguments$Implicit"" | [ERROR] WireModule:                  ""org.eclipse.sisu.wire.WireModule"" | [ERROR] ======================== | [ERROR] End of classname legend: | [ERROR] ======================== | [ERROR] | [ERROR]       role: org.apache.maven.plugin.Mojo | [ERROR]   roleHint: io.github.ascopes:protobuf-maven-plugin:4.0.2:generate-test | [ERROR] -> [Help 1] | [ERROR] | [ERROR] To see the full stack trace of the errors, re-run Maven with the -e switch. | [ERROR] Re-run Maven using the -X switch to enable full debug logging. | [ERROR] | [ERROR] For more information about the errors and possible solutions, please read the following articles: | [ERROR] [Help 1] http://cwiki.apache.org/confluence/display/MAVEN/PluginContainerException | [ERROR] | [ERROR] After correcting the problems, you can resume the build with the command | [ERROR]   mvn <args> -rf :proto"
2026-03-29T14:15:24.184128+00:00,google__gson,google__gson,refs/remotes/origin/main,25,a271f487b5969601308ed438b2da9c8fc1a8e927,Add build config for Gson subset (#2947),maven,mvn -B clean package -DskipTests -Dmaven.repo.local=/data/tmp-build/cache/m2,18.603165,1,build_failed,"[ERROR] ====================== | [ERROR] Full classname legend: | [ERROR] ====================== | [ERROR] AbstractGenerateMojo:        ""io.github.ascopes.protobufmavenplugin.mojo.AbstractGenerateMojo"" | [ERROR] ClassLoaders$AppClassLoader: ""jdk.internal.loader.ClassLoaders$AppClassLoader"" | [ERROR] LocatorWiring:               ""org.eclipse.sisu.wire.LocatorWiring"" | [ERROR] Mojo:                        ""org.apache.maven.plugin.Mojo"" | [ERROR] Named:                       ""com.google.inject.name.Named"" | [ERROR] PlexusBindingModule:         ""org.eclipse.sisu.plexus.PlexusBindingModule"" | [ERROR] ProtobufBuildOrchestrator:   ""io.github.ascopes.protobufmavenplugin.generation.ProtobufBuildOrchestrator"" | [ERROR] ProtocResolver:              ""io.github.ascopes.protobufmavenplugin.protoc.ProtocResolver"" | [ERROR] TestGenerateMojo:            ""io.github.ascopes.protobufmavenplugin.mojo.TestGenerateMojo"" | [ERROR] TypeArguments$Implicit:      ""org.eclipse.sisu.inject.TypeArguments$Implicit"" | [ERROR] WireModule:                  ""org.eclipse.sisu.wire.WireModule"" | [ERROR] ======================== | [ERROR] End of classname legend: | [ERROR] ======================== | [ERROR] | [ERROR]       role: org.apache.maven.plugin.Mojo | [ERROR]   roleHint: io.github.ascopes:protobuf-maven-plugin:4.0.2:generate-test | [ERROR] -> [Help 1] | [ERROR] | [ERROR] To see the full stack trace of the errors, re-run Maven with the -e switch. | [ERROR] Re-run Maven using the -X switch to enable full debug logging. | [ERROR] | [ERROR] For more information about the errors and possible solutions, please read the following articles: | [ERROR] [Help 1] http://cwiki.apache.org/confluence/display/MAVEN/PluginContainerException | [ERROR] | [ERROR] After correcting the problems, you can resume the build with the command | [ERROR]   mvn <args> -rf :proto"
2026-03-29T14:15:42.811999+00:00,google__gson,google__gson,refs/remotes/origin/main,26,2a213c5cdd47234efe4799232958d17b42a37889,style: unify interface methods by removing redundant 'public' (#2944),maven,mvn -B clean package -DskipTests -Dmaven.repo.local=/data/tmp-build/cache/m2,18.590556,1,build_failed,"[ERROR] ====================== | [ERROR] Full classname legend: | [ERROR] ====================== | [ERROR] AbstractGenerateMojo:        ""io.github.ascopes.protobufmavenplugin.mojo.AbstractGenerateMojo"" | [ERROR] ClassLoaders$AppClassLoader: ""jdk.internal.loader.ClassLoaders$AppClassLoader"" | [ERROR] LocatorWiring:               ""org.eclipse.sisu.wire.LocatorWiring"" | [ERROR] Mojo:                        ""org.apache.maven.plugin.Mojo"" | [ERROR] Named:                       ""com.google.inject.name.Named"" | [ERROR] PlexusBindingModule:         ""org.eclipse.sisu.plexus.PlexusBindingModule"" | [ERROR] ProtobufBuildOrchestrator:   ""io.github.ascopes.protobufmavenplugin.generation.ProtobufBuildOrchestrator"" | [ERROR] ProtocResolver:              ""io.github.ascopes.protobufmavenplugin.protoc.ProtocResolver"" | [ERROR] TestGenerateMojo:            ""io.github.ascopes.protobufmavenplugin.mojo.TestGenerateMojo"" | [ERROR] TypeArguments$Implicit:      ""org.eclipse.sisu.inject.TypeArguments$Implicit"" | [ERROR] WireModule:                  ""org.eclipse.sisu.wire.WireModule"" | [ERROR] ======================== | [ERROR] End of classname legend: | [ERROR] ======================== | [ERROR] | [ERROR]       role: org.apache.maven.plugin.Mojo | [ERROR]   roleHint: io.github.ascopes:protobuf-maven-plugin:4.0.2:generate-test | [ERROR] -> [Help 1] | [ERROR] | [ERROR] To see the full stack trace of the errors, re-run Maven with the -e switch. | [ERROR] Re-run Maven using the -X switch to enable full debug logging. | [ERROR] | [ERROR] For more information about the errors and possible solutions, please read the following articles: | [ERROR] [Help 1] http://cwiki.apache.org/confluence/display/MAVEN/PluginContainerException | [ERROR] | [ERROR] After correcting the problems, you can resume the build with the command | [ERROR]   mvn <args> -rf :proto"
2026-03-29T14:16:01.345168+00:00,google__gson,google__gson,refs/remotes/origin/main,27,1471917391b2cebaab70bbe68cd1dd50eb3d0b5d,Small modifications to make building a subset possible. (#2946),maven,mvn -B clean package -DskipTests -Dmaven.repo.local=/data/tmp-build/cache/m2,18.498205,1,build_failed,"[ERROR] ====================== | [ERROR] Full classname legend: | [ERROR] ====================== | [ERROR] AbstractGenerateMojo:        ""io.github.ascopes.protobufmavenplugin.mojo.AbstractGenerateMojo"" | [ERROR] ClassLoaders$AppClassLoader: ""jdk.internal.loader.ClassLoaders$AppClassLoader"" | [ERROR] LocatorWiring:               ""org.eclipse.sisu.wire.LocatorWiring"" | [ERROR] Mojo:                        ""org.apache.maven.plugin.Mojo"" | [ERROR] Named:                       ""com.google.inject.name.Named"" | [ERROR] PlexusBindingModule:         ""org.eclipse.sisu.plexus.PlexusBindingModule"" | [ERROR] ProtobufBuildOrchestrator:   ""io.github.ascopes.protobufmavenplugin.generation.ProtobufBuildOrchestrator"" | [ERROR] ProtocResolver:              ""io.github.ascopes.protobufmavenplugin.protoc.ProtocResolver"" | [ERROR] TestGenerateMojo:            ""io.github.ascopes.protobufmavenplugin.mojo.TestGenerateMojo"" | [ERROR] TypeArguments$Implicit:      ""org.eclipse.sisu.inject.TypeArguments$Implicit"" | [ERROR] WireModule:                  ""org.eclipse.sisu.wire.WireModule"" | [ERROR] ======================== | [ERROR] End of classname legend: | [ERROR] ======================== | [ERROR] | [ERROR]       role: org.apache.maven.plugin.Mojo | [ERROR]   roleHint: io.github.ascopes:protobuf-maven-plugin:4.0.2:generate-test | [ERROR] -> [Help 1] | [ERROR] | [ERROR] To see the full stack trace of the errors, re-run Maven with the -e switch. | [ERROR] Re-run Maven using the -X switch to enable full debug logging. | [ERROR] | [ERROR] For more information about the errors and possible solutions, please read the following articles: | [ERROR] [Help 1] http://cwiki.apache.org/confluence/display/MAVEN/PluginContainerException | [ERROR] | [ERROR] After correcting the problems, you can resume the build with the command | [ERROR]   mvn <args> -rf :proto"
2026-03-29T14:16:19.888389+00:00,google__gson,google__gson,refs/remotes/origin/main,28,50a93686df9e49dd20fecff222bb9ca169a29754,Bump io.github.ascopes:protobuf-maven-plugin (#2941),maven,mvn -B clean package -DskipTests -Dmaven.repo.local=/data/tmp-build/cache/m2,18.501258,1,build_failed,"[ERROR] ====================== | [ERROR] Full classname legend: | [ERROR] ====================== | [ERROR] AbstractGenerateMojo:        ""io.github.ascopes.protobufmavenplugin.mojo.AbstractGenerateMojo"" | [ERROR] ClassLoaders$AppClassLoader: ""jdk.internal.loader.ClassLoaders$AppClassLoader"" | [ERROR] LocatorWiring:               ""org.eclipse.sisu.wire.LocatorWiring"" | [ERROR] Mojo:                        ""org.apache.maven.plugin.Mojo"" | [ERROR] Named:                       ""com.google.inject.name.Named"" | [ERROR] PlexusBindingModule:         ""org.eclipse.sisu.plexus.PlexusBindingModule"" | [ERROR] ProtobufBuildOrchestrator:   ""io.github.ascopes.protobufmavenplugin.generation.ProtobufBuildOrchestrator"" | [ERROR] ProtocResolver:              ""io.github.ascopes.protobufmavenplugin.protoc.ProtocResolver"" | [ERROR] TestGenerateMojo:            ""io.github.ascopes.protobufmavenplugin.mojo.TestGenerateMojo"" | [ERROR] TypeArguments$Implicit:      ""org.eclipse.sisu.inject.TypeArguments$Implicit"" | [ERROR] WireModule:                  ""org.eclipse.sisu.wire.WireModule"" | [ERROR] ======================== | [ERROR] End of classname legend: | [ERROR] ======================== | [ERROR] | [ERROR]       role: org.apache.maven.plugin.Mojo | [ERROR]   roleHint: io.github.ascopes:protobuf-maven-plugin:4.0.2:generate-test | [ERROR] -> [Help 1] | [ERROR] | [ERROR] To see the full stack trace of the errors, re-run Maven with the -e switch. | [ERROR] Re-run Maven using the -X switch to enable full debug logging. | [ERROR] | [ERROR] For more information about the errors and possible solutions, please read the following articles: | [ERROR] [Help 1] http://cwiki.apache.org/confluence/display/MAVEN/PluginContainerException | [ERROR] | [ERROR] After correcting the problems, you can resume the build with the command | [ERROR]   mvn <args> -rf :proto"
2026-03-29T14:16:39.850437+00:00,google__gson,google__gson,refs/remotes/origin/main,29,8af86711f0d75ee8d501c38093e0c7cb4092d055,Bump the maven group across 1 directory with 4 updates (#2940),maven,mvn -B clean package -DskipTests -Dmaven.repo.local=/data/tmp-build/cache/m2,19.926976,1,build_failed,"[ERROR] ====================== | [ERROR] Full classname legend: | [ERROR] ====================== | [ERROR] AbstractGenerateMojo:        ""io.github.ascopes.protobufmavenplugin.mojo.AbstractGenerateMojo"" | [ERROR] ClassLoaders$AppClassLoader: ""jdk.internal.loader.ClassLoaders$AppClassLoader"" | [ERROR] LocatorWiring:               ""org.eclipse.sisu.wire.LocatorWiring"" | [ERROR] Mojo:                        ""org.apache.maven.plugin.Mojo"" | [ERROR] Named:                       ""com.google.inject.name.Named"" | [ERROR] PlexusBindingModule:         ""org.eclipse.sisu.plexus.PlexusBindingModule"" | [ERROR] ProtobufBuildOrchestrator:   ""io.github.ascopes.protobufmavenplugin.generation.ProtobufBuildOrchestrator"" | [ERROR] ProtocResolver:              ""io.github.ascopes.protobufmavenplugin.protoc.ProtocResolver"" | [ERROR] TestGenerateMojo:            ""io.github.ascopes.protobufmavenplugin.mojo.TestGenerateMojo"" | [ERROR] TypeArguments$Implicit:      ""org.eclipse.sisu.inject.TypeArguments$Implicit"" | [ERROR] WireModule:                  ""org.eclipse.sisu.wire.WireModule"" | [ERROR] ======================== | [ERROR] End of classname legend: | [ERROR] ======================== | [ERROR] | [ERROR]       role: org.apache.maven.plugin.Mojo | [ERROR]   roleHint: io.github.ascopes:protobuf-maven-plugin:4.0.1:generate-test | [ERROR] -> [Help 1] | [ERROR] | [ERROR] To see the full stack trace of the errors, re-run Maven with the -e switch. | [ERROR] Re-run Maven using the -X switch to enable full debug logging. | [ERROR] | [ERROR] For more information about the errors and possible solutions, please read the following articles: | [ERROR] [Help 1] http://cwiki.apache.org/confluence/display/MAVEN/PluginContainerException | [ERROR] | [ERROR] After correcting the problems, you can resume the build with the command | [ERROR]   mvn <args> -rf :proto"
2026-03-29T14:16:59.359762+00:00,google__gson,google__gson,refs/remotes/origin/main,30,18bf23f9f7746c62f0f2bb478c16d17f460e875d,Bump protobuf-maven-plugin to 4.0.1 (#2935),maven,mvn -B clean package -DskipTests -Dmaven.repo.local=/data/tmp-build/cache/m2,19.472937,1,build_failed,"[ERROR] ====================== | [ERROR] Full classname legend: | [ERROR] ====================== | [ERROR] AbstractGenerateMojo:        ""io.github.ascopes.protobufmavenplugin.mojo.AbstractGenerateMojo"" | [ERROR] ClassLoaders$AppClassLoader: ""jdk.internal.loader.ClassLoaders$AppClassLoader"" | [ERROR] LocatorWiring:               ""org.eclipse.sisu.wire.LocatorWiring"" | [ERROR] Mojo:                        ""org.apache.maven.plugin.Mojo"" | [ERROR] Named:                       ""com.google.inject.name.Named"" | [ERROR] PlexusBindingModule:         ""org.eclipse.sisu.plexus.PlexusBindingModule"" | [ERROR] ProtobufBuildOrchestrator:   ""io.github.ascopes.protobufmavenplugin.generation.ProtobufBuildOrchestrator"" | [ERROR] ProtocResolver:              ""io.github.ascopes.protobufmavenplugin.protoc.ProtocResolver"" | [ERROR] TestGenerateMojo:            ""io.github.ascopes.protobufmavenplugin.mojo.TestGenerateMojo"" | [ERROR] TypeArguments$Implicit:      ""org.eclipse.sisu.inject.TypeArguments$Implicit"" | [ERROR] WireModule:                  ""org.eclipse.sisu.wire.WireModule"" | [ERROR] ======================== | [ERROR] End of classname legend: | [ERROR] ======================== | [ERROR] | [ERROR]       role: org.apache.maven.plugin.Mojo | [ERROR]   roleHint: io.github.ascopes:protobuf-maven-plugin:4.0.1:generate-test | [ERROR] -> [Help 1] | [ERROR] | [ERROR] To see the full stack trace of the errors, re-run Maven with the -e switch. | [ERROR] Re-run Maven using the -X switch to enable full debug logging. | [ERROR] | [ERROR] For more information about the errors and possible solutions, please read the following articles: | [ERROR] [Help 1] http://cwiki.apache.org/confluence/display/MAVEN/PluginContainerException | [ERROR] | [ERROR] After correcting the problems, you can resume the build with the command | [ERROR]   mvn <args> -rf :proto"
2026-03-29T14:17:20.927892+00:00,google__gson,google__gson,refs/remotes/origin/main,31,ac67cf95798100a7a52623b11882a6e32672fbe3,Add cooldown to Dependabot config (#2937),maven,mvn -B clean package -DskipTests -Dmaven.repo.local=/data/tmp-build/cache/m2,21.533214,0,success,
2026-03-29T14:17:40.075373+00:00,google__gson,google__gson,refs/remotes/origin/main,32,ddc55e44e754965c97a6271ec3d7cff4c33b75f2,Simplify common Maven args for GitHub workflows (#2936),maven,mvn -B clean package -DskipTests -Dmaven.repo.local=/data/tmp-build/cache/m2,19.112563,0,success,
2026-03-29T14:17:59.081384+00:00,google__gson,google__gson,refs/remotes/origin/main,33,12e048fb4f5da6093db3f3b28e1d8ebdfc12aea5,Remove outdated comment in pom.xml (#2938),maven,mvn -B clean package -DskipTests -Dmaven.repo.local=/data/tmp-build/cache/m2,18.969515,0,success,
2026-03-29T14:18:18.311679+00:00,google__gson,google__gson,refs/remotes/origin/main,34,e25a39c65661d1c7279f1a19ac9b5ca150e5893e,Apply the unproblematic parts of #2932. (#2933),maven,mvn -B clean package -DskipTests -Dmaven.repo.local=/data/tmp-build/cache/m2,19.193346,0,success,
2026-03-29T14:18:38.552293+00:00,google__gson,google__gson,refs/remotes/origin/main,35,09fcaffcd4752728e76b5baa97d357c9f993a31f,"Update to latest Error Prone, and limit its use to Java 21+. (#2931)",maven,mvn -B clean package -DskipTests -Dmaven.repo.local=/data/tmp-build/cache/m2,20.202892,0,success,
2026-03-29T14:18:58.964690+00:00,google__gson,google__gson,refs/remotes/origin/main,36,3f3b231705798cadfcbdfc8c73e5d89937655ba2,Bump the github-actions group with 3 updates (#2930),maven,mvn -B clean package -DskipTests -Dmaven.repo.local=/data/tmp-build/cache/m2,20.374152,0,success,
2026-03-29T14:19:17.961541+00:00,google__gson,google__gson,refs/remotes/origin/main,37,72537db9a6095720aca3a67abe77ec5a16200081,Make AppendableWriter do flush and close if delegation object supports (#2925),maven,mvn -B clean package -DskipTests -Dmaven.repo.local=/data/tmp-build/cache/m2,18.960735,0,success,
2026-03-29T14:19:36.952510+00:00,google__gson,google__gson,refs/remotes/origin/main,38,569279fada1f623732ca4836404954d8cf8ca89c,Bump the github-actions group with 3 updates (#2915),maven,mvn -B clean package -DskipTests -Dmaven.repo.local=/data/tmp-build/cache/m2,18.952287,0,success,
2026-03-29T14:19:56.135157+00:00,google__gson,google__gson,refs/remotes/origin/main,39,44ccfd03b9138d3d3f50a887268819b5bbc83b31,Add CI build using JDK 25 (#2921),maven,mvn -B clean package -DskipTests -Dmaven.repo.local=/data/tmp-build/cache/m2,19.146116,0,success,
2026-03-29T14:20:15.255023+00:00,google__gson,google__gson,refs/remotes/origin/main,40,111e5d71d075380b0805bb6a8d8d7581bab72fdf,Migrate to `io.github.ascopes:protobuf-maven-plugin` (#2920),maven,mvn -B clean package -DskipTests -Dmaven.repo.local=/data/tmp-build/cache/m2,19.080735,0,success,
2026-03-29T14:20:35.652534+00:00,google__gson,google__gson,refs/remotes/origin/main,41,5945989a3ba4476e84a73943d1c9f2382961f28a,Bump the maven group with 16 updates (#2914),maven,mvn -B clean package -DskipTests -Dmaven.repo.local=/data/tmp-build/cache/m2,20.359626,0,success,
2026-03-29T14:20:58.663003+00:00,google__gson,google__gson,refs/remotes/origin/main,42,5ce889e2a4b7be5d342d5b94bb86f210a12e5ea9,Improve skipping of tests (#2919),maven,mvn -B clean package -DskipTests -Dmaven.repo.local=/data/tmp-build/cache/m2,22.971727,0,success,
2026-03-29T14:21:19.567765+00:00,google__gson,google__gson,refs/remotes/origin/main,43,32d5feabfb3867f4d3946dfa5ef037067ef21b34,Require JDK 17 for building & update plugins and dependencies (#2918),maven,mvn -B clean package -DskipTests -Dmaven.repo.local=/data/tmp-build/cache/m2,20.866532,0,success,
2026-03-29T14:21:38.987626+00:00,google__gson,google__gson,refs/remotes/origin/main,44,72d3702919e11e6e6a9bb529dd842bec510ca2d9,Fix outdated version comment for `github/codeql-action` (#2916),maven,mvn -B clean package -DskipTests -Dmaven.repo.local=/data/tmp-build/cache/m2,19.380384,0,success,
2026-03-29T14:21:58.075249+00:00,google__gson,google__gson,refs/remotes/origin/main,45,ff724a9860dec652a3eaefdb9d4c2772134b7159,Simplify Central deployment & update Release Process guide (#2902),maven,mvn -B clean package -DskipTests -Dmaven.repo.local=/data/tmp-build/cache/m2,19.04867,0,success,
2026-03-29T14:22:17.122264+00:00,google__gson,google__gson,refs/remotes/origin/main,46,d139ba9df925b5e4acd9f017fe55d510c2f559f2,[maven-release-plugin] prepare for next development iteration,maven,mvn -B clean package -DskipTests -Dmaven.repo.local=/data/tmp-build/cache/m2,19.00766,0,success,
2026-03-29T14:22:36.180110+00:00,google__gson,google__gson,refs/remotes/origin/main,47,686fad782d969d8f15c7581a5435a208b810caa7,[maven-release-plugin] prepare release gson-parent-2.13.2,maven,mvn -B clean package -DskipTests -Dmaven.repo.local=/data/tmp-build/cache/m2,19.019139,0,success,
2026-03-29T14:22:55.268478+00:00,google__gson,google__gson,refs/remotes/origin/main,48,c2d252a7e93d45b224a72b4ba8148a438cc1d59b,Switch to using central-publishing-maven-plugin. (#2900),maven,mvn -B clean package -DskipTests -Dmaven.repo.local=/data/tmp-build/cache/m2,19.049424,0,success,
2026-03-29T14:23:14.204080+00:00,google__gson,google__gson,refs/remotes/origin/main,49,69cb755e5209b719b57f3b6f1a864b080cdca314,Bump the github-actions group with 5 updates (#2894),maven,mvn -B clean package -DskipTests -Dmaven.repo.local=/data/tmp-build/cache/m2,18.896939,0,success,
2026-03-29T14:23:33.205425+00:00,google__gson,google__gson,refs/remotes/origin/main,50,ea552c2278784e12094c8daea06b18679b2da2c9,Bump the maven group across 1 directory with 3 updates (#2898),maven,mvn -B clean package -DskipTests -Dmaven.repo.local=/data/tmp-build/cache/m2,18.963274,0,success,
2026-03-29T14:25:07.553535+00:00,google__guava,google__guava,refs/remotes/origin/master,1,816eaa1d8b0ab1f5d16b671337dbb447e3845ce0,Use `Preconditions` in more places.,maven,sh ./mvnw -B clean install -DskipTests -Dmaven.repo.local=/data/tmp-build/cache/m2,93.164021,0,success,
2026-03-29T14:26:14.581433+00:00,google__guava,google__guava,refs/remotes/origin/master,2,a99a4fcaa73805082688ac48e8791c2a3d000416,Static import `parseInt` and friends.,maven,sh ./mvnw -B clean install -DskipTests -Dmaven.repo.local=/data/tmp-build/cache/m2,66.534832,0,success,
2026-03-29T14:27:21.970825+00:00,google__guava,google__guava,refs/remotes/origin/master,3,8e1cff497a98ef6bf49d05deb904d71b039b5642,Statically import members of `Funnels` and `Hashing`.,maven,sh ./mvnw -B clean install -DskipTests -Dmaven.repo.local=/data/tmp-build/cache/m2,67.079994,0,success,
2026-03-29T14:28:29.714907+00:00,google__guava,google__guava,refs/remotes/origin/master,4,5950c6546d51752a872fc0670b656d2b3ab3123f,"Lambdafy some packages, mostly tests.",maven,sh ./mvnw -B clean install -DskipTests -Dmaven.repo.local=/data/tmp-build/cache/m2,67.436894,0,success,
2026-03-29T14:29:36.096493+00:00,google__guava,google__guava,refs/remotes/origin/master,5,eaf017bb0f0dac82dcd3262d0beb76532275e949,Document how to run just one test.,maven,sh ./mvnw -B clean install -DskipTests -Dmaven.repo.local=/data/tmp-build/cache/m2,66.073711,0,success,
2026-03-29T14:30:42.449583+00:00,google__guava,google__guava,refs/remotes/origin/master,6,738df39048918248b85d9bfdaa597d7b74b825a3,"Lambdafy some packages, mostly tests.",maven,sh ./mvnw -B clean install -DskipTests -Dmaven.repo.local=/data/tmp-build/cache/m2,66.040925,0,success,
2026-03-29T14:31:49.296021+00:00,google__guava,google__guava,refs/remotes/origin/master,7,94a8532b2d53088482a255271df9b771140a0726,"Use autounboxing instead of explicit calls to `intValue()`, etc.",maven,sh ./mvnw -B clean install -DskipTests -Dmaven.repo.local=/data/tmp-build/cache/m2,66.539128,0,success,
2026-03-29T14:32:55.995978+00:00,google__guava,google__guava,refs/remotes/origin/master,8,45acfe6f0b32a0e5e82eec33333d6a6066218225,Lambdafy some test packages.,maven,sh ./mvnw -B clean install -DskipTests -Dmaven.repo.local=/data/tmp-build/cache/m2,66.395418,0,success,
2026-03-29T14:34:03.131706+00:00,google__guava,google__guava,refs/remotes/origin/master,9,638ab1846d2e6e794b831f33cc063e6478a44040,J2CL: expose `ImmutableMap.ofEntries` to JS,maven,sh ./mvnw -B clean install -DskipTests -Dmaven.repo.local=/data/tmp-build/cache/m2,66.81979,0,success,
2026-03-29T14:35:10.167271+00:00,google__guava,google__guava,refs/remotes/origin/master,10,92289956ea6baeccb98e62881aeda5615d3b4c2a,Use the prod copy of `joinUninterruptibly`.,maven,sh ./mvnw -B clean install -DskipTests -Dmaven.repo.local=/data/tmp-build/cache/m2,66.725266,0,success,
2026-03-29T14:36:17.682841+00:00,google__guava,google__guava,refs/remotes/origin/master,11,e35bf7d85ad58bb1fbcdb6c6869e7cb532b99dae,Lambdafy tests for `util.concurrent`.,maven,sh ./mvnw -B clean install -DskipTests -Dmaven.repo.local=/data/tmp-build/cache/m2,67.212438,0,success,
2026-03-29T14:37:23.963357+00:00,google__guava,google__guava,refs/remotes/origin/master,12,29b14cc7daeb738e3cd4357a1c3a72cfa353a984,Work around [ART Marshmallow interrupt bug](https://android-review.googlesource.com/c/platform/art/+/182124) again.,maven,sh ./mvnw -B clean install -DskipTests -Dmaven.repo.local=/data/tmp-build/cache/m2,65.96722,0,success,
2026-03-29T14:38:30.781135+00:00,google__guava,google__guava,refs/remotes/origin/master,13,6fff6ef7063529a9d3f23b01ef50b173ae658cbd,"Make the ""direct"" fallback in `FinalizableReferenceQueue` avoid reflection entirely.",maven,sh ./mvnw -B clean install -DskipTests -Dmaven.repo.local=/data/tmp-build/cache/m2,66.514427,0,success,
2026-03-29T14:39:37.215280+00:00,google__guava,google__guava,refs/remotes/origin/master,14,199848a84f402cd710164a58df0a491087955a7a,Address nullness-checking errors in tests.,maven,sh ./mvnw -B clean install -DskipTests -Dmaven.repo.local=/data/tmp-build/cache/m2,66.122366,0,success,
2026-03-29T14:40:43.624649+00:00,google__guava,google__guava,refs/remotes/origin/master,15,de2b19178d2748fe09402c531ef75350af634667,Accommodate Kotlin's different visibility rules.,maven,sh ./mvnw -B clean install -DskipTests -Dmaven.repo.local=/data/tmp-build/cache/m2,66.095145,0,success,
2026-03-29T14:41:51.151175+00:00,google__guava,google__guava,refs/remotes/origin/master,16,6cbe0cb57969a040c5196566971ff5e64e073d3d,Address http://errorprone.info/bugpattern/DuplicateAssertion warnings.,maven,sh ./mvnw -B clean install -DskipTests -Dmaven.repo.local=/data/tmp-build/cache/m2,67.211268,0,success,
2026-03-29T14:42:57.228757+00:00,google__guava,google__guava,refs/remotes/origin/master,17,80923e2e38d588b6aa51bcc55c7e09bda0e8f001,Migrate off `assertSame` and `assertNotSame` and onto Truth.,maven,sh ./mvnw -B clean install -DskipTests -Dmaven.repo.local=/data/tmp-build/cache/m2,65.767655,0,success,
2026-03-29T14:44:11.386147+00:00,google__guava,google__guava,refs/remotes/origin/master,18,ea1ab89d6739c8fb9d371c31d4a28b04991cec87,"Use `assertThat(...).isEqualTo(...)` instead of `assertEquals(..., ...)` for `String` assertions in most of `html`.",maven,sh ./mvnw -B clean install -DskipTests -Dmaven.repo.local=/data/tmp-build/cache/m2,73.836413,0,success,
2026-03-29T14:45:18.777429+00:00,google__guava,google__guava,refs/remotes/origin/master,19,1ed3019008c836898b2f044e3858edbe1ba526cb,"Use `assertThat(...).isEqualTo(...)` instead of `assertEquals(..., ...)` for `Charset` assertions.",maven,sh ./mvnw -B clean install -DskipTests -Dmaven.repo.local=/data/tmp-build/cache/m2,67.076564,0,success,
2026-03-29T14:46:25.208342+00:00,google__guava,google__guava,refs/remotes/origin/master,20,7fdb708daddd127a3e1dfd1319229b63253c5009,"Use `assertThat(...).isEqualTo(...)` instead of `assertEquals(..., ...)` for `String` assertions.",maven,sh ./mvnw -B clean install -DskipTests -Dmaven.repo.local=/data/tmp-build/cache/m2,66.128147,0,success,
2026-03-29T14:47:31.711511+00:00,google__guava,google__guava,refs/remotes/origin/master,21,786b619dd62b03d80694028cdc3c9f08a6fe9649,Make `GcFinalization` use `PhantomReference` instead of `finalize()`.,maven,sh ./mvnw -B clean install -DskipTests -Dmaven.repo.local=/data/tmp-build/cache/m2,66.188588,0,success,
2026-03-29T14:48:37.752971+00:00,google__guava,google__guava,refs/remotes/origin/master,22,9229af33ee70b74de88d75bdddc624fa59d3a8c7,Migrate more `assertEquals` calls to Truth in `net`.,maven,sh ./mvnw -B clean install -DskipTests -Dmaven.repo.local=/data/tmp-build/cache/m2,65.731209,0,success,
2026-03-29T14:49:44.692441+00:00,google__guava,google__guava,refs/remotes/origin/master,23,2935197d6237d9415e93b1078b3096248c57728c,"Use `assertThat(...).isEqualTo(...)` instead of `assertEquals(..., ...)` for `String` assertions.",maven,sh ./mvnw -B clean install -DskipTests -Dmaven.repo.local=/data/tmp-build/cache/m2,66.63512,0,success,
2026-03-29T14:50:50.686987+00:00,google__guava,google__guava,refs/remotes/origin/master,24,02f24273feecb013aa9351c6c4c963f50211f24f,"Use `assertThat(...).isNull()` instead of `assertEquals(null, ...)`.",maven,sh ./mvnw -B clean install -DskipTests -Dmaven.repo.local=/data/tmp-build/cache/m2,65.673692,0,success,
2026-03-29T14:51:57.404823+00:00,google__guava,google__guava,refs/remotes/origin/master,25,aeef90988dec22f87430c822e27315d8f41a90d2,Make `ClosingFuture` use `PhantomReference` instead of `finalize()`.,maven,sh ./mvnw -B clean install -DskipTests -Dmaven.repo.local=/data/tmp-build/cache/m2,66.404754,0,success,
2026-03-29T14:53:03.696489+00:00,google__guava,google__guava,refs/remotes/origin/master,26,dae9566b730c7b0332a99ad4ffbbf3f2f0140c16,Remove `@Beta` from all `com.google.common.graph` APIs.,maven,sh ./mvnw -B clean install -DskipTests -Dmaven.repo.local=/data/tmp-build/cache/m2,65.986749,0,success,
2026-03-29T14:54:09.743020+00:00,google__guava,google__guava,refs/remotes/origin/master,27,df9bcc251ab82c5bb5f508cbda0842712c944126,Add `BloomFilter.serializedSize()`.,maven,sh ./mvnw -B clean install -DskipTests -Dmaven.repo.local=/data/tmp-build/cache/m2,65.726521,0,success,
2026-03-29T14:55:16.923780+00:00,google__guava,google__guava,refs/remotes/origin/master,28,576e8b28d35a6f5d858f1eb1178c84e68baf317d,Change `Combiner.inputs` to be `private`.,maven,sh ./mvnw -B clean install -DskipTests -Dmaven.repo.local=/data/tmp-build/cache/m2,66.871175,0,success,
2026-03-29T14:56:23.901652+00:00,google__guava,google__guava,refs/remotes/origin/master,29,3550b988de50fcab6745399ea7318d56449d7d80,Copy a comment about `~~` from `IntMath` to `LongMath`.,maven,sh ./mvnw -B clean install -DskipTests -Dmaven.repo.local=/data/tmp-build/cache/m2,66.670296,0,success,
2026-03-29T14:57:29.971101+00:00,google__guava,google__guava,refs/remotes/origin/master,30,2fe9bd0d4faf1179cf981ed7800563d190817417,Convert `@GwtIncompatible` annotation values to comments.,maven,sh ./mvnw -B clean install -DskipTests -Dmaven.repo.local=/data/tmp-build/cache/m2,65.752688,0,success,
2026-03-29T14:58:36.076179+00:00,google__guava,google__guava,refs/remotes/origin/master,31,139a92d5e7345b577b9c7369018e79c725893112,"Suppress errors from newly enabled nullness checking in `primitives`, and annotate more tests to reflect which environments they're run under.",maven,sh ./mvnw -B clean install -DskipTests -Dmaven.repo.local=/data/tmp-build/cache/m2,65.778922,0,success,
2026-03-29T14:59:41.834098+00:00,google__guava,google__guava,refs/remotes/origin/master,32,53227330bd0d3f2b2bf898866ddca581b61e476d,Tweak `FileBackedOutputStream` to use `PhantomReference` similarly to how cl/875703235 will for `ClosingFuture`.,maven,sh ./mvnw -B clean install -DskipTests -Dmaven.repo.local=/data/tmp-build/cache/m2,65.44187,0,success,
2026-03-29T15:00:48.027593+00:00,google__guava,google__guava,refs/remotes/origin/master,33,5eaaff8e42e4ff4333f9d815adcdbe4565170c92,Override `resultNow` and `exceptionNow` in `AbstractFuture`.,maven,sh ./mvnw -B clean install -DskipTests -Dmaven.repo.local=/data/tmp-build/cache/m2,65.878829,0,success,
2026-03-29T15:01:54.272127+00:00,google__guava,google__guava,refs/remotes/origin/master,34,d8424deb930d3bbe71b6b58baa1b5e04b0219056,"Suppress errors from newly enabled nullness checking in more tests, and annotate more tests to reflect which environments they're run under.",maven,sh ./mvnw -B clean install -DskipTests -Dmaven.repo.local=/data/tmp-build/cache/m2,65.942537,0,success,
2026-03-29T15:03:00.997186+00:00,google__guava,google__guava,refs/remotes/origin/master,35,6f4536a553b44fdda021282b690a29635f9f342c,Rearrange string pool to utilize Java 9+ Compact Strings for better memory efficiency.,maven,sh ./mvnw -B clean install -DskipTests -Dmaven.repo.local=/data/tmp-build/cache/m2,66.410471,0,success,
2026-03-29T15:04:08.348810+00:00,google__guava,google__guava,refs/remotes/origin/master,36,6e87e5148e7d6d81ee3b774fd9ab8345cd27148c,Use a class literal instead of `Class.forName`.,maven,sh ./mvnw -B clean install -DskipTests -Dmaven.repo.local=/data/tmp-build/cache/m2,67.035925,0,success,
2026-03-29T15:05:14.233009+00:00,google__guava,google__guava,refs/remotes/origin/master,37,733ee2bf2807bb1743abb233beadad75d84eeebc,Tweak docs and `final`-ity in `ClosingFuture`.,maven,sh ./mvnw -B clean install -DskipTests -Dmaven.repo.local=/data/tmp-build/cache/m2,65.573772,0,success,
2026-03-29T15:06:20.894076+00:00,google__guava,google__guava,refs/remotes/origin/master,38,9744861cb9b985bb832b81da91233b423b812276,Make `FinalizableReferenceQueue` more friendly to optimizers.,maven,sh ./mvnw -B clean install -DskipTests -Dmaven.repo.local=/data/tmp-build/cache/m2,66.351825,0,success,
2026-03-29T15:07:26.992181+00:00,google__guava,google__guava,refs/remotes/origin/master,39,905dbc65e9298e6ddd70c2a5616ff057e47103f2,Put back the `return null` that I dropped while responding to comments in https://github.com/google/guava/commit/132b1d139716b4d69912baf1a790340fa9e9c658.,maven,sh ./mvnw -B clean install -DskipTests -Dmaven.repo.local=/data/tmp-build/cache/m2,65.785679,0,success,
2026-03-29T15:08:34.225170+00:00,google__guava,google__guava,refs/remotes/origin/master,40,1dc67c995d99a43d0e77ef879b90a378cafb691b,Refactor Public Suffix List implementation to use a custom binary Trie.,maven,sh ./mvnw -B clean install -DskipTests -Dmaven.repo.local=/data/tmp-build/cache/m2,66.92699,0,success,
2026-03-29T15:09:40.066598+00:00,google__guava,google__guava,refs/remotes/origin/master,41,d1ff30de04d0100a85c07ddd53f977b38b576b03,Bump the github-actions group with 3 updates,maven,sh ./mvnw -B clean install -DskipTests -Dmaven.repo.local=/data/tmp-build/cache/m2,65.53998,0,success,
2026-03-29T15:10:46.043996+00:00,google__guava,google__guava,refs/remotes/origin/master,42,4f58ce4ffc1f61786c0985dfd0991a76b2760eb0,Make cache thread safe for j2kt by making the local cache access methods thread safe.,maven,sh ./mvnw -B clean install -DskipTests -Dmaven.repo.local=/data/tmp-build/cache/m2,65.662473,0,success,
2026-03-29T15:11:52.258698+00:00,google__guava,google__guava,refs/remotes/origin/master,43,fa0355249670117c30a5e425b552705b31b42457,"Suppress errors from newly enabled nullness checking in some tests in `escape`, `html`, and `math`.",maven,sh ./mvnw -B clean install -DskipTests -Dmaven.repo.local=/data/tmp-build/cache/m2,65.90217,0,success,
2026-03-29T15:12:58.272634+00:00,google__guava,google__guava,refs/remotes/origin/master,44,caf8221758831fc44839c46aa1ef6bb9c0742abb,Use `Math.nextDown` directly.,maven,sh ./mvnw -B clean install -DskipTests -Dmaven.repo.local=/data/tmp-build/cache/m2,65.703294,0,success,
2026-03-29T15:14:04.300299+00:00,google__guava,google__guava,refs/remotes/origin/master,45,132b1d139716b4d69912baf1a790340fa9e9c658,"Under Android, make `FinalizableReferenceQueue` stop attempting things that (mostly) don't work under Android.",maven,sh ./mvnw -B clean install -DskipTests -Dmaven.repo.local=/data/tmp-build/cache/m2,65.716077,0,success,
2026-03-29T15:15:11.292704+00:00,google__guava,google__guava,refs/remotes/origin/master,46,c02d13681b930d3e1585092dfff757f2d39d9dd0,"When we want an object to be garbage collected, create it in a separate method.",maven,sh ./mvnw -B clean install -DskipTests -Dmaven.repo.local=/data/tmp-build/cache/m2,66.674827,0,success,
2026-03-29T15:16:17.104497+00:00,google__guava,google__guava,refs/remotes/origin/master,47,b174aeb99c4214679fa0312543bd8edf501f952e,Update discussion of eagerly initializing constants.,maven,sh ./mvnw -B clean install -DskipTests -Dmaven.repo.local=/data/tmp-build/cache/m2,65.497228,0,success,
2026-03-29T15:17:22.723137+00:00,google__guava,google__guava,refs/remotes/origin/master,48,5bf27b548a9d0f6fe1f3a9e28376b09177534d89,Run some of `FinalizableReferenceQueueTest` under Android.,maven,sh ./mvnw -B clean install -DskipTests -Dmaven.repo.local=/data/tmp-build/cache/m2,65.299926,0,success,
2026-03-29T15:18:29.620937+00:00,google__guava,google__guava,refs/remotes/origin/master,49,1d12fb75fd4f5ba38cd09a88f39e33dac5f9dc75,Test `ClosingFuture` leak behavior.,maven,sh ./mvnw -B clean install -DskipTests -Dmaven.repo.local=/data/tmp-build/cache/m2,66.59117,0,success,
2026-03-29T15:19:35.788321+00:00,google__guava,google__guava,refs/remotes/origin/master,50,7c6b17c0199c875ffa426c0fb0f51ba7d66f98ec,Make `FileBackedOutputStream` use `PhantomReference` instead of `finalize()`.,maven,sh ./mvnw -B clean install -DskipTests -Dmaven.repo.local=/data/tmp-build/cache/m2,65.861794,0,success,
2026-03-29T15:19:46.072563+00:00,h2database__h2database,h2database__h2database,refs/remotes/origin/master,1,cfe04fd3de9b32fc0540284bb921b9b3ec34e0cf,Merge pull request #4317 from andreitokar/mvstore-misc,maven,mvn -B clean package -DskipTests -Dmaven.repo.local=/data/tmp-build/cache/m2,9.044321,0,success,
2026-03-29T15:19:51.813014+00:00,h2database__h2database,h2database__h2database,refs/remotes/origin/master,2,6ca63567529ed07d30b07734bdb04baee4a51b6e,Merge pull request #4314 from marschall/fix-the-garbage-typo,maven,mvn -B clean package -DskipTests -Dmaven.repo.local=/data/tmp-build/cache/m2,5.682954,0,success,
2026-03-29T15:19:57.512169+00:00,h2database__h2database,h2database__h2database,refs/remotes/origin/master,3,56de09b3fef175e64291db026409db82c5dfa62b,Merge pull request #4311 from katzyn/check,maven,mvn -B clean package -DskipTests -Dmaven.repo.local=/data/tmp-build/cache/m2,5.64518,0,success,
2026-03-29T15:20:03.185091+00:00,h2database__h2database,h2database__h2database,refs/remotes/origin/master,4,cdd1d066e19ef85d2c52de372735647e5d78d1f9,Merge pull request #4305 from pascalmatthaeus/#4304FixDropMaterializedView,maven,mvn -B clean package -DskipTests -Dmaven.repo.local=/data/tmp-build/cache/m2,5.62393,0,success,
2026-03-29T15:20:08.818900+00:00,h2database__h2database,h2database__h2database,refs/remotes/origin/master,5,9db82f105ebac213dd223ea7331f7b9c2234290c,Merge pull request #4300 from h2database/issue_4299,maven,mvn -B clean package -DskipTests -Dmaven.repo.local=/data/tmp-build/cache/m2,5.586044,0,success,
2026-03-29T15:20:14.564976+00:00,h2database__h2database,h2database__h2database,refs/remotes/origin/master,6,8cb2827fda3b787592308147e7eed4e13eaa303d,Merge pull request #4301 from h2database/issue_4048,maven,mvn -B clean package -DskipTests -Dmaven.repo.local=/data/tmp-build/cache/m2,5.697473,0,success,
2026-03-29T15:20:20.240816+00:00,h2database__h2database,h2database__h2database,refs/remotes/origin/master,7,0605f7ec318c674711888b33385e43fabca87422,Merge pull request #4297 from andreitokar/bitset-race,maven,mvn -B clean package -DskipTests -Dmaven.repo.local=/data/tmp-build/cache/m2,5.626372,0,success,
2026-03-29T15:20:25.969039+00:00,h2database__h2database,h2database__h2database,refs/remotes/origin/master,8,e3754599d8159ce2189b067efd935c13f1273de9,Merge pull request #4288 from andreitokar/issue_4286,maven,mvn -B clean package -DskipTests -Dmaven.repo.local=/data/tmp-build/cache/m2,5.673881,0,success,
2026-03-29T15:20:31.760573+00:00,h2database__h2database,h2database__h2database,refs/remotes/origin/master,9,418854956f14e343ff054d08d1c87b3c8ba2dac0,in preparation for a new development cycle,maven,mvn -B clean package -DskipTests -Dmaven.repo.local=/data/tmp-build/cache/m2,5.745468,0,success,
2026-03-29T15:20:37.478902+00:00,h2database__h2database,h2database__h2database,refs/remotes/origin/master,10,c8eb81be7a30786b7534377a7e475bdaa08aeeb8,in preparation for a release,maven,mvn -B clean package -DskipTests -Dmaven.repo.local=/data/tmp-build/cache/m2,5.667011,0,success,
2026-03-29T15:20:43.206947+00:00,h2database__h2database,h2database__h2database,refs/remotes/origin/master,11,7ff5ee5cf0fa7d75ad341ebf53ff9301e390b537,Merge pull request #4260 from JackPGreen/update-maven-central-url,maven,mvn -B clean package -DskipTests -Dmaven.repo.local=/data/tmp-build/cache/m2,5.674993,0,success,
2026-03-29T15:20:48.918319+00:00,h2database__h2database,h2database__h2database,refs/remotes/origin/master,12,da4c337f0251d51b2aaeeb28133fb87c8da4907c,Merge pull request #4271 from IrisesD/master,maven,mvn -B clean package -DskipTests -Dmaven.repo.local=/data/tmp-build/cache/m2,5.663784,0,success,
2026-03-29T15:20:54.620016+00:00,h2database__h2database,h2database__h2database,refs/remotes/origin/master,13,d053544f6baa9d91339b51a1b30572d1fabfe705,feat: allow `CATALOG` in `CREATE SCHEMA` and `DROP SCHEMA` (#4277),maven,mvn -B clean package -DskipTests -Dmaven.repo.local=/data/tmp-build/cache/m2,5.649686,0,success,
2026-03-29T15:21:00.276937+00:00,h2database__h2database,h2database__h2database,refs/remotes/origin/master,14,a448d91e083eceec493be60d398656f27a0ed4c7,Merge pull request #4273 from naive924/feat/compactThreads,maven,mvn -B clean package -DskipTests -Dmaven.repo.local=/data/tmp-build/cache/m2,5.605941,0,success,
2026-03-29T15:21:05.996476+00:00,h2database__h2database,h2database__h2database,refs/remotes/origin/master,15,c45413cdc3f0c0bf77a62817c14cdaec65c87096,Merge pull request #4266 from andreitokar/issue-4208-2,maven,mvn -B clean package -DskipTests -Dmaven.repo.local=/data/tmp-build/cache/m2,5.669497,0,success,
2026-03-29T15:21:11.660246+00:00,h2database__h2database,h2database__h2database,refs/remotes/origin/master,16,e6171333a1e586d4f5cb7bd6c317142d9a8c349a,Merge pull request #4265 from andreitokar/issue_4258,maven,mvn -B clean package -DskipTests -Dmaven.repo.local=/data/tmp-build/cache/m2,5.60748,0,success,
2026-03-29T15:21:17.285633+00:00,h2database__h2database,h2database__h2database,refs/remotes/origin/master,17,e29ed131b49844b80178db2f8cb9390a31644d39,Merge pull request #4264 from katzyn/docs,maven,mvn -B clean package -DskipTests -Dmaven.repo.local=/data/tmp-build/cache/m2,5.57851,0,success,
2026-03-29T15:21:22.952336+00:00,h2database__h2database,h2database__h2database,refs/remotes/origin/master,18,c53fd0685cfffb73435b76c7618ccaeb9998c373,Merge pull request #4262 from andreitokar/issue_4208,maven,mvn -B clean package -DskipTests -Dmaven.repo.local=/data/tmp-build/cache/m2,5.606762,0,success,
2026-03-29T15:21:28.620089+00:00,h2database__h2database,h2database__h2database,refs/remotes/origin/master,19,a6ad1dacb5341032cd955b3ce1dddef1eb5d551c,Merge pull request #4261 from isanghaessi/GH-4133,maven,mvn -B clean package -DskipTests -Dmaven.repo.local=/data/tmp-build/cache/m2,5.608337,0,success,
2026-03-29T15:21:34.312139+00:00,h2database__h2database,h2database__h2database,refs/remotes/origin/master,20,2df8bdc9c57ef7a3b6f259705477248639076840,fix: prevent `kanzi` from stalling w/ `TPAQX` and too many threads on limited memory,maven,mvn -B clean package -DskipTests -Dmaven.repo.local=/data/tmp-build/cache/m2,5.640199,0,success,
2026-03-29T15:21:39.795318+00:00,h2database__h2database,h2database__h2database,refs/remotes/origin/master,21,7efcb19929bd85b149edf9219f78e18d620457b0,style: remove unused code,maven,mvn -B clean package -DskipTests -Dmaven.repo.local=/data/tmp-build/cache/m2,5.433057,0,success,
2026-03-29T15:21:45.406830+00:00,h2database__h2database,h2database__h2database,refs/remotes/origin/master,22,e18301c5aa5a48025ad95943900ed7b049b9facd,fix: NPE when compression algorithm is not set,maven,mvn -B clean package -DskipTests -Dmaven.repo.local=/data/tmp-build/cache/m2,5.562812,0,success,
2026-03-29T15:21:51.064655+00:00,h2database__h2database,h2database__h2database,refs/remotes/origin/master,23,5c39d325ab0aa5318d7de4410fcbc4583487314d,"doc: update the documentation on `Recover`, `DirectRecover` and `RunScript`",maven,mvn -B clean package -DskipTests -Dmaven.repo.local=/data/tmp-build/cache/m2,5.606332,0,success,
2026-03-29T15:21:56.735270+00:00,h2database__h2database,h2database__h2database,refs/remotes/origin/master,24,76d8c715f22bf98c661ceb2451e183350beab8f8,feat: use KANZI and BZip2 in the existing script commands and tools,maven,mvn -B clean package -DskipTests -Dmaven.repo.local=/data/tmp-build/cache/m2,5.620586,0,success,
2026-03-29T15:22:02.431417+00:00,h2database__h2database,h2database__h2database,refs/remotes/origin/master,25,76ccc3f70944f5742dd2e47f6cf3527274ac948d,feat: move KANZI and BZip2 into the `CompressTool`,maven,mvn -B clean package -DskipTests -Dmaven.repo.local=/data/tmp-build/cache/m2,5.647066,0,success,
2026-03-29T15:22:08.101471+00:00,h2database__h2database,h2database__h2database,refs/remotes/origin/master,26,3c9ebbe06d4dd8fbcd112a10f8a48cdc02251769,Merge branch 'master' of github.com:h2database/h2database,maven,mvn -B clean package -DskipTests -Dmaven.repo.local=/data/tmp-build/cache/m2,5.615635,0,success,
2026-03-29T15:22:13.716384+00:00,h2database__h2database,h2database__h2database,refs/remotes/origin/master,27,102fff87acdb9c7df614bba28ab2555275fabaf9,"feat: better settings for KANZI, so we get ahead of BZip2",maven,mvn -B clean package -DskipTests -Dmaven.repo.local=/data/tmp-build/cache/m2,5.566799,0,success,
2026-03-29T15:22:19.390037+00:00,h2database__h2database,h2database__h2database,refs/remotes/origin/master,28,4370d69965832ddea12ce6000d2d95fa01c3dd2f,feat: add a tool for direct recovery into a compressed SQL file using a pipe,maven,mvn -B clean package -DskipTests -Dmaven.repo.local=/data/tmp-build/cache/m2,5.618804,0,success,
2026-03-29T15:22:25.056418+00:00,h2database__h2database,h2database__h2database,refs/remotes/origin/master,29,792054022a31f323e2716bf76247a5f49d104f76,Merge pull request #4249 from h2database/issue_4247,maven,mvn -B clean package -DskipTests -Dmaven.repo.local=/data/tmp-build/cache/m2,5.62018,0,success,
2026-03-29T15:22:30.672925+00:00,h2database__h2database,h2database__h2database,refs/remotes/origin/master,30,56c0b70ba19114b2fdab40637348a56bee0b5cc1,Merge pull request #4227 from katzyn/fetch,maven,mvn -B clean package -DskipTests -Dmaven.repo.local=/data/tmp-build/cache/m2,5.568274,0,success,
2026-03-29T15:22:36.364123+00:00,h2database__h2database,h2database__h2database,refs/remotes/origin/master,31,c76c3eb39a135d2390bb1e3d05e4a7a264ee9a7c,Merge pull request #4226 from katzyn/lucene,maven,mvn -B clean package -DskipTests -Dmaven.repo.local=/data/tmp-build/cache/m2,5.638953,0,success,
2026-03-29T15:22:42.073460+00:00,h2database__h2database,h2database__h2database,refs/remotes/origin/master,32,4472d76fc6a77cb079a8a0c24d80dc05dade56e1,Merge pull request #4201 from andreitokar/issue_4198,maven,mvn -B clean package -DskipTests -Dmaven.repo.local=/data/tmp-build/cache/m2,5.659167,0,success,
2026-03-29T15:22:47.787964+00:00,h2database__h2database,h2database__h2database,refs/remotes/origin/master,33,c307a7e92f3676c78f11e53047a73503ada1b579,Merge pull request #4192 from takeseem/fix-4191,maven,mvn -B clean package -DskipTests -Dmaven.repo.local=/data/tmp-build/cache/m2,5.663029,0,success,
2026-03-29T15:22:53.426560+00:00,h2database__h2database,h2database__h2database,refs/remotes/origin/master,34,cc0e45355d78c3ee6711f6bb73eba4f224c4ae18,Merge pull request #4184 from andreitokar/code-cleanup,maven,mvn -B clean package -DskipTests -Dmaven.repo.local=/data/tmp-build/cache/m2,5.591025,0,success,
2026-03-29T15:22:59.100248+00:00,h2database__h2database,h2database__h2database,refs/remotes/origin/master,35,27000ae52d415bdc5e50ab3c79a0c896a509d028,Merge pull request #4183 from katzyn/mysql,maven,mvn -B clean package -DskipTests -Dmaven.repo.local=/data/tmp-build/cache/m2,5.617436,0,success,
2026-03-29T15:23:04.753302+00:00,h2database__h2database,h2database__h2database,refs/remotes/origin/master,36,69a40ea5b9107ef991cb38d6128cd7999c610aac,Merge pull request #4182 from katzyn/gcd_lcm,maven,mvn -B clean package -DskipTests -Dmaven.repo.local=/data/tmp-build/cache/m2,5.592034,0,success,
2026-03-29T15:23:10.416061+00:00,h2database__h2database,h2database__h2database,refs/remotes/origin/master,37,6ced8e46e851eb08930809aa03b47a4b9fec0a54,Merge pull request #4181 from katzyn/_rowid_,maven,mvn -B clean package -DskipTests -Dmaven.repo.local=/data/tmp-build/cache/m2,5.606659,0,success,
2026-03-29T15:23:16.076502+00:00,h2database__h2database,h2database__h2database,refs/remotes/origin/master,38,9136b9f23b1eefb1f99bd6dd12c63cc864cf4d82,Update copyright years,maven,mvn -B clean package -DskipTests -Dmaven.repo.local=/data/tmp-build/cache/m2,5.60136,0,success,
2026-03-29T15:23:21.816103+00:00,h2database__h2database,h2database__h2database,refs/remotes/origin/master,39,1fecca641888ec53fbc38af7c39589494b3aa11b,Merge pull request #4180 from katzyn/datetimeoffset,maven,mvn -B clean package -DskipTests -Dmaven.repo.local=/data/tmp-build/cache/m2,5.604711,0,success,
2026-03-29T15:23:27.560650+00:00,h2database__h2database,h2database__h2database,refs/remotes/origin/master,40,aff14d4f0b33cec6359461281f3a5f515aa723bd,Merge pull request #4177 from andreitokar/code-cleanup,maven,mvn -B clean package -DskipTests -Dmaven.repo.local=/data/tmp-build/cache/m2,5.632363,0,success,
2026-03-29T15:23:33.266092+00:00,h2database__h2database,h2database__h2database,refs/remotes/origin/master,41,a5e6662227a6a8f3bcffe1639fd4e2264f714d6e,Merge pull request #4176 from andreitokar/issue-4021,maven,mvn -B clean package -DskipTests -Dmaven.repo.local=/data/tmp-build/cache/m2,5.6463,0,success,
2026-03-29T15:23:39.011720+00:00,h2database__h2database,h2database__h2database,refs/remotes/origin/master,42,d46a383c2b8e53f686b211fdb379133c2a7203ef,Merge pull request #4168 from grandinj/simplify_store_close,maven,mvn -B clean package -DskipTests -Dmaven.repo.local=/data/tmp-build/cache/m2,5.692724,0,success,
2026-03-29T15:23:44.725643+00:00,h2database__h2database,h2database__h2database,refs/remotes/origin/master,43,e8b3f710219ac611430da04c3c23c267bfae5fdc,Merge pull request #4163 from grandinj/issue_4161,maven,mvn -B clean package -DskipTests -Dmaven.repo.local=/data/tmp-build/cache/m2,5.665253,0,success,
2026-03-29T15:23:50.396641+00:00,h2database__h2database,h2database__h2database,refs/remotes/origin/master,44,2f278fe37a614e546a227616ffd48c344b7421b8,Merge pull request #4160 from katzyn/information_schema,maven,mvn -B clean package -DskipTests -Dmaven.repo.local=/data/tmp-build/cache/m2,5.619947,0,success,
2026-03-29T15:23:56.026164+00:00,h2database__h2database,h2database__h2database,refs/remotes/origin/master,45,47be2f495d78a97ef429d101c0c64cc536d03bbb,Merge pull request #4153 from katzyn/npe,maven,mvn -B clean package -DskipTests -Dmaven.repo.local=/data/tmp-build/cache/m2,5.56958,0,success,
2026-03-29T15:24:01.633300+00:00,h2database__h2database,h2database__h2database,refs/remotes/origin/master,46,a5568b92000b1ee7e2eb91cddb020c00f9702bad,Merge pull request #4150 from guanchengang/fix,maven,mvn -B clean package -DskipTests -Dmaven.repo.local=/data/tmp-build/cache/m2,5.552133,0,success,
2026-03-29T15:24:07.278505+00:00,h2database__h2database,h2database__h2database,refs/remotes/origin/master,47,25f603477678284830982f1d65869edec6669e60,Merge pull request #4149 from guanchengang/fix,maven,mvn -B clean package -DskipTests -Dmaven.repo.local=/data/tmp-build/cache/m2,5.583276,0,success,
2026-03-29T15:24:12.907110+00:00,h2database__h2database,h2database__h2database,refs/remotes/origin/master,48,71840d33f126ad3e8dc882298aa251b7238ae310,Merge pull request #4148 from katzyn/in,maven,mvn -B clean package -DskipTests -Dmaven.repo.local=/data/tmp-build/cache/m2,5.580201,0,success,
2026-03-29T15:24:18.571207+00:00,h2database__h2database,h2database__h2database,refs/remotes/origin/master,49,5bd1859c0ffac9ca9175725be764cc3f3d452532,Merge pull request #4140 from katzyn/oracle,maven,mvn -B clean package -DskipTests -Dmaven.repo.local=/data/tmp-build/cache/m2,5.607049,0,success,
2026-03-29T15:24:24.226937+00:00,h2database__h2database,h2database__h2database,refs/remotes/origin/master,50,70aba2743b706a17c5f5b62d374c606293228b3d,Merge pull request #4137 from katzyn/aioobe,maven,mvn -B clean package -DskipTests -Dmaven.repo.local=/data/tmp-build/cache/m2,5.601947,0,success,
2026-03-29T15:26:49.442305+00:00,junit-team__junit-framework,junit-team__junit-framework,refs/remotes/origin/main,1,596ca97324f3b820895ae84b64a5cfcd3446fe5a,Update dependency org.apache.groovy:groovy to v5.0.5 (#5569),gradle,sh ./gradlew --no-daemon clean assemble -x test,143.955961,0,success,
2026-03-29T15:27:01.577292+00:00,junit-team__junit-framework,junit-team__junit-framework,refs/remotes/origin/main,2,f2beffceeda5a20eb4c835dd1e0cc0b707f7d903,Update jackson monorepo to v3.1.1 (#5566),gradle,sh ./gradlew --no-daemon clean assemble -x test,11.911885,0,success,
2026-03-29T15:27:44.655036+00:00,junit-team__junit-framework,junit-team__junit-framework,refs/remotes/origin/main,3,f32b859546eb50af63eea13e0c27a92b0f296d1b,Update log4j2 monorepo to v2.25.4 (#5568),gradle,sh ./gradlew --no-daemon clean assemble -x test,42.874784,0,success,
2026-03-29T15:28:23.312514+00:00,junit-team__junit-framework,junit-team__junit-framework,refs/remotes/origin/main,4,0ca26c7fa193e76ab8d115903a18c8e31c9fe88d,Update github/codeql-action action to v4.35.1 (#5565),gradle,sh ./gradlew --no-daemon clean assemble -x test,38.432258,0,success,
2026-03-29T15:28:35.259328+00:00,junit-team__junit-framework,junit-team__junit-framework,refs/remotes/origin/main,5,dc5abd545a5530a338c590c7be12be5bf81d1967,Update plugin shadow to v9.4.1 (#5563),gradle,sh ./gradlew --no-daemon clean assemble -x test,11.736564,0,success,
2026-03-29T15:29:26.590138+00:00,junit-team__junit-framework,junit-team__junit-framework,refs/remotes/origin/main,6,763120c2c06c1234234577ed154448d765b0f8c6,Replace Paths::get with Path::of,gradle,sh ./gradlew --no-daemon clean assemble -x test,51.132815,0,success,
2026-03-29T15:29:41.200406+00:00,junit-team__junit-framework,junit-team__junit-framework,refs/remotes/origin/main,7,1a16e08030c7e92b0e7f72070dc5c76bc1034f2a,Replace Arrays.asList() and addAll() with Collections.addAll(),gradle,sh ./gradlew --no-daemon clean assemble -x test,14.388952,0,success,
2026-03-29T15:29:54.668155+00:00,junit-team__junit-framework,junit-team__junit-framework,refs/remotes/origin/main,8,638e1c44d42ebcbbd56de348481dcdcc6ba87632,Update codecov/codecov-action action to v6 (#5558),gradle,sh ./gradlew --no-daemon clean assemble -x test,13.265627,0,success,
2026-03-29T15:30:06.430651+00:00,junit-team__junit-framework,junit-team__junit-framework,refs/remotes/origin/main,9,f69f5a8fb8b6fc2195fb11542b7702071f8f3ecf,Polishing,gradle,sh ./gradlew --no-daemon clean assemble -x test,11.565243,0,success,
2026-03-29T15:30:18.344957+00:00,junit-team__junit-framework,junit-team__junit-framework,refs/remotes/origin/main,10,4f1f0ff31b58db8cbdeb51c68ebcf017b94dee43,Update sbt/setup-sbt action to v1.1.22 (#5550),gradle,sh ./gradlew --no-daemon clean assemble -x test,11.706904,0,success,
2026-03-29T15:30:29.922637+00:00,junit-team__junit-framework,junit-team__junit-framework,refs/remotes/origin/main,11,7b00bcee67b23dd4f7d396c5d5dcc60ba51af887,Update bnd to v7.2.3 (#5553),gradle,sh ./gradlew --no-daemon clean assemble -x test,11.369841,0,success,
2026-03-29T15:31:25.232357+00:00,junit-team__junit-framework,junit-team__junit-framework,refs/remotes/origin/main,12,1fbc528a3926d8fddff4bc2800ed51bf8edc7049,Update plugin develocity to v4.4.0 (#5555),gradle,sh ./gradlew --no-daemon clean assemble -x test,55.119109,0,success,
2026-03-29T15:32:10.852135+00:00,junit-team__junit-framework,junit-team__junit-framework,refs/remotes/origin/main,13,17986b805c9996972b6aa3dcfb096a1934f59770,Update Node.js to v24.14.1 (#5548),gradle,sh ./gradlew --no-daemon clean assemble -x test,45.397728,0,success,
2026-03-29T15:32:22.844374+00:00,junit-team__junit-framework,junit-team__junit-framework,refs/remotes/origin/main,14,52ab970cad90d7a6fd3f077510b40058ba89f205,Update bnd to v7.2.2 (#5551),gradle,sh ./gradlew --no-daemon clean assemble -x test,11.780584,0,success,
2026-03-29T15:33:09.068737+00:00,junit-team__junit-framework,junit-team__junit-framework,refs/remotes/origin/main,15,1bf4eb8a980cc900b4feedd034ee3fbcf5fb8cd5,Update gradle/actions action to v6.0.1 (#5545),gradle,sh ./gradlew --no-daemon clean assemble -x test,46.024995,0,success,
2026-03-29T15:33:21.120786+00:00,junit-team__junit-framework,junit-team__junit-framework,refs/remotes/origin/main,16,5919386ce9ebbcf8ff99ce0385e3ed8d6f02bb80,Update gradle/actions action to v6 (#5541),gradle,sh ./gradlew --no-daemon clean assemble -x test,11.834172,0,success,
2026-03-29T15:33:32.781363+00:00,junit-team__junit-framework,junit-team__junit-framework,refs/remotes/origin/main,17,c848b0a5170e314a8d5cc0f6b2f2dac7f63a190a,Update sbt/setup-sbt action to v1.1.21 (#5543),gradle,sh ./gradlew --no-daemon clean assemble -x test,11.463051,0,success,
2026-03-29T15:33:44.380969+00:00,junit-team__junit-framework,junit-team__junit-framework,refs/remotes/origin/main,18,07ef5e7316dd8b51d1b9a23f1c924bcbf7a928a1,Improve Testkit Executions documentation (#5534),gradle,sh ./gradlew --no-daemon clean assemble -x test,11.383886,0,success,
2026-03-29T15:33:56.167807+00:00,junit-team__junit-framework,junit-team__junit-framework,refs/remotes/origin/main,19,93a55dee7bf8dd9f9f044c53f0f4ac52bc5c8d83,Update dependency @springio/antora-extensions to v1.14.9 (#5538),gradle,sh ./gradlew --no-daemon clean assemble -x test,11.577786,0,success,
2026-03-29T15:34:07.844611+00:00,junit-team__junit-framework,junit-team__junit-framework,refs/remotes/origin/main,20,4983c5b936fd32bc5545d838724bf5c702e571cd,Update dependency @springio/antora-extensions to v1.14.8 (#5536),gradle,sh ./gradlew --no-daemon clean assemble -x test,11.481139,0,success,
2026-03-29T15:34:19.705305+00:00,junit-team__junit-framework,junit-team__junit-framework,refs/remotes/origin/main,21,a9515c57613b2a7568eb7aeba6fd700098394395,Update github/codeql-action action to v4.34.1 (#5535),gradle,sh ./gradlew --no-daemon clean assemble -x test,11.664644,0,success,
2026-03-29T15:34:31.616540+00:00,junit-team__junit-framework,junit-team__junit-framework,refs/remotes/origin/main,22,a454ea36a260a71491d8116b63b4c9fa700cd480,Update github/codeql-action action to v4.34.0 (#5533),gradle,sh ./gradlew --no-daemon clean assemble -x test,11.711462,0,success,
2026-03-29T15:34:43.616233+00:00,junit-team__junit-framework,junit-team__junit-framework,refs/remotes/origin/main,23,cc5c9a2fb10cd06c4d0bf338f23cc9aef8e5a963,Update nick-fields/retry action to v4 (#5531),gradle,sh ./gradlew --no-daemon clean assemble -x test,11.786558,0,success,
2026-03-29T15:34:55.512091+00:00,junit-team__junit-framework,junit-team__junit-framework,refs/remotes/origin/main,24,0fc24137aa7308707a3693cd0f1c8c13a051a3e8,Use GA version of JDK 26 (#5532),gradle,sh ./gradlew --no-daemon clean assemble -x test,11.685493,0,success,
2026-03-29T15:35:07.157251+00:00,junit-team__junit-framework,junit-team__junit-framework,refs/remotes/origin/main,25,930631104f8479316b429908b5569e6e2bf23139,"Revert ""Use adaptive SVG to simplify markup""",gradle,sh ./gradlew --no-daemon clean assemble -x test,11.450705,0,success,
2026-03-29T15:35:18.868341+00:00,junit-team__junit-framework,junit-team__junit-framework,refs/remotes/origin/main,26,7e543d0c1f4c93b4576323b4830af01d3db0374a,Update Gradle to v9.4.1 (#5530),gradle,sh ./gradlew --no-daemon clean assemble -x test,11.51452,0,success,
2026-03-29T15:36:42.704756+00:00,junit-team__junit-framework,junit-team__junit-framework,refs/remotes/origin/main,27,95c45b47590b64bfb33eb630b98ce46a93e263a8,Update plugin spotless to v8.4.0 (#5529),gradle,sh ./gradlew --no-daemon clean assemble -x test,83.638306,0,success,
2026-03-29T15:37:33.782295+00:00,junit-team__junit-framework,junit-team__junit-framework,refs/remotes/origin/main,28,2e331f58fc58c53f9519a83c715e00b3e4a5c5f1,Update codecov/codecov-action action to v5.5.3 (#5528),gradle,sh ./gradlew --no-daemon clean assemble -x test,50.853053,0,success,
2026-03-29T15:37:45.791878+00:00,junit-team__junit-framework,junit-team__junit-framework,refs/remotes/origin/main,29,f71017219088244e623f00c6c24a1d0c6af45032,Access `TestPlan` directly,gradle,sh ./gradlew --no-daemon clean assemble -x test,11.787276,0,success,
2026-03-29T15:37:59.319355+00:00,junit-team__junit-framework,junit-team__junit-framework,refs/remotes/origin/main,30,ee3a100cd4f8ebedf0733d0e6c4131c331eadfd0,Include full display name in legacy XML reports (#5524),gradle,sh ./gradlew --no-daemon clean assemble -x test,13.318065,0,success,
2026-03-29T15:38:12.880868+00:00,junit-team__junit-framework,junit-team__junit-framework,refs/remotes/origin/main,31,54b44ed8621c59f7714c2fe6d3cefa188dec22f0,Update sbt/setup-sbt action to v1.1.20 (#5523),gradle,sh ./gradlew --no-daemon clean assemble -x test,13.352742,0,success,
2026-03-29T15:38:24.482312+00:00,junit-team__junit-framework,junit-team__junit-framework,refs/remotes/origin/main,32,51f9894e8f4f95c67d4acdf3b4d5f17987ea04d0,Update testlens-app/setup-testlens action to v1.8.0 (#5520),gradle,sh ./gradlew --no-daemon clean assemble -x test,11.398343,0,success,
2026-03-29T15:38:36.147976+00:00,junit-team__junit-framework,junit-team__junit-framework,refs/remotes/origin/main,33,286d7478e8ce4ef60d7395e12c4b47e3c04f0f7a,Update github/codeql-action action to v4.33.0 (#5519),gradle,sh ./gradlew --no-daemon clean assemble -x test,11.465038,0,success,
2026-03-29T15:38:47.848597+00:00,junit-team__junit-framework,junit-team__junit-framework,refs/remotes/origin/main,34,fd30f65e729f972ac197d60527438eca899c738f,Update plugin shadow to v9.4.0 (#5516),gradle,sh ./gradlew --no-daemon clean assemble -x test,11.497412,0,success,
2026-03-29T15:39:39.048516+00:00,junit-team__junit-framework,junit-team__junit-framework,refs/remotes/origin/main,35,d6e82223804de561b128d9c19f74a41f618ccd7f,Update cross-version build for Valhalla,gradle,sh ./gradlew --no-daemon clean assemble -x test,51.007115,0,success,
2026-03-29T15:39:50.948685+00:00,junit-team__junit-framework,junit-team__junit-framework,refs/remotes/origin/main,36,5dbd8cad39370cc534854f4023c3e81dd3bf72fd,Stabilize test name,gradle,sh ./gradlew --no-daemon clean assemble -x test,11.676877,0,success,
2026-03-29T15:40:02.583445+00:00,junit-team__junit-framework,junit-team__junit-framework,refs/remotes/origin/main,37,ae75005aa6e5c576342b4abdd99617e7eb481ac4,Update dependency org.glassfish.jaxb:jaxb-runtime to v4.0.7 (#5514),gradle,sh ./gradlew --no-daemon clean assemble -x test,11.434366,0,success,
2026-03-29T15:40:14.099614+00:00,junit-team__junit-framework,junit-team__junit-framework,refs/remotes/origin/main,38,ff54e5042c38e64826936b5caeb2ac6b0c587cd0,Update dependency org.eclipse.platform:org.eclipse.platform to v4.39.0 (#5447),gradle,sh ./gradlew --no-daemon clean assemble -x test,11.320838,0,success,
2026-03-29T15:40:25.913075+00:00,junit-team__junit-framework,junit-team__junit-framework,refs/remotes/origin/main,39,315699c2fd5f57244285cfd4e64600e5c6f4db66,Update graalvm/setup-graalvm action to v1.5.0 (#5453),gradle,sh ./gradlew --no-daemon clean assemble -x test,11.609308,0,success,
2026-03-29T15:40:37.592404+00:00,junit-team__junit-framework,junit-team__junit-framework,refs/remotes/origin/main,40,f7120c8627d57011807d6eb4c5a3484bc21ce68c,Revise nullability of getMessage() in ParameterResolutionException,gradle,sh ./gradlew --no-daemon clean assemble -x test,11.487002,0,success,
2026-03-29T15:40:51.228231+00:00,junit-team__junit-framework,junit-team__junit-framework,refs/remotes/origin/main,41,637167f966cfc6716ea3cb1b0619381d4024b9e5,Update dependency org.apache.maven:apache-maven to v3.9.14 (#5452),gradle,sh ./gradlew --no-daemon clean assemble -x test,13.41776,0,success,
2026-03-29T15:41:02.775530+00:00,junit-team__junit-framework,junit-team__junit-framework,refs/remotes/origin/main,42,8067f3ae584185c63a49a8c22db34c3f30c3a5a0,Update dependency org.mockito:mockito-bom to v5.23.0 (#5450),gradle,sh ./gradlew --no-daemon clean assemble -x test,11.344644,0,success,
2026-03-29T15:41:15.186955+00:00,junit-team__junit-framework,junit-team__junit-framework,refs/remotes/origin/main,43,8383a4e04aae1dfe8125dcffc3eab6c05aa42459,"Revert ""Temporarily disable linking to AssertJ because javadoc.io is down""",gradle,sh ./gradlew --no-daemon clean assemble -x test,12.205623,0,success,
2026-03-29T15:41:31.359817+00:00,junit-team__junit-framework,junit-team__junit-framework,refs/remotes/origin/main,44,ac2bc81dda9c42511eca5d43865e272f3d3b7457,Remove dead code from WorkerThreadPoolHierarchicalTestExecutorService (#5443),gradle,sh ./gradlew --no-daemon clean assemble -x test,15.973427,0,success,
2026-03-29T15:41:45.715970+00:00,junit-team__junit-framework,junit-team__junit-framework,refs/remotes/origin/main,45,a0d039261d8c04e63a1cc8075186899b44a4145a,Fix race condition in WorkerThreadPoolHierarchicalTestExecutorService (#5437),gradle,sh ./gradlew --no-daemon clean assemble -x test,14.145575,0,success,
2026-03-29T15:42:00.010679+00:00,junit-team__junit-framework,junit-team__junit-framework,refs/remotes/origin/main,46,b9756dd28af6fc9570a14fe1e5a25ce235e4ad86,Include class template invocation index in legacy reporting names (#5441),gradle,sh ./gradlew --no-daemon clean assemble -x test,14.08722,0,success,
2026-03-29T15:42:12.433275+00:00,junit-team__junit-framework,junit-team__junit-framework,refs/remotes/origin/main,47,a1009c29be732fe1e08aa4fbaef2c953f9e6afa5,Add Kotlin snippets for six User Guide sections (#5432),gradle,sh ./gradlew --no-daemon clean assemble -x test,12.215088,0,success,
2026-03-29T15:42:24.137098+00:00,junit-team__junit-framework,junit-team__junit-framework,refs/remotes/origin/main,48,3eaec6877acf719685e1123d84b574158330099c,Update zizmorcore/zizmor-action action to v0.5.2 (#5446),gradle,sh ./gradlew --no-daemon clean assemble -x test,11.499253,0,success,
2026-03-29T15:42:35.640496+00:00,junit-team__junit-framework,junit-team__junit-framework,refs/remotes/origin/main,49,f829957ed8fd242591c1d90fe971811dc10d5367,Temporarily disable linking to AssertJ because javadoc.io is down,gradle,sh ./gradlew --no-daemon clean assemble -x test,11.306261,0,success,
2026-03-29T15:42:47.442654+00:00,junit-team__junit-framework,junit-team__junit-framework,refs/remotes/origin/main,50,b39f4ed26a7ede94bd89c435efb99886379fdb64,Update dependency de.siegmar:fastcsv to v4.1.1 (#5442),gradle,sh ./gradlew --no-daemon clean assemble -x test,11.586024,0,success,
2026-03-29T15:44:09.233226+00:00,mockito__mockito,mockito__mockito,refs/remotes/origin/main,1,82998ff78a14b2111e07ba24c5a7fa731a5f0a82,Fix non-deterministic AssertionError when using MockMakers.SUBCLASS (#3406) (#3795),gradle,sh ./gradlew --no-daemon clean assemble -x test,80.677786,0,success,
2026-03-29T15:44:24.459592+00:00,mockito__mockito,mockito__mockito,refs/remotes/origin/main,2,a7aa41d19742e78cd6c48eaf641445fb439a8ff0,Fixes #3536 : Implement SpyStatic API (#3794),gradle,sh ./gradlew --no-daemon clean assemble -x test,15.092588,0,success,
2026-03-29T15:44:39.763606+00:00,mockito__mockito,mockito__mockito,refs/remotes/origin/main,3,a231205b240e7884a63bf0f63440012867a4da21,Fix StackOverflowError with AbstractList after using mockSingleton (#3790),gradle,sh ./gradlew --no-daemon clean assemble -x test,15.229521,0,success,
2026-03-29T15:44:54.415563+00:00,mockito__mockito,mockito__mockito,refs/remotes/origin/main,4,f6a91a6a6138c776fa8b41ffb3fd078c64802044,Replace mockito-android mock maker implementation with dexmaker-mockito-inline (#3792),gradle,sh ./gradlew --no-daemon clean assemble -x test,14.576189,0,success,
2026-03-29T15:45:38.063637+00:00,mockito__mockito,mockito__mockito,refs/remotes/origin/main,5,aa2298a627ab2c0bce07f648e444477d8e2e05ba,fix: make spotless happy,gradle,sh ./gradlew --no-daemon clean assemble -x test,43.567468,0,success,
2026-03-29T15:45:53.028310+00:00,mockito__mockito,mockito__mockito,refs/remotes/origin/main,6,a6729d657e232ca64da81d9801d7b8f3be6fc49a,chore: update BDDMockito with jspecify annotation,gradle,sh ./gradlew --no-daemon clean assemble -x test,14.877442,0,success,
2026-03-29T15:46:07.758367+00:00,mockito__mockito,mockito__mockito,refs/remotes/origin/main,7,bb83c922484cfd3693d61549b5d6ef39a9c02c2b,chore: move jspecify as a compile only dependency,gradle,sh ./gradlew --no-daemon clean assemble -x test,14.647884,0,success,
2026-03-29T15:46:26.856771+00:00,mockito__mockito,mockito__mockito,refs/remotes/origin/main,8,47a46954cd1c0f8ef64ec63d43da9b71081d74e6,chore: add jspecify with minimal change. Fixes #3503,gradle,sh ./gradlew --no-daemon clean assemble -x test,19.023121,0,success,
2026-03-29T15:47:03.157823+00:00,mockito__mockito,mockito__mockito,refs/remotes/origin/main,9,25f13951d35ca391ee50207e6c564f3e869f3d91,Add core API to enable Kotlin singleton mocking (#3762),gradle,sh ./gradlew --no-daemon clean assemble -x test,36.218957,0,success,
2026-03-29T15:47:18.439149+00:00,mockito__mockito,mockito__mockito,refs/remotes/origin/main,10,ef9ee5529853d96028b520f84a41ffd41afc9a1d,"Avoids mocking private static methods, as well as package-private static methods of java.* classes, as those are primarily internal utilities that will cause non-intuitive changes of methods. This are not invoked for non-static mocks either. Fixes #3778. (#3785)",gradle,sh ./gradlew --no-daemon clean assemble -x test,15.191934,0,success,
2026-03-29T15:47:33.317073+00:00,mockito__mockito,mockito__mockito,refs/remotes/origin/main,11,d16fcfc274d7ca03a2b4bdc22dd7c3ec6dac8690,Bump graalvm/setup-graalvm from 1.4.4 to 1.4.5 (#3780),gradle,sh ./gradlew --no-daemon clean assemble -x test,14.794075,0,success,
2026-03-29T15:47:41.645004+00:00,mockito__mockito,mockito__mockito,refs/remotes/origin/main,12,27eb8a3acdd9c9eb3ff788a71b22777026874439,Clarify `RETURNS_MOCKS` behavior with sealed abstract enums (Java 15+) (#3773),gradle,sh ./gradlew --no-daemon clean assemble -x test,8.245937,0,success,
2026-03-29T15:47:56.475366+00:00,mockito__mockito,mockito__mockito,refs/remotes/origin/main,13,9e5d449a78132385e75ff02d02c61e49cce374b6,Add tests for Sets utility class (#3771),gradle,sh ./gradlew --no-daemon clean assemble -x test,14.754753,0,success,
2026-03-29T15:48:04.850531+00:00,mockito__mockito,mockito__mockito,refs/remotes/origin/main,14,8d9a62fafa9829ecfa0b298c0bd012faa3bf1868,Bump actions/upload-artifact from 5 to 6 (#3774),gradle,sh ./gradlew --no-daemon clean assemble -x test,8.294122,0,success,
2026-03-29T15:48:15.960444+00:00,mockito__mockito,mockito__mockito,refs/remotes/origin/main,15,09d2230acd7160252a6db228313c226a976e51b9,Bump graalvm/setup-graalvm from 1.4.3 to 1.4.4 (#3768),gradle,sh ./gradlew --no-daemon clean assemble -x test,11.031385,0,success,
2026-03-29T15:48:26.123392+00:00,mockito__mockito,mockito__mockito,refs/remotes/origin/main,16,df3e0ccdd42533ac933f87e3fa00c0681d362c5b,Bump graalvm/setup-graalvm from 1.4.2 to 1.4.3 (#3767),gradle,sh ./gradlew --no-daemon clean assemble -x test,10.087958,0,success,
2026-03-29T15:48:34.524886+00:00,mockito__mockito,mockito__mockito,refs/remotes/origin/main,17,04a6e9f88ccc6c29e77b95a8e0b617319bcee234,Bump actions/checkout from 5 to 6 (#3765),gradle,sh ./gradlew --no-daemon clean assemble -x test,8.320754,0,success,
2026-03-29T15:48:42.892136+00:00,mockito__mockito,mockito__mockito,refs/remotes/origin/main,18,756a3cf3fa890437603704f1dc2932e908ef3951,Add description of matchers to potential mismatch (#3760),gradle,sh ./gradlew --no-daemon clean assemble -x test,8.287514,0,success,
2026-03-29T15:48:58.002968+00:00,mockito__mockito,mockito__mockito,refs/remotes/origin/main,19,58ba4455209a126d025eecbf18b33a7e04dece3b,Forbid mocking WeakReference with inline mock maker (#3759),gradle,sh ./gradlew --no-daemon clean assemble -x test,15.031906,0,success,
2026-03-29T15:49:12.916453+00:00,mockito__mockito,mockito__mockito,refs/remotes/origin/main,20,966d6009047c7f6617dbf080e68ee38ea049aa54,Bump actions/upload-artifact from 4 to 5 (#3756),gradle,sh ./gradlew --no-daemon clean assemble -x test,14.831789,0,success,
2026-03-29T15:49:21.232271+00:00,mockito__mockito,mockito__mockito,refs/remotes/origin/main,21,632bf7bf5521208b237dcd08602c84b399b78031,Bump graalvm/setup-graalvm from 1.4.1 to 1.4.2 (#3755),gradle,sh ./gradlew --no-daemon clean assemble -x test,8.230656,0,success,
2026-03-29T15:49:29.728186+00:00,mockito__mockito,mockito__mockito,refs/remotes/origin/main,22,8564b43fbbdf4911a35148f7f11689dd5524c7c8,Fix primitives support in GenericArrayReturnType for Android (#3753),gradle,sh ./gradlew --no-daemon clean assemble -x test,8.420588,0,success,
2026-03-29T15:49:44.792548+00:00,mockito__mockito,mockito__mockito,refs/remotes/origin/main,23,bf3a80983b99339716ec6070e09e60fbe3d9858c,Bump graalvm/setup-graalvm from 1.4.0 to 1.4.1 (#3744),gradle,sh ./gradlew --no-daemon clean assemble -x test,14.979253,0,success,
2026-03-29T15:49:53.162114+00:00,mockito__mockito,mockito__mockito,refs/remotes/origin/main,24,cffddd4c759feda23185b6d25495fc8f9006190b,Bump gradle/actions from 4 to 5 (#3743),gradle,sh ./gradlew --no-daemon clean assemble -x test,8.291394,0,success,
2026-03-29T15:50:01.584706+00:00,mockito__mockito,mockito__mockito,refs/remotes/origin/main,25,2503dd1e040c4160034555565077043f5213b345,Return completed futures for unstubbed Future/CompletionStage in ReturnsEmptyValues (#3727),gradle,sh ./gradlew --no-daemon clean assemble -x test,8.340663,0,success,
2026-03-29T15:50:16.236233+00:00,mockito__mockito,mockito__mockito,refs/remotes/origin/main,26,e6682a3805b45117a2743f7cd833926ec91406eb,Infer class to mock in mockStatic and mockConstruction (#3731),gradle,sh ./gradlew --no-daemon clean assemble -x test,14.576868,0,success,
2026-03-29T15:50:31.424779+00:00,mockito__mockito,mockito__mockito,refs/remotes/origin/main,27,1d4b4736fb575857f55b4eb988a1f39d52c20138,Bump org.graalvm.buildtools.native from 0.11.0 to 0.11.1 (#3738),gradle,sh ./gradlew --no-daemon clean assemble -x test,15.104927,0,success,
2026-03-29T15:50:46.114512+00:00,mockito__mockito,mockito__mockito,refs/remotes/origin/main,28,3b52a4a32ebdd58f8d897f1dc38c2cf38dab776c,Bump com.diffplug.spotless:spotless-plugin-gradle from 7.2.1 to 8.0.0 (#3735),gradle,sh ./gradlew --no-daemon clean assemble -x test,14.606725,0,success,
2026-03-29T15:51:24.369904+00:00,mockito__mockito,mockito__mockito,refs/remotes/origin/main,29,6ac8f9024f143ab03d01f874418d7c004abdbe6a,Bump graalvm/setup-graalvm from 1.3.7 to 1.4.0 (#3734),gradle,sh ./gradlew --no-daemon clean assemble -x test,38.175242,0,success,
2026-03-29T15:51:32.932559+00:00,mockito__mockito,mockito__mockito,refs/remotes/origin/main,30,153425ee5faec6eee93ab7c971f1dc5afa6d091e,Bump errorprone from 2.41.0 to 2.42.0 (#3732),gradle,sh ./gradlew --no-daemon clean assemble -x test,8.475983,0,success,
2026-03-29T15:51:47.868131+00:00,mockito__mockito,mockito__mockito,refs/remotes/origin/main,31,a41afe96f7909745cdea65728d0b3e9f2dec4fc9,Bump org.assertj:assertj-core from 3.27.5 to 3.27.6 (#3733),gradle,sh ./gradlew --no-daemon clean assemble -x test,14.861042,0,success,
2026-03-29T15:51:58.578385+00:00,mockito__mockito,mockito__mockito,refs/remotes/origin/main,32,3a1a19ee40f1234048880393343405046fc3fa60,Add support for generic types in `MockedConstruction` and `MockedStatic` (#3729),gradle,sh ./gradlew --no-daemon clean assemble -x test,10.627798,0,success,
2026-03-29T15:52:13.288429+00:00,mockito__mockito,mockito__mockito,refs/remotes/origin/main,33,f3c957a74e39a78c31b7fd2e48bf9f4c3a13112c,Bump org.assertj:assertj-core from 3.27.4 to 3.27.5 (#3730),gradle,sh ./gradlew --no-daemon clean assemble -x test,14.635668,0,success,
2026-03-29T15:52:21.867920+00:00,mockito__mockito,mockito__mockito,refs/remotes/origin/main,34,3cfbd427182ef7c9ae718873ffb85b5ed4f04758,Bump graalvm/setup-graalvm from 1.3.6 to 1.3.7 (#3725),gradle,sh ./gradlew --no-daemon clean assemble -x test,8.493088,0,success,
2026-03-29T15:52:30.288780+00:00,mockito__mockito,mockito__mockito,refs/remotes/origin/main,35,6f9a04bbd7c7894a38b34658456691823866112c,Bump com.gradle.develocity from 4.1.1 to 4.2 (#3726),gradle,sh ./gradlew --no-daemon clean assemble -x test,8.345498,0,success,
2026-03-29T15:53:09.344867+00:00,mockito__mockito,mockito__mockito,refs/remotes/origin/main,36,c75dfb886cbfbed9c0d5d36681a103205a264a8c,Bump org.eclipse.platform:org.eclipse.osgi from 3.23.100 to 3.23.200 (#3720),gradle,sh ./gradlew --no-daemon clean assemble -x test,38.974275,0,success,
2026-03-29T15:53:17.920562+00:00,mockito__mockito,mockito__mockito,refs/remotes/origin/main,37,54474fa1dd9455913181567536ca1d60f00880f5,Bump graalvm/setup-graalvm from 1.3.5 to 1.3.6 (#3719),gradle,sh ./gradlew --no-daemon clean assemble -x test,8.49409,0,success,
2026-03-29T15:53:26.220537+00:00,mockito__mockito,mockito__mockito,refs/remotes/origin/main,38,bc06f214c0c9505a1887e4422a449c6304993ff5,Use Assume.assumeThat for SequencedCollection tests (#3711),gradle,sh ./gradlew --no-daemon clean assemble -x test,8.224991,0,success,
2026-03-29T15:53:34.540431+00:00,mockito__mockito,mockito__mockito,refs/remotes/origin/main,39,a10aed01a455bf1f45bb25dc1bb887fd171cffee,Bump actions/setup-java from 4 to 5 (#3715),gradle,sh ./gradlew --no-daemon clean assemble -x test,8.236187,0,success,
2026-03-29T15:53:42.923274+00:00,mockito__mockito,mockito__mockito,refs/remotes/origin/main,40,37bb3e5062bbedda96dc3810c5e3d4f5c0c644e0,Fix metadata generation on GraalVM (#3710),gradle,sh ./gradlew --no-daemon clean assemble -x test,8.302839,0,success,
2026-03-29T15:54:00.588748+00:00,mockito__mockito,mockito__mockito,refs/remotes/origin/main,41,ef2fd6f8e12df2db9b1c3aef067c33f6fe2aba95,Bump com.gradle.develocity from 4.1 to 4.1.1 (#3713),gradle,sh ./gradlew --no-daemon clean assemble -x test,17.588539,0,success,
2026-03-29T15:54:39.100105+00:00,mockito__mockito,mockito__mockito,refs/remotes/origin/main,42,0776d973fc5b06d7f7a16ac31e45aff24f1ab888,Bump bytebuddy from 1.17.6 to 1.17.7 (#3712),gradle,sh ./gradlew --no-daemon clean assemble -x test,38.429365,0,success,
2026-03-29T15:54:56.280504+00:00,mockito__mockito,mockito__mockito,refs/remotes/origin/main,43,144751b053da44970d78a31b65a0eb9a780a86fa,Add support for JDK21 Sequenced Collections. (#3708),gradle,sh ./gradlew --no-daemon clean assemble -x test,17.097092,0,success,
2026-03-29T15:55:10.808406+00:00,mockito__mockito,mockito__mockito,refs/remotes/origin/main,44,b275c7d289b12787fb955fa75a3b831495905501,Bump actions/checkout from 4 to 5 (#3707),gradle,sh ./gradlew --no-daemon clean assemble -x test,14.452519,0,success,
2026-03-29T15:55:19.146817+00:00,mockito__mockito,mockito__mockito,refs/remotes/origin/main,45,ad6ae2f9fdc014790ba91afccbcbdef348e4591e,Allow overriding 'Created-By' for reproducible builds (#3704),gradle,sh ./gradlew --no-daemon clean assemble -x test,8.262228,0,success,
2026-03-29T15:55:56.107897+00:00,mockito__mockito,mockito__mockito,refs/remotes/origin/main,46,096ee9fb09878f2a292168fe26114b8de57605cb,Bump org.assertj:assertj-core from 3.27.3 to 3.27.4 (#3703),gradle,sh ./gradlew --no-daemon clean assemble -x test,36.881224,0,success,
2026-03-29T15:56:04.682959+00:00,mockito__mockito,mockito__mockito,refs/remotes/origin/main,47,aa7be27c038f06c4206577ccb46dec83baff6ccb,Bump androidx.test:runner from 1.6.2 to 1.7.0 (#3697),gradle,sh ./gradlew --no-daemon clean assemble -x test,8.487862,0,success,
2026-03-29T15:56:13.064035+00:00,mockito__mockito,mockito__mockito,refs/remotes/origin/main,48,c8a698b8a2178e54910a688f97c179525b406aae,Remove unused tests,gradle,sh ./gradlew --no-daemon clean assemble -x test,8.297749,0,success,
2026-03-29T15:56:21.519107+00:00,mockito__mockito,mockito__mockito,refs/remotes/origin/main,49,ea45979ae266acd6ef9d929c72d31b164ed6edfe,Bump errorprone from 2.39.0 to 2.41.0,gradle,sh ./gradlew --no-daemon clean assemble -x test,8.372123,0,success,
2026-03-29T15:56:36.688312+00:00,mockito__mockito,mockito__mockito,refs/remotes/origin/main,50,9c8eb230bea71407124ca2d84a45336ce4478748,Bump org.junit.platform:junit-platform-launcher from 1.13.3 to 1.13.4 (#3694),gradle,sh ./gradlew --no-daemon clean assemble -x test,15.092644,0,success,
2026-03-29T15:57:52.946884+00:00,osgi__osgi,osgi__osgi,refs/remotes/origin/main,1,50abd760367996cb570bdce96a340c500bca8904,Merge pull request #918 from osgi/dependabot/github_actions/actions/download-artifact-8.0.1,gradle,sh ./gradlew --no-daemon clean assemble -x test,60.448258,0,success,
2026-03-29T15:58:44.160301+00:00,osgi__osgi,osgi__osgi,refs/remotes/origin/main,2,4d0b9f7e5b70adfef4d27aa7d832d008e43c2e08,Merge pull request #920 from osgi/dependabot/github_actions/github/codeql-action-4.34.1,gradle,sh ./gradlew --no-daemon clean assemble -x test,50.85203,0,success,
2026-03-29T15:59:35.693112+00:00,osgi__osgi,osgi__osgi,refs/remotes/origin/main,3,d637c9984b63c8388679c4dfeab83b17dd2ec26e,Merge pull request #916 from osgi/dependabot/github_actions/github/codeql-action-4.32.6,gradle,sh ./gradlew --no-daemon clean assemble -x test,51.164801,0,success,
2026-03-29T16:00:27.428303+00:00,osgi__osgi,osgi__osgi,refs/remotes/origin/main,4,3341b2e6c1acfb9edc404a127fc84275c256901e,Merge pull request #915 from osgi/dependabot/github_actions/github/codeql-action-4.32.5,gradle,sh ./gradlew --no-daemon clean assemble -x test,51.377221,0,success,
2026-03-29T16:01:20.377972+00:00,osgi__osgi,osgi__osgi,refs/remotes/origin/main,5,c435ed331974147d4efd6d7f9bb7ce135059a603,Merge pull request #912 from osgi/dependabot/github_actions/actions/upload-artifact-7.0.0,gradle,sh ./gradlew --no-daemon clean assemble -x test,52.57891,0,success,
2026-03-29T16:02:12.636679+00:00,osgi__osgi,osgi__osgi,refs/remotes/origin/main,6,49e8eb861801a5266b4ef7e743660cef841ce5f8,Merge pull request #911 from osgi/dependabot/github_actions/github/codeql-action-4.32.4,gradle,sh ./gradlew --no-daemon clean assemble -x test,51.8877,0,success,
2026-03-29T16:03:04.291598+00:00,osgi__osgi,osgi__osgi,refs/remotes/origin/main,7,e07cb0128a5193764459d68a3b5878213aaab8ab,Merge pull request #913 from osgi/dependabot/github_actions/actions/checkout-6.0.2,gradle,sh ./gradlew --no-daemon clean assemble -x test,51.293054,0,success,
2026-03-29T16:03:57.600355+00:00,osgi__osgi,osgi__osgi,refs/remotes/origin/main,8,7723669ad4c075f0074cdb9a12882d418c643c04,Merge pull request #914 from osgi/dependabot/github_actions/actions/stale-10.2.0,gradle,sh ./gradlew --no-daemon clean assemble -x test,52.946205,0,success,
2026-03-29T16:04:50.136298+00:00,osgi__osgi,osgi__osgi,refs/remotes/origin/main,9,a24df0632001a620713a8577582108ec0e3f550d,Merge pull request #900 from osgi/dependabot/github_actions/actions/download-artifact-7.0.0,gradle,sh ./gradlew --no-daemon clean assemble -x test,52.181892,0,success,
2026-03-29T16:05:41.196281+00:00,osgi__osgi,osgi__osgi,refs/remotes/origin/main,10,a1c26d0b73828ea69e8f560b7ded26ca8ee9e1c4,Merge pull request #901 from osgi/dependabot/github_actions/actions/setup-java-5.1.0,gradle,sh ./gradlew --no-daemon clean assemble -x test,50.710288,0,success,
2026-03-29T16:06:32.417108+00:00,osgi__osgi,osgi__osgi,refs/remotes/origin/main,11,2b289a03817e0570263fea02c8019c5c126fd4f5,Merge pull request #902 from osgi/dependabot/github_actions/actions/upload-artifact-6.0.0,gradle,sh ./gradlew --no-daemon clean assemble -x test,50.860103,0,success,
2026-03-29T16:07:25.649012+00:00,osgi__osgi,osgi__osgi,refs/remotes/origin/main,12,5a61c0626209ea9a373ee392d95de1dca2b04588,Merge pull request #910 from laeubi/fix_upnp,gradle,sh ./gradlew --no-daemon clean assemble -x test,52.88242,0,success,
2026-03-29T16:08:16.589047+00:00,osgi__osgi,osgi__osgi,refs/remotes/origin/main,13,3aab0f929e52549bf473e416716267dd7c5586be,Merge pull request #908 from laeubi/throw_exc_on_invalid_type,gradle,sh ./gradlew --no-daemon clean assemble -x test,50.576206,0,success,
2026-03-29T16:09:07.495355+00:00,osgi__osgi,osgi__osgi,refs/remotes/origin/main,14,2ee9436c6fb80bdffac7ca2cbcbebfe154670c2f,Merge pull request #907 from laeubi/fixup_launch_tests,gradle,sh ./gradlew --no-daemon clean assemble -x test,50.548698,0,success,
2026-03-29T16:10:00.676850+00:00,osgi__osgi,osgi__osgi,refs/remotes/origin/main,15,3cd612ba1853651a12eeb5ecc94ac532db6747bf,Merge pull request #906 from laeubi/fixup_839,gradle,sh ./gradlew --no-daemon clean assemble -x test,52.809669,0,success,
2026-03-29T16:10:12.132569+00:00,osgi__osgi,osgi__osgi,refs/remotes/origin/main,16,0c79a3ec4d5d753a8b1b72c43aa5e6a5b6b85a36,Merge pull request #839 from laeubi/issue_824,gradle,sh ./gradlew --no-daemon clean assemble -x test,11.094048,1,build_failed,"> Task :org.osgi.framework:jar FAILED | /data/tmp-build/worktrees/osgi__osgi-build-bench-klzkf4j8/org.osgi.framework/src/org/osgi/framework/connect/package-info.java:31: error: Baseline mismatch for package org.osgi.framework.connect, MINOR change. Current is 1.0.0, repo is 1.0.0, suggest 1.1.0 or - | /data/tmp-build/worktrees/osgi__osgi-build-bench-klzkf4j8/org.osgi.framework/src/org/osgi/framework/launch/package-info.java:33: error: Baseline mismatch for package org.osgi.framework.launch, MINOR change. Current is 1.2.0, repo is 1.2.0, suggest 1.3.0 or - | FAILURE: Build failed with an exception. | Execution failed for task ':org.osgi.framework:jar'. | > org.osgi.framework has errors, 2 errors were reported | BUILD FAILED in 10s"
2026-03-29T16:11:04.211360+00:00,osgi__osgi,osgi__osgi,refs/remotes/origin/main,17,92a2df0e2e9636546dd8b9ee90e19b565041b399,Merge pull request #903 from gg-dim/typedevent_tck_spec_update,gradle,sh ./gradlew --no-daemon clean assemble -x test,51.996136,0,success,
2026-03-29T16:11:56.028099+00:00,osgi__osgi,osgi__osgi,refs/remotes/origin/main,18,73127febbd9e1bcb33761fe3a33c026eb41d0c4e,Merge pull request #886 from osgi/dependabot/github_actions/actions/download-artifact-6.0.0,gradle,sh ./gradlew --no-daemon clean assemble -x test,51.451383,0,success,
2026-03-29T16:12:47.791634+00:00,osgi__osgi,osgi__osgi,refs/remotes/origin/main,19,4ab64e0eacef700a54b2fff5e1a4b3bfbf8d0482,Merge pull request #894 from osgi/dependabot/github_actions/github/codeql-action-4.31.6,gradle,sh ./gradlew --no-daemon clean assemble -x test,51.3935,0,success,
2026-03-29T16:13:39.076445+00:00,osgi__osgi,osgi__osgi,refs/remotes/origin/main,20,d479165b09bade88a22d404334b315a2ff8c2949,Merge pull request #896 from osgi/dependabot/github_actions/actions/stale-10.1.1,gradle,sh ./gradlew --no-daemon clean assemble -x test,50.937065,0,success,
2026-03-29T16:14:29.880801+00:00,osgi__osgi,osgi__osgi,refs/remotes/origin/main,21,18e987c6128028ecb6635cf97cf7949c2b3abc3c,build(deps): bump github/codeql-action from 4.31.0 to 4.31.5,gradle,sh ./gradlew --no-daemon clean assemble -x test,50.443829,0,success,
2026-03-29T16:15:20.656588+00:00,osgi__osgi,osgi__osgi,refs/remotes/origin/main,22,74868016f7f2ec01b3ce5843a3b24e95a9c9b303,Merge pull request #885 from laeubi/patch-1,gradle,sh ./gradlew --no-daemon clean assemble -x test,50.404532,0,success,
2026-03-29T16:16:12.941943+00:00,osgi__osgi,osgi__osgi,refs/remotes/origin/main,23,a5d674fe13c8f27917798ca62ba4940b35614be4,build(deps): bump actions/upload-artifact from 4.6.2 to 5.0.0,gradle,sh ./gradlew --no-daemon clean assemble -x test,51.932833,0,success,
2026-03-29T16:17:04.511616+00:00,osgi__osgi,osgi__osgi,refs/remotes/origin/main,24,8e31092c7c2216abe93b39f9f6aabf5b86268d53,build(deps): bump github/codeql-action from 4.30.9 to 4.31.0,gradle,sh ./gradlew --no-daemon clean assemble -x test,51.202476,0,success,
2026-03-29T16:17:55.538724+00:00,osgi__osgi,osgi__osgi,refs/remotes/origin/main,25,daec897a61f55e18bc389818930740e22e0c5018,build(deps): bump actions/stale from 10.0.0 to 10.1.0,gradle,sh ./gradlew --no-daemon clean assemble -x test,50.667939,0,success,
2026-03-29T16:18:46.820240+00:00,osgi__osgi,osgi__osgi,refs/remotes/origin/main,26,b74641a5d8745490fb6834d4d9c6ac4c181b8b43,build(deps): bump ossf/scorecard-action from 2.4.2 to 2.4.3,gradle,sh ./gradlew --no-daemon clean assemble -x test,50.926787,0,success,
2026-03-29T16:19:38.783121+00:00,osgi__osgi,osgi__osgi,refs/remotes/origin/main,27,9bea840303ab47a9118d49310f52e378b92470a0,Upgrade Bnd plugin to 7.1.0 for Gradle 8.14 compatibility,gradle,sh ./gradlew --no-daemon clean assemble -x test,51.601609,0,success,
2026-03-29T16:19:53.214574+00:00,osgi__osgi,osgi__osgi,refs/remotes/origin/main,28,163febdbe4c972051cacf1018d880f50c90d6bda,Use more recent gradle version,gradle,sh ./gradlew --no-daemon clean assemble -x test,14.071271,1,build_failed,FAILURE: Build failed with an exception. | Could not determine the dependencies of task ':cnf:jar'. | > Could not resolve all dependencies for configuration ':cnf:compileClasspath'. | > Could not create task ':cnf:compileJava'. | BUILD FAILED in 13s
2026-03-29T16:19:58.195894+00:00,osgi__osgi,osgi__osgi,refs/remotes/origin/main,29,d04c6f6d0f62044af6dc84975b5e7cc12b31b703,Merge pull request #872 from osgi/timothyjward-patch-1,gradle,sh ./gradlew --no-daemon clean assemble -x test,4.896352,1,build_failed,FAILURE: Build failed with an exception. | Could not open cp_settings generic class cache for settings file '/data/tmp-build/worktrees/osgi__osgi-build-bench-klzkf4j8/settings.gradle' (/data/tmp-build/cache/gradle/caches/7.6/scripts/7grqsqccagerpz5zoh58yt6cw). | > BUG! exception in phase 'semantic analysis' in source unit '_BuildScript_' Unsupported class file major version 65 | BUILD FAILED in 4s
2026-03-29T16:20:00.158945+00:00,osgi__osgi,osgi__osgi,refs/remotes/origin/main,30,eb08fcac898f50aec1a1d2847cae6ffccd5a7385,"Revert ""Add component retention policy enhancement""",gradle,sh ./gradlew --no-daemon clean assemble -x test,1.916555,1,build_failed,FAILURE: Build failed with an exception. | Could not open cp_settings generic class cache for settings file '/data/tmp-build/worktrees/osgi__osgi-build-bench-klzkf4j8/settings.gradle' (/data/tmp-build/cache/gradle/caches/7.6/scripts/7grqsqccagerpz5zoh58yt6cw). | > BUG! exception in phase 'semantic analysis' in source unit '_BuildScript_' Unsupported class file major version 65 | BUILD FAILED in 1s
2026-03-29T16:20:02.168562+00:00,osgi__osgi,osgi__osgi,refs/remotes/origin/main,31,a8b38ee7dd4efd5f1728cdf863c0de559aaf6a80,Add component retention policy enhancement,gradle,sh ./gradlew --no-daemon clean assemble -x test,1.958116,1,build_failed,FAILURE: Build failed with an exception. | Could not open cp_settings generic class cache for settings file '/data/tmp-build/worktrees/osgi__osgi-build-bench-klzkf4j8/settings.gradle' (/data/tmp-build/cache/gradle/caches/7.6/scripts/7grqsqccagerpz5zoh58yt6cw). | > BUG! exception in phase 'semantic analysis' in source unit '_BuildScript_' Unsupported class file major version 65 | BUILD FAILED in 1s
2026-03-29T16:20:04.180551+00:00,osgi__osgi,osgi__osgi,refs/remotes/origin/main,32,94b0d822b77b2719bfee599814293cb9a39c4da7,add clarification on same package import & export,gradle,sh ./gradlew --no-daemon clean assemble -x test,1.961942,1,build_failed,FAILURE: Build failed with an exception. | Could not open cp_settings generic class cache for settings file '/data/tmp-build/worktrees/osgi__osgi-build-bench-klzkf4j8/settings.gradle' (/data/tmp-build/cache/gradle/caches/7.6/scripts/7grqsqccagerpz5zoh58yt6cw). | > BUG! exception in phase 'semantic analysis' in source unit '_BuildScript_' Unsupported class file major version 65 | BUILD FAILED in 1s
2026-03-29T16:20:06.158514+00:00,osgi__osgi,osgi__osgi,refs/remotes/origin/main,33,1bb4ff26253ff799e2cec935af86a1ef6ace2c12,Update typed event TCK for single level wildcards,gradle,sh ./gradlew --no-daemon clean assemble -x test,1.927928,1,build_failed,FAILURE: Build failed with an exception. | Could not open cp_settings generic class cache for settings file '/data/tmp-build/worktrees/osgi__osgi-build-bench-klzkf4j8/settings.gradle' (/data/tmp-build/cache/gradle/caches/7.6/scripts/7grqsqccagerpz5zoh58yt6cw). | > BUG! exception in phase 'semantic analysis' in source unit '_BuildScript_' Unsupported class file major version 65 | BUILD FAILED in 1s
2026-03-29T16:20:08.160669+00:00,osgi__osgi,osgi__osgi,refs/remotes/origin/main,34,50f756824eb98892e7bc30fa174094c268389e15,Suggesting a variant for the TopicPermission PR #868,gradle,sh ./gradlew --no-daemon clean assemble -x test,1.955985,1,build_failed,FAILURE: Build failed with an exception. | Could not open cp_settings generic class cache for settings file '/data/tmp-build/worktrees/osgi__osgi-build-bench-klzkf4j8/settings.gradle' (/data/tmp-build/cache/gradle/caches/7.6/scripts/7grqsqccagerpz5zoh58yt6cw). | > BUG! exception in phase 'semantic analysis' in source unit '_BuildScript_' Unsupported class file major version 65 | BUILD FAILED in 1s
2026-03-29T16:20:10.188192+00:00,osgi__osgi,osgi__osgi,refs/remotes/origin/main,35,81c1ca48269adbb311eb0e041a1bfa627c0f7a52,Support single level wildcards in TopicPermission,gradle,sh ./gradlew --no-daemon clean assemble -x test,1.980864,1,build_failed,FAILURE: Build failed with an exception. | Could not open cp_settings generic class cache for settings file '/data/tmp-build/worktrees/osgi__osgi-build-bench-klzkf4j8/settings.gradle' (/data/tmp-build/cache/gradle/caches/7.6/scripts/7grqsqccagerpz5zoh58yt6cw). | > BUG! exception in phase 'semantic analysis' in source unit '_BuildScript_' Unsupported class file major version 65 | BUILD FAILED in 1s
2026-03-29T16:20:12.202543+00:00,osgi__osgi,osgi__osgi,refs/remotes/origin/main,36,c0245d81d89966488855ce90cb28e3b423bf3fc3,Merge pull request #870 from osgi/fix/deploy,gradle,sh ./gradlew --no-daemon clean assemble -x test,1.968852,1,build_failed,FAILURE: Build failed with an exception. | Could not open cp_settings generic class cache for settings file '/data/tmp-build/worktrees/osgi__osgi-build-bench-klzkf4j8/settings.gradle' (/data/tmp-build/cache/gradle/caches/7.6/scripts/7grqsqccagerpz5zoh58yt6cw). | > BUG! exception in phase 'semantic analysis' in source unit '_BuildScript_' Unsupported class file major version 65 | BUILD FAILED in 1s
2026-03-29T16:20:14.216153+00:00,osgi__osgi,osgi__osgi,refs/remotes/origin/main,37,33f93a0ec23e67adb240a0e85e287b005046cf9d,build(deps): bump github/codeql-action from 4.30.7 to 4.30.9,gradle,sh ./gradlew --no-daemon clean assemble -x test,1.966983,1,build_failed,FAILURE: Build failed with an exception. | Could not open cp_settings generic class cache for settings file '/data/tmp-build/worktrees/osgi__osgi-build-bench-klzkf4j8/settings.gradle' (/data/tmp-build/cache/gradle/caches/7.6/scripts/7grqsqccagerpz5zoh58yt6cw). | > BUG! exception in phase 'semantic analysis' in source unit '_BuildScript_' Unsupported class file major version 65 | BUILD FAILED in 1s
2026-03-29T16:20:16.226714+00:00,osgi__osgi,osgi__osgi,refs/remotes/origin/main,38,f862b569fa8341319cd59506c45ca32f420829ce,Merge pull request #862 from osgi/dependabot/github_actions/github/codeql-action-4.30.7,gradle,sh ./gradlew --no-daemon clean assemble -x test,1.965149,1,build_failed,FAILURE: Build failed with an exception. | Could not open cp_settings generic class cache for settings file '/data/tmp-build/worktrees/osgi__osgi-build-bench-klzkf4j8/settings.gradle' (/data/tmp-build/cache/gradle/caches/7.6/scripts/7grqsqccagerpz5zoh58yt6cw). | > BUG! exception in phase 'semantic analysis' in source unit '_BuildScript_' Unsupported class file major version 65 | BUILD FAILED in 1s
2026-03-29T16:20:18.231814+00:00,osgi__osgi,osgi__osgi,refs/remotes/origin/main,39,238ecc7c83f35249764afbb9d1a6c145915282ce,Merge pull request #846 from osgi/dependabot/github_actions/actions/download-artifact-5.0.0,gradle,sh ./gradlew --no-daemon clean assemble -x test,1.960821,1,build_failed,FAILURE: Build failed with an exception. | Could not open cp_settings generic class cache for settings file '/data/tmp-build/worktrees/osgi__osgi-build-bench-klzkf4j8/settings.gradle' (/data/tmp-build/cache/gradle/caches/7.6/scripts/7grqsqccagerpz5zoh58yt6cw). | > BUG! exception in phase 'semantic analysis' in source unit '_BuildScript_' Unsupported class file major version 65 | BUILD FAILED in 1s
2026-03-29T16:20:20.263297+00:00,osgi__osgi,osgi__osgi,refs/remotes/origin/main,40,a9360ee3e409e00330ab8d043b9929a5d7b1db69,Merge pull request #853 from osgi/dependabot/github_actions/actions/setup-java-5.0.0,gradle,sh ./gradlew --no-daemon clean assemble -x test,1.985599,1,build_failed,FAILURE: Build failed with an exception. | Could not open cp_settings generic class cache for settings file '/data/tmp-build/worktrees/osgi__osgi-build-bench-klzkf4j8/settings.gradle' (/data/tmp-build/cache/gradle/caches/7.6/scripts/7grqsqccagerpz5zoh58yt6cw). | > BUG! exception in phase 'semantic analysis' in source unit '_BuildScript_' Unsupported class file major version 65 | BUILD FAILED in 1s
2026-03-29T16:20:22.280004+00:00,osgi__osgi,osgi__osgi,refs/remotes/origin/main,41,d8e2dbab7c889b07a37e0ffc5eafb8fd15460993,Merge pull request #849 from osgi/dependabot/github_actions/actions/checkout-5.0.0,gradle,sh ./gradlew --no-daemon clean assemble -x test,1.967196,1,build_failed,FAILURE: Build failed with an exception. | Could not open cp_settings generic class cache for settings file '/data/tmp-build/worktrees/osgi__osgi-build-bench-klzkf4j8/settings.gradle' (/data/tmp-build/cache/gradle/caches/7.6/scripts/7grqsqccagerpz5zoh58yt6cw). | > BUG! exception in phase 'semantic analysis' in source unit '_BuildScript_' Unsupported class file major version 65 | BUILD FAILED in 1s
2026-03-29T16:20:24.285664+00:00,osgi__osgi,osgi__osgi,refs/remotes/origin/main,42,d6d4037a0a9b3e017c8cf1733d3153479f239100,build(deps): bump actions/stale from 9.1.0 to 10.0.0,gradle,sh ./gradlew --no-daemon clean assemble -x test,1.960155,1,build_failed,FAILURE: Build failed with an exception. | Could not open cp_settings generic class cache for settings file '/data/tmp-build/worktrees/osgi__osgi-build-bench-klzkf4j8/settings.gradle' (/data/tmp-build/cache/gradle/caches/7.6/scripts/7grqsqccagerpz5zoh58yt6cw). | > BUG! exception in phase 'semantic analysis' in source unit '_BuildScript_' Unsupported class file major version 65 | BUILD FAILED in 1s
2026-03-29T16:20:26.269722+00:00,osgi__osgi,osgi__osgi,refs/remotes/origin/main,43,b8f484aaec8425045313b6e293489502aba1a06a,build(deps): bump github/codeql-action from 3.29.7 to 3.30.1,gradle,sh ./gradlew --no-daemon clean assemble -x test,1.939493,1,build_failed,FAILURE: Build failed with an exception. | Could not open cp_settings generic class cache for settings file '/data/tmp-build/worktrees/osgi__osgi-build-bench-klzkf4j8/settings.gradle' (/data/tmp-build/cache/gradle/caches/7.6/scripts/7grqsqccagerpz5zoh58yt6cw). | > BUG! exception in phase 'semantic analysis' in source unit '_BuildScript_' Unsupported class file major version 65 | BUILD FAILED in 1s
2026-03-29T16:20:28.284198+00:00,osgi__osgi,osgi__osgi,refs/remotes/origin/main,44,25cc21305d640ed196b186e7f28f47b5d3c7a698,build(deps): bump github/codeql-action from 3.29.4 to 3.29.5,gradle,sh ./gradlew --no-daemon clean assemble -x test,1.968894,1,build_failed,FAILURE: Build failed with an exception. | Could not open cp_settings generic class cache for settings file '/data/tmp-build/worktrees/osgi__osgi-build-bench-klzkf4j8/settings.gradle' (/data/tmp-build/cache/gradle/caches/7.6/scripts/7grqsqccagerpz5zoh58yt6cw). | > BUG! exception in phase 'semantic analysis' in source unit '_BuildScript_' Unsupported class file major version 65 | BUILD FAILED in 1s
2026-03-29T16:20:30.273989+00:00,osgi__osgi,osgi__osgi,refs/remotes/origin/main,45,536282875690a299e30fe08c50e4527874b8775f,build(deps): bump github/codeql-action from 3.29.3 to 3.29.4,gradle,sh ./gradlew --no-daemon clean assemble -x test,1.945628,1,build_failed,FAILURE: Build failed with an exception. | Could not open cp_settings generic class cache for settings file '/data/tmp-build/worktrees/osgi__osgi-build-bench-klzkf4j8/settings.gradle' (/data/tmp-build/cache/gradle/caches/7.6/scripts/7grqsqccagerpz5zoh58yt6cw). | > BUG! exception in phase 'semantic analysis' in source unit '_BuildScript_' Unsupported class file major version 65 | BUILD FAILED in 1s
2026-03-29T16:20:32.267929+00:00,osgi__osgi,osgi__osgi,refs/remotes/origin/main,46,b8278ca413d025e493b825a3efcb580fdcc69c4a,build(deps): bump github/codeql-action from 3.29.2 to 3.29.3,gradle,sh ./gradlew --no-daemon clean assemble -x test,1.949795,1,build_failed,FAILURE: Build failed with an exception. | Could not open cp_settings generic class cache for settings file '/data/tmp-build/worktrees/osgi__osgi-build-bench-klzkf4j8/settings.gradle' (/data/tmp-build/cache/gradle/caches/7.6/scripts/7grqsqccagerpz5zoh58yt6cw). | > BUG! exception in phase 'semantic analysis' in source unit '_BuildScript_' Unsupported class file major version 65 | BUILD FAILED in 1s
2026-03-29T16:20:34.286214+00:00,osgi__osgi,osgi__osgi,refs/remotes/origin/main,47,0b278b1d315138602cd480072e77bd5a3b07fb10,build(deps): bump github/codeql-action from 3.29.1 to 3.29.2,gradle,sh ./gradlew --no-daemon clean assemble -x test,1.9741,1,build_failed,FAILURE: Build failed with an exception. | Could not open cp_settings generic class cache for settings file '/data/tmp-build/worktrees/osgi__osgi-build-bench-klzkf4j8/settings.gradle' (/data/tmp-build/cache/gradle/caches/7.6/scripts/7grqsqccagerpz5zoh58yt6cw). | > BUG! exception in phase 'semantic analysis' in source unit '_BuildScript_' Unsupported class file major version 65 | BUILD FAILED in 1s
2026-03-29T16:20:36.274371+00:00,osgi__osgi,osgi__osgi,refs/remotes/origin/main,48,dde2ff3d20a78ad363a5deaffd1c7c48875a7baf,build(deps): bump github/codeql-action from 3.29.0 to 3.29.1,gradle,sh ./gradlew --no-daemon clean assemble -x test,1.945382,1,build_failed,FAILURE: Build failed with an exception. | Could not open cp_settings generic class cache for settings file '/data/tmp-build/worktrees/osgi__osgi-build-bench-klzkf4j8/settings.gradle' (/data/tmp-build/cache/gradle/caches/7.6/scripts/7grqsqccagerpz5zoh58yt6cw). | > BUG! exception in phase 'semantic analysis' in source unit '_BuildScript_' Unsupported class file major version 65 | BUILD FAILED in 1s
2026-03-29T16:20:38.279560+00:00,osgi__osgi,osgi__osgi,refs/remotes/origin/main,49,2cc6b3ce94d82baadfcf765944d9996b193497a2,build(deps): bump github/codeql-action from 3.28.19 to 3.29.0,gradle,sh ./gradlew --no-daemon clean assemble -x test,1.961697,1,build_failed,FAILURE: Build failed with an exception. | Could not open cp_settings generic class cache for settings file '/data/tmp-build/worktrees/osgi__osgi-build-bench-klzkf4j8/settings.gradle' (/data/tmp-build/cache/gradle/caches/7.6/scripts/7grqsqccagerpz5zoh58yt6cw). | > BUG! exception in phase 'semantic analysis' in source unit '_BuildScript_' Unsupported class file major version 65 | BUILD FAILED in 1s
2026-03-29T16:20:40.292199+00:00,osgi__osgi,osgi__osgi,refs/remotes/origin/main,50,ce300c4174ceed161c05bddd0766ca5076686a4b,build(deps): bump github/codeql-action from 3.28.18 to 3.28.19,gradle,sh ./gradlew --no-daemon clean assemble -x test,1.969306,1,build_failed,FAILURE: Build failed with an exception. | Could not open cp_settings generic class cache for settings file '/data/tmp-build/worktrees/osgi__osgi-build-bench-klzkf4j8/settings.gradle' (/data/tmp-build/cache/gradle/caches/7.6/scripts/7grqsqccagerpz5zoh58yt6cw). | > BUG! exception in phase 'semantic analysis' in source unit '_BuildScript_' Unsupported class file major version 65 | BUILD FAILED in 1s
2026-03-29T16:22:41.368372+00:00,projectlombok__lombok,projectlombok__lombok,refs/remotes/origin/master,1,9683977c679fee3c2367e7b4e889e53c15185ff5,[version] post-release version bump,ant,ant -noinput dist,119.895221,0,success,
2026-03-29T16:24:23.328658+00:00,projectlombok__lombok,projectlombok__lombok,refs/remotes/origin/master,2,17c78feeb77fcdfaec03ad933192014d02c3797d,[version] pre-release version bump,ant,ant -noinput dist,101.830683,0,success,
2026-03-29T16:26:05.887067+00:00,projectlombok__lombok,projectlombok__lombok,refs/remotes/origin/master,3,1edca70420ff29d68e3a7da0c3def499609dac84,[test][`@Jacksonized`] Test emission of warning when not choosing jackson version.,ant,ant -noinput dist,102.477674,0,success,
2026-03-29T16:27:48.840155+00:00,projectlombok__lombok,projectlombok__lombok,refs/remotes/origin/master,4,e789e823b1ede15ff5a140592d489ed2aeb6a1f4,[test] Update the generation of eclipse test targets from JDK14 to JDK25.,ant,ant -noinput dist,102.870762,0,success,
2026-03-29T16:29:36.083984+00:00,projectlombok__lombok,projectlombok__lombok,refs/remotes/origin/master,5,a54cecd4adc00b3193953e6cd125b344bc2e81d6,[trivial][changelog],ant,ant -noinput dist,107.169044,0,success,
2026-03-29T16:31:21.506430+00:00,projectlombok__lombok,projectlombok__lombok,refs/remotes/origin/master,6,3db0a6c1fc0b7d5c2e456e9bbde811b4ef0339a6,[bugfix][`@Jacksonized`] javac handler of jacksonized checked for existing jackson annotations on the wrong node.,ant,ant -noinput dist,105.341116,0,success,
2026-03-29T16:33:04.485920+00:00,projectlombok__lombok,projectlombok__lombok,refs/remotes/origin/master,7,12572fcbd2d69c6b26f19334263d3d7cb0701be3,[test] Adjusted tests to the new 'jackson version is a list' config key setup.,ant,ant -noinput dist,102.901081,0,success,
2026-03-29T16:34:56.335753+00:00,projectlombok__lombok,projectlombok__lombok,refs/remotes/origin/master,8,0e9699ce82f03644884a755f65a4ad128d2122af,[changelog] Document implementation of Jackson3 support: #3950.,ant,ant -noinput dist,111.773698,0,success,
2026-03-29T16:36:47.218727+00:00,projectlombok__lombok,projectlombok__lombok,refs/remotes/origin/master,9,d441be157b7d51d4694370ac7ecc502565aee6b2,"[jacksonized] infrastructure for previous merge resolution: Changed to the config system so you can specify jackson major version, or even multiple versions.",ant,ant -noinput dist,110.804457,0,success,
2026-03-29T16:38:33.312174+00:00,projectlombok__lombok,projectlombok__lombok,refs/remotes/origin/master,10,d62b2d5b80dd6be6c18eb4d473601dadff4e54d7,Merge branch 'master' into cachescrubber-gh-3950,ant,ant -noinput dist,106.012268,1,build_failed,29. ERROR in /data/tmp-build/worktrees/projectlombok__lombok-build-bench-2uluw3bh/src/core/lombok/eclipse/handlers/HandleJacksonized.java (at line 156) | 30. ERROR in /data/tmp-build/worktrees/projectlombok__lombok-build-bench-2uluw3bh/src/core/lombok/eclipse/handlers/HandleJacksonized.java (at line 157) | 31. ERROR in /data/tmp-build/worktrees/projectlombok__lombok-build-bench-2uluw3bh/src/core/lombok/eclipse/handlers/HandleJacksonized.java (at line 170) | 32. ERROR in /data/tmp-build/worktrees/projectlombok__lombok-build-bench-2uluw3bh/src/core/lombok/eclipse/handlers/HandleJacksonized.java (at line 171) | 33. ERROR in /data/tmp-build/worktrees/projectlombok__lombok-build-bench-2uluw3bh/src/core/lombok/eclipse/handlers/HandleJacksonized.java (at line 173) | 34. ERROR in /data/tmp-build/worktrees/projectlombok__lombok-build-bench-2uluw3bh/src/core/lombok/eclipse/handlers/HandleJacksonized.java (at line 174) | 35. ERROR in /data/tmp-build/worktrees/projectlombok__lombok-build-bench-2uluw3bh/src/core/lombok/eclipse/handlers/HandleJacksonized.java (at line 197) | 36. ERROR in /data/tmp-build/worktrees/projectlombok__lombok-build-bench-2uluw3bh/src/core/lombok/eclipse/handlers/HandleJacksonized.java (at line 198) | 37. ERROR in /data/tmp-build/worktrees/projectlombok__lombok-build-bench-2uluw3bh/src/core/lombok/eclipse/handlers/HandleJacksonized.java (at line 215) | 38. ERROR in /data/tmp-build/worktrees/projectlombok__lombok-build-bench-2uluw3bh/src/core/lombok/eclipse/handlers/HandleJacksonized.java (at line 223) | 76. ERROR in /data/tmp-build/worktrees/projectlombok__lombok-build-bench-2uluw3bh/src/core/lombok/javac/handlers/HandleJacksonized.java (at line 48) | 77. ERROR in /data/tmp-build/worktrees/projectlombok__lombok-build-bench-2uluw3bh/src/core/lombok/javac/handlers/HandleJacksonized.java (at line 67) | 78. ERROR in /data/tmp-build/worktrees/projectlombok__lombok-build-bench-2uluw3bh/src/core/lombok/javac/handlers/HandleJacksonized.java (at line 71) | 79. ERROR in /data/tmp-build/worktrees/projectlombok__lombok-build-bench-2uluw3bh/src/core/lombok/javac/handlers/HandleJacksonized.java (at line 119) | 80. ERROR in /data/tmp-build/worktrees/projectlombok__lombok-build-bench-2uluw3bh/src/core/lombok/javac/handlers/HandleJacksonized.java (at line 120) | 81. ERROR in /data/tmp-build/worktrees/projectlombok__lombok-build-bench-2uluw3bh/src/core/lombok/javac/handlers/HandleJacksonized.java (at line 135) | 82. ERROR in /data/tmp-build/worktrees/projectlombok__lombok-build-bench-2uluw3bh/src/core/lombok/javac/handlers/HandleJacksonized.java (at line 145) | 83. ERROR in /data/tmp-build/worktrees/projectlombok__lombok-build-bench-2uluw3bh/src/core/lombok/javac/handlers/HandleJacksonized.java (at line 195) | 84. ERROR in /data/tmp-build/worktrees/projectlombok__lombok-build-bench-2uluw3bh/src/core/lombok/javac/handlers/HandleJacksonized.java (at line 195) | 85. ERROR in /data/tmp-build/worktrees/projectlombok__lombok-build-bench-2uluw3bh/src/core/lombok/javac/handlers/HandleJacksonized.java (at line 200) | 86. ERROR in /data/tmp-build/worktrees/projectlombok__lombok-build-bench-2uluw3bh/src/core/lombok/javac/handlers/HandleJacksonized.java (at line 204) | 87. ERROR in /data/tmp-build/worktrees/projectlombok__lombok-build-bench-2uluw3bh/src/core/lombok/javac/handlers/HandleJacksonized.java (at line 207) | 88. ERROR in /data/tmp-build/worktrees/projectlombok__lombok-build-bench-2uluw3bh/src/core/lombok/javac/handlers/HandleJacksonized.java (at line 208) | 89. ERROR in /data/tmp-build/worktrees/projectlombok__lombok-build-bench-2uluw3bh/src/core/lombok/javac/handlers/HandleJacksonized.java (at line 211) | 90. ERROR in /data/tmp-build/worktrees/projectlombok__lombok-build-bench-2uluw3bh/src/core/lombok/javac/handlers/HandleJacksonized.java (at line 212) | 91. ERROR in /data/tmp-build/worktrees/projectlombok__lombok-build-bench-2uluw3bh/src/core/lombok/javac/handlers/HandleJacksonized.java (at line 224) | 92. ERROR in /data/tmp-build...
2026-03-29T16:40:18.060617+00:00,projectlombok__lombok,projectlombok__lombok,refs/remotes/origin/master,11,25a60662018cad893a33160e9173cc2bba85a167,Update AUTHORS file,ant,ant -noinput dist,104.667882,0,success,
2026-03-29T16:42:07.000082+00:00,projectlombok__lombok,projectlombok__lombok,refs/remotes/origin/master,12,83e47395846a35a7c67e9f4a534ed6210fde42ae,De-duplicate annotation assignment to helper method.,ant,ant -noinput dist,108.859474,0,success,
2026-03-29T16:43:54.625854+00:00,projectlombok__lombok,projectlombok__lombok,refs/remotes/origin/master,13,1427fecfbb2e944cc9d6f56ccb2090b1a1533e79,Introduce JacksonVersion.getDefault(),ant,ant -noinput dist,107.546077,0,success,
2026-03-29T16:45:40.156339+00:00,projectlombok__lombok,projectlombok__lombok,refs/remotes/origin/master,14,3dd5ad38da467dc7084367fb9aceda2e7cff7938,Improove messages and error handling.,ant,ant -noinput dist,105.453555,0,success,
2026-03-29T16:47:26.015354+00:00,projectlombok__lombok,projectlombok__lombok,refs/remotes/origin/master,15,7ff6b78361d995451ca6f257705e74ba6157fe08,Use readConfigurationOr,ant,ant -noinput dist,105.776263,0,success,
2026-03-29T16:49:18.109087+00:00,projectlombok__lombok,projectlombok__lombok,refs/remotes/origin/master,16,2a3960babca49bb4363737a8440585b9c40ea0fe,Introduce ConfigurationKey<JacksonVersion> (lombok.jacksonized.jacksonVersion),ant,ant -noinput dist,112.01554,0,success,
2026-03-29T16:51:05.176900+00:00,projectlombok__lombok,projectlombok__lombok,refs/remotes/origin/master,17,06f416161867fb0b927eaf101947f5052e3da308,Merge branch 'projectlombok:master' into gh-3950,ant,ant -noinput dist,106.988066,0,success,
2026-03-29T16:52:47.847805+00:00,projectlombok__lombok,projectlombok__lombok,refs/remotes/origin/master,18,faa0033685573d5f341d9b80f2f24d50094341ff,"- Run test with CONF: lombok.jacksonized.useJackson3 = true, adjust ecj tests. - Validate config options.",ant,ant -noinput dist,102.595396,0,success,
2026-03-29T16:54:31.492794+00:00,projectlombok__lombok,projectlombok__lombok,refs/remotes/origin/master,19,cb612663db9f40b0248413a52bb3674c46bc4b00,Add comment to clarify intended default value,ant,ant -noinput dist,103.561578,0,success,
2026-03-29T16:56:19.088468+00:00,projectlombok__lombok,projectlombok__lombok,refs/remotes/origin/master,20,03d40e8685cc3b65b4d6098f22bff0b87bdfdb67,Introduce useJackson2 and useJackson3 option #3950,ant,ant -noinput dist,107.518532,0,success,
2026-03-29T16:58:06.664188+00:00,projectlombok__lombok,projectlombok__lombok,refs/remotes/origin/master,21,086b3518304dde1b0878e35b0a365c1b3dc6e581,[FEATURE] Support Jackson3 in @Jacksonized #3950,ant,ant -noinput dist,107.494365,0,success,
2026-03-29T16:59:46.979676+00:00,projectlombok__lombok,projectlombok__lombok,refs/remotes/origin/master,22,4114669bc1bc9ee65caf9553c7279be4ab7eefc6,[release] post-release version bump for v1.18.42,ant,ant -noinput dist,100.233246,0,success,
2026-03-29T17:01:35.295162+00:00,projectlombok__lombok,projectlombok__lombok,refs/remotes/origin/master,23,2031eb0880942b5f0b7281580f6e877a3e87279a,[release] pre-release version bump for v1.18.42,ant,ant -noinput dist,108.234961,0,success,
2026-03-29T17:03:21.670894+00:00,projectlombok__lombok,projectlombok__lombok,refs/remotes/origin/master,24,c95a6c127e58868a16869254e47bbe2598f8c82f,Merge branch 'logger-access',ant,ant -noinput dist,106.299918,0,success,
2026-03-29T17:05:02.796244+00:00,projectlombok__lombok,projectlombok__lombok,refs/remotes/origin/master,25,de829d1362d45940f99ecf2c54539b3f28514027,Merge pull request #3937 from janrieke/update-jacksonized-website-docs,ant,ant -noinput dist,101.040915,0,success,
2026-03-29T17:06:46.994776+00:00,projectlombok__lombok,projectlombok__lombok,refs/remotes/origin/master,26,187e00aa4efe49fac9f33c62f8db65b548e5f9e0,[changelog] added fix for Netbeans and ErrorProne javadoc bug in jdk25,ant,ant -noinput dist,104.121235,0,success,
2026-03-29T17:08:31.752549+00:00,projectlombok__lombok,projectlombok__lombok,refs/remotes/origin/master,27,3bd1bba4f4d277e341bd788fc90e4d637dd2be65,[fixes #3940] Add missing stripIndent method,ant,ant -noinput dist,104.679208,0,success,
2026-03-29T17:10:15.690533+00:00,projectlombok__lombok,projectlombok__lombok,refs/remotes/origin/master,28,dfd8ff75775fe762828b5ebad0824833c18d3677,[release] post-release version bump for v1.18.40,ant,ant -noinput dist,103.856851,0,success,
2026-03-29T17:12:02.820809+00:00,projectlombok__lombok,projectlombok__lombok,refs/remotes/origin/master,29,93cfef4d9439e0a4eb66c1fea2505091c898c08f,[buildScript] maven central changed their deployment procedure.,ant,ant -noinput dist,107.04925,0,success,
2026-03-29T17:13:46.075412+00:00,projectlombok__lombok,projectlombok__lombok,refs/remotes/origin/master,30,01879463a90d29399562c0a8230fa2f42c116b23,[release] pre-release version bump for v1.18.40,ant,ant -noinput dist,103.171369,0,success,
2026-03-29T17:15:27.987224+00:00,projectlombok__lombok,projectlombok__lombok,refs/remotes/origin/master,31,3c0b6a881d1dee776a380e31f3111251cf976ce3,"[changelog] Replace PRs with issues, add #3866 fi and #3931 fix.",ant,ant -noinput dist,101.826165,0,success,
2026-03-29T17:17:11.724211+00:00,projectlombok__lombok,projectlombok__lombok,refs/remotes/origin/master,32,4ae2db76b35d622b1de2ba3fdfefa1d049ab9251,Merge pull request #3889 from Rawi01/extensionmethod-name-check,ant,ant -noinput dist,103.650686,0,success,
2026-03-29T17:19:01.475502+00:00,projectlombok__lombok,projectlombok__lombok,refs/remotes/origin/master,33,7eee00a0b45106ee920572e9c3266bedc7112925,[fixes #3931] Proper output for config tool addNullAnnotations,ant,ant -noinput dist,109.670952,0,success,
2026-03-29T17:20:45.560450+00:00,projectlombok__lombok,projectlombok__lombok,refs/remotes/origin/master,34,87e8af476a40b9a7b1c53a82a0fd1d8ba1ead707,[comment] Added explanation: We skip ecj check on `NonNullOnRecordExistingConstructorz`.,ant,ant -noinput dist,104.005843,0,success,
2026-03-29T17:22:30.767914+00:00,projectlombok__lombok,projectlombok__lombok,refs/remotes/origin/master,35,1255ae0d39f3b46da935f619dbba829868db3f36,[optimisation] Avoid making a pointless arraylist in 90% of cases.,ant,ant -noinput dist,105.12564,0,success,
2026-03-29T17:24:25.534851+00:00,projectlombok__lombok,projectlombok__lombok,refs/remotes/origin/master,36,7aa264ea6ac0b40003fa0c0008646ffe6aad30d2,Merge pull request #3888 from Rawi01/eclipse-record-refactoring,ant,ant -noinput dist,114.687067,0,success,
2026-03-29T17:26:06.137750+00:00,projectlombok__lombok,projectlombok__lombok,refs/remotes/origin/master,37,fb4651b8448d1fedbe1576fcce88a72c8df9c16f,[changelog] Logged: JDK25 support.,ant,ant -noinput dist,100.523494,0,success,
2026-03-29T17:27:49.901735+00:00,projectlombok__lombok,projectlombok__lombok,refs/remotes/origin/master,38,6648115cae642c8e89fcabc7ed3c06f6e1d8f865,Merge branch 'jdk25',ant,ant -noinput dist,103.682421,0,success,
2026-03-29T17:29:34.239920+00:00,projectlombok__lombok,projectlombok__lombok,refs/remotes/origin/master,39,94b01e45ce28cc700eebab0523b5c566fff6e57e,[build] a bunch of github actions were referring to obsolete test targets,ant,ant -noinput dist,104.258028,0,success,
2026-03-29T17:31:17.239061+00:00,projectlombok__lombok,projectlombok__lombok,refs/remotes/origin/master,40,bf20ef9f31f075f003b86ed8af3b71aa9c57f50e,[deps] previous commit requires patcher release v0.56.,ant,ant -noinput dist,102.92021,0,success,
2026-03-29T17:33:03.561598+00:00,projectlombok__lombok,projectlombok__lombok,refs/remotes/origin/master,41,99c230640e20479852a7d2fd551e9e896131f901,Merge branch 'TokenScanner',ant,ant -noinput dist,106.242513,1,build_failed,Compile errors: | 94. ERROR in /data/tmp-build/worktrees/projectlombok__lombok-build-bench-2uluw3bh/src/eclipseAgent/lombok/eclipse/agent/EclipsePatcher.java (at line 336) | BUILD FAILED
2026-03-29T17:34:50.664111+00:00,projectlombok__lombok,projectlombok__lombok,refs/remotes/origin/master,42,ef3069d0a3814514ad3237447808c56c7fd88709,Merge branch 'JR-jacksonisedAccessors',ant,ant -noinput dist,107.023631,0,success,
2026-03-29T17:36:35.698715+00:00,projectlombok__lombok,projectlombok__lombok,refs/remotes/origin/master,43,d199d43e54980de3d01825707225efd4a654bc18,[build] Deal with the migration from mavencentral OSSRH to Central. (untested; we'll need to wait for a release to test this!),ant,ant -noinput dist,104.948345,0,success,
2026-03-29T17:38:16.572798+00:00,projectlombok__lombok,projectlombok__lombok,refs/remotes/origin/master,44,f5beede847bdb1e8e9db3db1c9c24e9553957f84,[release] post-release version bump for v1.18.38,ant,ant -noinput dist,100.794628,0,success,
2026-03-29T17:39:59.871209+00:00,projectlombok__lombok,projectlombok__lombok,refs/remotes/origin/master,45,ce4b9d3bee6b46e8ecf841062df539e2f34112d2,[website] removed fern sponsor,ant,ant -noinput dist,103.21894,0,success,
2026-03-29T17:41:46.953686+00:00,projectlombok__lombok,projectlombok__lombok,refs/remotes/origin/master,46,37b7e192c9e46ccafc26d6cab424c93cbcaf95d5,[release] pre-release version bump for v1.18.38,ant,ant -noinput dist,107.006283,0,success,
2026-03-29T17:43:32.500620+00:00,projectlombok__lombok,projectlombok__lombok,refs/remotes/origin/master,47,ec886ae07b077196eceef9bf7176ea3453ddf1ee,[changelog] Mention fixing of #3783 in changelog.,ant,ant -noinput dist,105.466821,0,success,
2026-03-29T17:45:16.735250+00:00,projectlombok__lombok,projectlombok__lombok,refs/remotes/origin/master,48,ed0965b5f938240ba13d8c58f4f3443477123fbe,[docs] Cleaned up use of `<p>` in maven and edge html.,ant,ant -noinput dist,104.153992,0,success,
2026-03-29T17:47:01.963464+00:00,projectlombok__lombok,projectlombok__lombok,refs/remotes/origin/master,49,b7896c5a74de2fa2c4467c21aea5469d6673f197,[#3824] Our own 'Comment' ad hoc impl now also needs to provide an impl for `getPos()`.,ant,ant -noinput dist,105.145378,0,success,
2026-03-29T17:48:49.983520+00:00,projectlombok__lombok,projectlombok__lombok,refs/remotes/origin/master,50,8ed8234ac08ddbec9e587d58baf4ddb18c1a46e8,[unused-code] We kept a ref to the `storeEnd` in PrettyPrinter but we never use it.,ant,ant -noinput dist,107.942387,1,build_failed,"Compile errors: | 46. ERROR in /data/tmp-build/worktrees/projectlombok__lombok-build-bench-2uluw3bh/src/core/lombok/javac/CompilerMessageSuppressor.java (at line 233) | 47. ERROR in /data/tmp-build/worktrees/projectlombok__lombok-build-bench-2uluw3bh/src/core/lombok/javac/CompilerMessageSuppressor.java (at line 234) | 48. ERROR in /data/tmp-build/worktrees/projectlombok__lombok-build-bench-2uluw3bh/src/core/lombok/javac/JavacAST.java (at line 562) | 49. ERROR in /data/tmp-build/worktrees/projectlombok__lombok-build-bench-2uluw3bh/src/core/lombok/javac/JavacAST.java (at line 577) | 50. ERROR in /data/tmp-build/worktrees/projectlombok__lombok-build-bench-2uluw3bh/src/core/lombok/javac/JavacAST.java (at line 740) | 51. ERROR in /data/tmp-build/worktrees/projectlombok__lombok-build-bench-2uluw3bh/src/core/lombok/javac/JavacAST.java (at line 763) | 52. ERROR in /data/tmp-build/worktrees/projectlombok__lombok-build-bench-2uluw3bh/src/core/lombok/javac/JavacAST.java (at line 763) | 53. ERROR in /data/tmp-build/worktrees/projectlombok__lombok-build-bench-2uluw3bh/src/core/lombok/javac/JavacAST.java (at line 765) | 54. ERROR in /data/tmp-build/worktrees/projectlombok__lombok-build-bench-2uluw3bh/src/core/lombok/javac/JavacAST.java (at line 775) | Object error = Permit.invokeSneaky(this.errorKey, diags, PROC_MESSAGER, new Object[] { message }); | 55. ERROR in /data/tmp-build/worktrees/projectlombok__lombok-build-bench-2uluw3bh/src/core/lombok/javac/JavacAST.java (at line 781) | 56. ERROR in /data/tmp-build/worktrees/projectlombok__lombok-build-bench-2uluw3bh/src/core/lombok/javac/JavacAST.java (at line 787) | 57. ERROR in /data/tmp-build/worktrees/projectlombok__lombok-build-bench-2uluw3bh/src/core/lombok/javac/JavacAST.java (at line 793) | 109. ERROR in /data/tmp-build/worktrees/projectlombok__lombok-build-bench-2uluw3bh/src/delombok/lombok/delombok/DocCommentIntegrator.java (at line 130) | BUILD FAILED"
2026-03-29T17:49:37.759211+00:00,qos-ch__logback,qos-ch__logback,refs/remotes/origin/master,1,4d0975eee7f1541ef198bf400afaac895021fd12,better management of logback-access project version,maven,mvn -B clean package -DskipTests -Dmaven.repo.local=/data/tmp-build/cache/m2,15.011957,0,success,
2026-03-29T17:49:43.108438+00:00,qos-ch__logback,qos-ch__logback,refs/remotes/origin/master,2,4ed28986f8a13dcfd5433715b6b888afc4271f83,"Revert ""remove logback-access redirect module""",maven,mvn -B clean package -DskipTests -Dmaven.repo.local=/data/tmp-build/cache/m2,5.237465,0,success,
2026-03-29T17:49:48.431365+00:00,qos-ch__logback,qos-ch__logback,refs/remotes/origin/master,3,de11991cbf2e4e0f14ff3676168ca43bb7287072,remove logback-access redirect module,maven,mvn -B clean package -DskipTests -Dmaven.repo.local=/data/tmp-build/cache/m2,5.276126,0,success,
2026-03-29T17:49:53.675513+00:00,qos-ch__logback,qos-ch__logback,refs/remotes/origin/master,4,63a2ef2020ce4cbfcbd6103638f075b9e2f4c792,update dom4j dependency version to 2.2.0 in relation with https://nvd.nist.gov/vuln/detail/cve-2020-10683,maven,mvn -B clean package -DskipTests -Dmaven.repo.local=/data/tmp-build/cache/m2,5.194968,0,success,
2026-03-29T17:49:59.323259+00:00,qos-ch__logback,qos-ch__logback,refs/remotes/origin/master,5,add2f94ae4b27745325858f7a43fdd2a267fb590,"in FileSize, test support for space between number and suffix",maven,mvn -B clean package -DskipTests -Dmaven.repo.local=/data/tmp-build/cache/m2,5.599787,0,success,
2026-03-29T17:50:04.630572+00:00,qos-ch__logback,qos-ch__logback,refs/remotes/origin/master,6,ebee9dd6a589543a687b777991cf4e210a398eaa,Correct necessary licenseId in the license element of the parent-pom. (#1023),maven,mvn -B clean package -DskipTests -Dmaven.repo.local=/data/tmp-build/cache/m2,5.25651,0,success,
2026-03-29T17:50:09.940623+00:00,qos-ch__logback,qos-ch__logback,refs/remotes/origin/master,7,582d5b9a775b520b7d86aa62332bf5f7fbea0470,start work on 1.5.33-SNAPSHOT,maven,mvn -B clean package -DskipTests -Dmaven.repo.local=/data/tmp-build/cache/m2,5.261407,0,success,
2026-03-29T17:50:15.188615+00:00,qos-ch__logback,qos-ch__logback,refs/remotes/origin/master,8,e807335a67535b4eacce94e942c0bcb649665d93,prepare release 1.5.32,maven,mvn -B clean package -DskipTests -Dmaven.repo.local=/data/tmp-build/cache/m2,5.200591,0,success,
2026-03-29T17:50:20.514468+00:00,qos-ch__logback,qos-ch__logback,refs/remotes/origin/master,9,dc35d552bbd87cea8b98bea44ff0a113631075e7,fix logback-access/issues/34 by checking if dependency is a sub-model of the depender model. This commit has the model check for submodels of any depth. Previously only direct sub-models (only one level) where looked into.,maven,mvn -B clean package -DskipTests -Dmaven.repo.local=/data/tmp-build/cache/m2,5.278098,0,success,
2026-03-29T17:50:25.788337+00:00,qos-ch__logback,qos-ch__logback,refs/remotes/origin/master,10,8e32278700d5b0cfca70c246f6db0d639bb1f21b,added simple test for appender definitiob via file inclusion,maven,mvn -B clean package -DskipTests -Dmaven.repo.local=/data/tmp-build/cache/m2,5.221842,0,success,
2026-03-29T17:50:31.059896+00:00,qos-ch__logback,qos-ch__logback,refs/remotes/origin/master,11,834dbedefdb3cf43f77618ddc3d1d89e5c98b488,start work on 1.5.32-SNAPSHOT,maven,mvn -B clean package -DskipTests -Dmaven.repo.local=/data/tmp-build/cache/m2,5.219297,0,success,
2026-03-29T17:50:36.328608+00:00,qos-ch__logback,qos-ch__logback,refs/remotes/origin/master,12,168e42f9f9a18a3ffdf31eb2bfe80a71e33ecd8b,add test to check that Logback SLF4J provider can be activated,maven,mvn -B clean package -DskipTests -Dmaven.repo.local=/data/tmp-build/cache/m2,5.218435,0,success,
2026-03-29T17:50:41.564706+00:00,qos-ch__logback,qos-ch__logback,refs/remotes/origin/master,13,ed45362291e060a93b2b28825ad3706ab85066ba,prepare release 1.5.31,maven,mvn -B clean package -DskipTests -Dmaven.repo.local=/data/tmp-build/cache/m2,5.190168,0,success,
2026-03-29T17:50:46.751598+00:00,qos-ch__logback,qos-ch__logback,refs/remotes/origin/master,14,609dae79d06b38518b48f826a22b1e7e233903c3,fix missing META-INF directory,maven,mvn -B clean package -DskipTests -Dmaven.repo.local=/data/tmp-build/cache/m2,5.139474,0,success,
2026-03-29T17:50:52.022734+00:00,qos-ch__logback,qos-ch__logback,refs/remotes/origin/master,15,77397397cd0751b4d7eb5b7ee836137072505f16,start work on 1.5.31-SNAPSHOT,maven,mvn -B clean package -DskipTests -Dmaven.repo.local=/data/tmp-build/cache/m2,5.223975,0,success,
2026-03-29T17:50:57.176728+00:00,qos-ch__logback,qos-ch__logback,refs/remotes/origin/master,16,44164f10ca3fb44ce0e68519f13564b87e3aca61,prepare release 1.5.30,maven,mvn -B clean package -DskipTests -Dmaven.repo.local=/data/tmp-build/cache/m2,5.105877,0,success,
2026-03-29T17:51:02.440263+00:00,qos-ch__logback,qos-ch__logback,refs/remotes/origin/master,17,9874f06e247258e0122a099ae65964d41f2be10b,"test for top-file as a resource, introduced new module logback-classic-misc",maven,mvn -B clean package -DskipTests -Dmaven.repo.local=/data/tmp-build/cache/m2,5.217635,0,success,
2026-03-29T17:51:07.648204+00:00,qos-ch__logback,qos-ch__logback,refs/remotes/origin/master,18,5c8e5c3c83321fe10726bb0d92e220a0a35c925d,"fix scanning for included files to be created later, issues/1021",maven,mvn -B clean package -DskipTests -Dmaven.repo.local=/data/tmp-build/cache/m2,5.157267,0,success,
2026-03-29T17:51:12.814525+00:00,qos-ch__logback,qos-ch__logback,refs/remotes/origin/master,19,edcc7e843ab97e80e9f87e5a3f659062313d792d,remove unused/commented out methods,maven,mvn -B clean package -DskipTests -Dmaven.repo.local=/data/tmp-build/cache/m2,5.115948,0,success,
2026-03-29T17:51:18.017477+00:00,qos-ch__logback,qos-ch__logback,refs/remotes/origin/master,20,49f29a33b60ed8623576f0a5e29b8cd0137f426b,fix resource location,maven,mvn -B clean package -DskipTests -Dmaven.repo.local=/data/tmp-build/cache/m2,5.155224,0,success,
2026-03-29T17:51:23.243144+00:00,qos-ch__logback,qos-ch__logback,refs/remotes/origin/master,21,5c50f910735136c030d791fccd940ab78f1aec10,standardize version checking,maven,mvn -B clean package -DskipTests -Dmaven.repo.local=/data/tmp-build/cache/m2,5.173335,0,success,
2026-03-29T17:51:28.467789+00:00,qos-ch__logback,qos-ch__logback,refs/remotes/origin/master,22,f0c4a06b4d5861d168fe5cc601a58fbab6f87589,minor edit,maven,mvn -B clean package -DskipTests -Dmaven.repo.local=/data/tmp-build/cache/m2,5.175222,0,success,
2026-03-29T17:51:33.624333+00:00,qos-ch__logback,qos-ch__logback,refs/remotes/origin/master,23,79149aeb739df0e28c4ec5347f283fde199d8d9c,remove ch.qos.logback.core.net.server package,maven,mvn -B clean package -DskipTests -Dmaven.repo.local=/data/tmp-build/cache/m2,5.108019,0,success,
2026-03-29T17:51:38.970829+00:00,qos-ch__logback,qos-ch__logback,refs/remotes/origin/master,24,3ab9da9589efbe4189297cd3c9b58fa51d60e459,start work on 1.5.30-SNAPSHOT,maven,mvn -B clean package -DskipTests -Dmaven.repo.local=/data/tmp-build/cache/m2,5.2964,0,success,
2026-03-29T17:51:44.205070+00:00,qos-ch__logback,qos-ch__logback,refs/remotes/origin/master,25,5db1146b85a4547e9189834e189042b82a97694b,prepare release 1.5.29,maven,mvn -B clean package -DskipTests -Dmaven.repo.local=/data/tmp-build/cache/m2,5.183701,0,success,
2026-03-29T17:51:49.413808+00:00,qos-ch__logback,qos-ch__logback,refs/remotes/origin/master,26,c94a5fefa096946ec36509118dca94438840e2de,minor changes,maven,mvn -B clean package -DskipTests -Dmaven.repo.local=/data/tmp-build/cache/m2,5.159924,0,success,
2026-03-29T17:51:54.638367+00:00,qos-ch__logback,qos-ch__logback,refs/remotes/origin/master,27,2bc697f1f209b814a8fec8f3cd53c8a005d91e6f,"revert commit 4f560a0331b, once again, appender names of references are subject to substitution",maven,mvn -B clean package -DskipTests -Dmaven.repo.local=/data/tmp-build/cache/m2,5.176257,0,success,
2026-03-29T17:51:59.933767+00:00,qos-ch__logback,qos-ch__logback,refs/remotes/origin/master,28,41921311591a969ff0dbc063f42603e2011f6eb8,start work on 1.5.29-SNAPSHOT,maven,mvn -B clean package -DskipTests -Dmaven.repo.local=/data/tmp-build/cache/m2,5.24748,0,success,
2026-03-29T17:52:05.195654+00:00,qos-ch__logback,qos-ch__logback,refs/remotes/origin/master,29,e7a1855ab562bb102333f754603ff89359bf3cfc,prepare release 1.5.28,maven,mvn -B clean package -DskipTests -Dmaven.repo.local=/data/tmp-build/cache/m2,5.213143,0,success,
2026-03-29T17:52:10.496314+00:00,qos-ch__logback,qos-ch__logback,refs/remotes/origin/master,30,e8dee442658274dbf2549234e7daba7e92331850,cosmetic changes only,maven,mvn -B clean package -DskipTests -Dmaven.repo.local=/data/tmp-build/cache/m2,5.252234,0,success,
2026-03-29T17:52:15.808344+00:00,qos-ch__logback,qos-ch__logback,refs/remotes/origin/master,31,ded504cba3035f4027697ef2050a1773ab9df987,minor refactoring,maven,mvn -B clean package -DskipTests -Dmaven.repo.local=/data/tmp-build/cache/m2,5.261443,0,success,
2026-03-29T17:52:21.007182+00:00,qos-ch__logback,qos-ch__logback,refs/remotes/origin/master,32,8af5459a09d122439f68b0aa892c5d286c1610b6,fix NPE as reported in issues/1014,maven,mvn -B clean package -DskipTests -Dmaven.repo.local=/data/tmp-build/cache/m2,5.150878,0,success,
2026-03-29T17:52:26.276207+00:00,qos-ch__logback,qos-ch__logback,refs/remotes/origin/master,33,4f560a0331bc225e733dee4c87d890c20817392c,appender names of references not subject to substitution,maven,mvn -B clean package -DskipTests -Dmaven.repo.local=/data/tmp-build/cache/m2,5.222504,0,success,
2026-03-29T17:52:31.613118+00:00,qos-ch__logback,qos-ch__logback,refs/remotes/origin/master,34,eab8e1d4a05af7279012da3b1d70b42a2ca0ecc2,"remove spurious Sytem.out, add javadoc",maven,mvn -B clean package -DskipTests -Dmaven.repo.local=/data/tmp-build/cache/m2,5.289994,0,success,
2026-03-29T17:52:36.912843+00:00,qos-ch__logback,qos-ch__logback,refs/remotes/origin/master,35,9ff843d5a171794b6e0408e02c92cbae28432392,fix issues/1016,maven,mvn -B clean package -DskipTests -Dmaven.repo.local=/data/tmp-build/cache/m2,5.248407,0,success,
2026-03-29T17:52:42.199366+00:00,qos-ch__logback,qos-ch__logback,refs/remotes/origin/master,36,769bce0567df0786564ebf7c6805d83979dcf8a9,"add scanStr field to PropertiesConfiguratorAction, refactor ResourceAction",maven,mvn -B clean package -DskipTests -Dmaven.repo.local=/data/tmp-build/cache/m2,5.240925,0,success,
2026-03-29T17:52:47.522490+00:00,qos-ch__logback,qos-ch__logback,refs/remotes/origin/master,37,6fd0943e7e6f635a215e348db562247f237e7714,add missing package.html in logback-core,maven,mvn -B clean package -DskipTests -Dmaven.repo.local=/data/tmp-build/cache/m2,5.272352,0,success,
2026-03-29T17:52:52.832977+00:00,qos-ch__logback,qos-ch__logback,refs/remotes/origin/master,38,5350e54e47d89e8d524b068e92c09d1c1cce173b,add missing package.html in logback-classic,maven,mvn -B clean package -DskipTests -Dmaven.repo.local=/data/tmp-build/cache/m2,5.261463,0,success,
2026-03-29T17:52:58.085339+00:00,qos-ch__logback,qos-ch__logback,refs/remotes/origin/master,39,699d28a0d6fbcad9029d34a41fc7161deec5ef84,minor refactoring,maven,mvn -B clean package -DskipTests -Dmaven.repo.local=/data/tmp-build/cache/m2,5.202666,0,success,
2026-03-29T17:53:03.363884+00:00,qos-ch__logback,qos-ch__logback,refs/remotes/origin/master,40,af81f1a47c77c3caf7db404ffb56e0d230914091,update EPL license to 2.0,maven,mvn -B clean package -DskipTests -Dmaven.repo.local=/data/tmp-build/cache/m2,5.229415,0,success,
2026-03-29T17:53:08.607577+00:00,qos-ch__logback,qos-ch__logback,refs/remotes/origin/master,41,0ec5e06bc9d4ecf764bb4f91529e0a13da78a367,trigger CI manually,maven,mvn -B clean package -DskipTests -Dmaven.repo.local=/data/tmp-build/cache/m2,5.196546,0,success,
2026-03-29T17:53:13.888158+00:00,qos-ch__logback,qos-ch__logback,refs/remotes/origin/master,42,06220b51f1d35d5ccdd1c9ed0896e7b832fd2984,start work on 1.5.28-SNAPSHOT,maven,mvn -B clean package -DskipTests -Dmaven.repo.local=/data/tmp-build/cache/m2,5.233408,0,success,
2026-03-29T17:53:19.223568+00:00,qos-ch__logback,qos-ch__logback,refs/remotes/origin/master,43,3618eb01aad6672f9cd250dccf7546a69cbe982f,increase timeout delay to 2000 millis,maven,mvn -B clean package -DskipTests -Dmaven.repo.local=/data/tmp-build/cache/m2,5.286925,0,success,
2026-03-29T17:53:24.501177+00:00,qos-ch__logback,qos-ch__logback,refs/remotes/origin/master,44,db150c3c92656ed01c66dbd8ec2a0f1548637663,prepare release 1.5.27,maven,mvn -B clean package -DskipTests -Dmaven.repo.local=/data/tmp-build/cache/m2,5.22584,0,success,
2026-03-29T17:53:29.774701+00:00,qos-ch__logback,qos-ch__logback,refs/remotes/origin/master,45,0370b137a47a6148c3f2d527f6bfdbd22d3136a8,fix missing MDC transmission in SocketAppender. Fixes issues/1010,maven,mvn -B clean package -DskipTests -Dmaven.repo.local=/data/tmp-build/cache/m2,5.224782,0,success,
2026-03-29T17:53:35.148133+00:00,qos-ch__logback,qos-ch__logback,refs/remotes/origin/master,46,8100acd4e49f7d3c78520efacfd98bd398f0e810,remove RemoteAppender*,maven,mvn -B clean package -DskipTests -Dmaven.repo.local=/data/tmp-build/cache/m2,5.313889,0,success,
2026-03-29T17:53:40.435166+00:00,qos-ch__logback,qos-ch__logback,refs/remotes/origin/master,47,2b67210613628b8610f44063c4e739b71ce83190,remove Receiver related classes,maven,mvn -B clean package -DskipTests -Dmaven.repo.local=/data/tmp-build/cache/m2,5.239967,0,success,
2026-03-29T17:53:45.813575+00:00,qos-ch__logback,qos-ch__logback,refs/remotes/origin/master,48,d84b58686b3e04661bb47e7260d1fdcb731826ac,remove ReceiverModelHandler - project still builds indicating no active usage,maven,mvn -B clean package -DskipTests -Dmaven.repo.local=/data/tmp-build/cache/m2,5.326458,0,success,
2026-03-29T17:53:51.181990+00:00,qos-ch__logback,qos-ch__logback,refs/remotes/origin/master,49,44049ed38ff396bc45a98d9b536da8f179547132,remove support for receivers in SerializedModelConfigurator and JoranConfigurator,maven,mvn -B clean package -DskipTests -Dmaven.repo.local=/data/tmp-build/cache/m2,5.317051,0,success,
2026-03-29T17:53:56.512568+00:00,qos-ch__logback,qos-ch__logback,refs/remotes/origin/master,50,56085d898665d6e99489591333a4ddf381465443,fix test,maven,mvn -B clean package -DskipTests -Dmaven.repo.local=/data/tmp-build/cache/m2,5.280103,0,success,
2026-03-29T17:54:04.780372+00:00,qos-ch__slf4j,qos-ch__slf4j,refs/remotes/origin/master,1,d2073bece8310017914e1ff65d7107b2d4869c7d,"minor refactoring, javadoc changes",maven,mvn -B clean package -DskipTests -Dmaven.repo.local=/data/tmp-build/cache/m2,7.379139,0,success,
2026-03-29T17:54:08.735871+00:00,qos-ch__slf4j,qos-ch__slf4j,refs/remotes/origin/master,2,32a9854cf414993abcefec097354ca1758dc45ec,add a trivial test for CONFIG_PARAMS.warnLevelString,maven,mvn -B clean package -DskipTests -Dmaven.repo.local=/data/tmp-build/cache/m2,3.907074,0,success,
2026-03-29T17:54:12.757875+00:00,qos-ch__slf4j,qos-ch__slf4j,refs/remotes/origin/master,3,77936c6f1f4808e3f0e75f54244093c21f929f60,CONFIG_PARAMS.warnLevelString should be taken into account,maven,mvn -B clean package -DskipTests -Dmaven.repo.local=/data/tmp-build/cache/m2,3.992,0,success,
2026-03-29T17:54:16.677969+00:00,qos-ch__slf4j,qos-ch__slf4j,refs/remotes/origin/master,4,34c9d30af550b7aa97d0af24c1215215a981dfc4,extract first marker when caller locationAwareLogger,maven,mvn -B clean package -DskipTests -Dmaven.repo.local=/data/tmp-build/cache/m2,3.892072,0,success,
2026-03-29T17:54:20.560843+00:00,qos-ch__slf4j,qos-ch__slf4j,refs/remotes/origin/master,5,902b46395728eff3cec405504a8b4fe43ff9b347,remove cruft,maven,mvn -B clean package -DskipTests -Dmaven.repo.local=/data/tmp-build/cache/m2,3.854574,0,success,
2026-03-29T17:54:25.552358+00:00,qos-ch__slf4j,qos-ch__slf4j,refs/remotes/origin/master,6,b3c2f16f12ee6e89734424971b08cfe892071cfc,security manager is no longer supported in later JDKs,maven,mvn -B clean package -DskipTests -Dmaven.repo.local=/data/tmp-build/cache/m2,4.963407,0,success,
2026-03-29T17:54:29.716494+00:00,qos-ch__slf4j,qos-ch__slf4j,refs/remotes/origin/master,7,9468c7a28fe919860f202abaf947e99c2321cefe,remove unneccessary and unused files,maven,mvn -B clean package -DskipTests -Dmaven.repo.local=/data/tmp-build/cache/m2,4.133916,0,success,
2026-03-29T17:54:33.758176+00:00,qos-ch__slf4j,qos-ch__slf4j,refs/remotes/origin/master,8,183aaa507040ce6c61f70762c13e7d11aa4fd54e,start work on 2.0.18-SNAPSHOT,maven,mvn -B clean package -DskipTests -Dmaven.repo.local=/data/tmp-build/cache/m2,3.998511,0,success,
2026-03-29T17:54:37.796044+00:00,qos-ch__slf4j,qos-ch__slf4j,refs/remotes/origin/master,9,c233ea1932228a7fc580823289f896e97ba8a74d,prepare release 2.0.17,maven,mvn -B clean package -DskipTests -Dmaven.repo.local=/data/tmp-build/cache/m2,4.000699,0,success,
2026-03-29T17:54:41.923977+00:00,qos-ch__slf4j,qos-ch__slf4j,refs/remotes/origin/master,10,4b4d533771e0501ffe1eb5e248e456f285357737,"In SLF4JProviders, move initialization of the markerFactory and mdcAdapter fields to the constructor.",maven,mvn -B clean package -DskipTests -Dmaven.repo.local=/data/tmp-build/cache/m2,4.094745,0,success,
2026-03-29T17:54:44.324709+00:00,qos-ch__slf4j,qos-ch__slf4j,refs/remotes/origin/master,11,9349d64f95d0ee4e6ee0057e7376d15f1d15b37c,"In response to issue 450, moved the binding of the MDCAdapter in the MDC class from the static initializer to the LoggerFactory.bind method.",maven,mvn -B clean package -DskipTests -Dmaven.repo.local=/data/tmp-build/cache/m2,2.366743,1,build_failed,"[ERROR] COMPILATION ERROR : | [ERROR] /data/tmp-build/worktrees/qos-ch__slf4j-build-bench-v9r5zft9/slf4j-simple/src/main/java/org/slf4j/simple/SimpleServiceProvider.java:[20,27] <identifier> expected | [INFO] 1 error | [INFO] SLF4J Simple Provider .............................. FAILURE [  0.016 s] | [INFO] BUILD FAILURE | [ERROR] Failed to execute goal org.apache.maven.plugins:maven-compiler-plugin:3.10.1:compile (default-compile) on project slf4j-simple: Compilation failure | [ERROR] /data/tmp-build/worktrees/qos-ch__slf4j-build-bench-v9r5zft9/slf4j-simple/src/main/java/org/slf4j/simple/SimpleServiceProvider.java:[20,27] <identifier> expected | [ERROR] -> [Help 1] | [ERROR] | [ERROR] To see the full stack trace of the errors, re-run Maven with the -e switch. | [ERROR] Re-run Maven using the -X switch to enable full debug logging. | [ERROR] | [ERROR] For more information about the errors and possible solutions, please read the following articles: | [ERROR] [Help 1] http://cwiki.apache.org/confluence/display/MAVEN/MojoFailureException | [ERROR] | [ERROR] After correcting the problems, you can resume the build with the command | [ERROR]   mvn <args> -rf :slf4j-simple"
2026-03-29T17:54:48.356259+00:00,qos-ch__slf4j,qos-ch__slf4j,refs/remotes/origin/master,12,0def25ebfa0e546525fb90aa8d5946d16f26c561,Replace license names with SPDX identifiers,maven,mvn -B clean package -DskipTests -Dmaven.repo.local=/data/tmp-build/cache/m2,4.015995,0,success,
2026-03-29T17:54:52.421272+00:00,qos-ch__slf4j,qos-ch__slf4j,refs/remotes/origin/master,13,69c333de280100f7dc99ee00e302192690fcc761,fix issues/425,maven,mvn -B clean package -DskipTests -Dmaven.repo.local=/data/tmp-build/cache/m2,4.034504,0,success,
2026-03-29T17:54:56.483981+00:00,qos-ch__slf4j,qos-ch__slf4j,refs/remotes/origin/master,14,2470fad4fd0093f588c5b8740c2d8fdffd9b4263,Update README.md,maven,mvn -B clean package -DskipTests -Dmaven.repo.local=/data/tmp-build/cache/m2,4.030139,0,success,
2026-03-29T17:55:00.555294+00:00,qos-ch__slf4j,qos-ch__slf4j,refs/remotes/origin/master,15,c2c29fec98e05d4410c305edf06965a79a69a4f6,Update README.md,maven,mvn -B clean package -DskipTests -Dmaven.repo.local=/data/tmp-build/cache/m2,4.04172,0,success,
2026-03-29T17:55:04.605018+00:00,qos-ch__slf4j,qos-ch__slf4j,refs/remotes/origin/master,16,0597225b5b6326dbd6bf6f0038d8b6cf5c8ca377,README updates,maven,mvn -B clean package -DskipTests -Dmaven.repo.local=/data/tmp-build/cache/m2,4.02036,0,success,
2026-03-29T17:55:08.631685+00:00,qos-ch__slf4j,qos-ch__slf4j,refs/remotes/origin/master,17,f7b34c2e60ebf242003675490dcbbeae52fb8f52,fix incorrect interpretation of Level.OFF and Level.ALL in SLF4JPlatformLogger,maven,mvn -B clean package -DskipTests -Dmaven.repo.local=/data/tmp-build/cache/m2,3.997394,0,success,
2026-03-29T17:55:12.706898+00:00,qos-ch__slf4j,qos-ch__slf4j,refs/remotes/origin/master,18,4fa92fc007be215136cc12915e1f1d29192bb06e,start work on 2.0.17-SNAPSHOT,maven,mvn -B clean package -DskipTests -Dmaven.repo.local=/data/tmp-build/cache/m2,4.04425,0,success,
2026-03-29T17:55:16.767443+00:00,qos-ch__slf4j,qos-ch__slf4j,refs/remotes/origin/master,19,101086ba359a6a80f275ad090f57d74a34eee8ca,prepare release 2.0.16,maven,mvn -B clean package -DskipTests -Dmaven.repo.local=/data/tmp-build/cache/m2,4.028852,0,success,
2026-03-29T17:55:20.934544+00:00,qos-ch__slf4j,qos-ch__slf4j,refs/remotes/origin/master,20,8ae0efca231a567bcec353d8207a339ee534891e,class.getModule is new in Java9,maven,mvn -B clean package -DskipTests -Dmaven.repo.local=/data/tmp-build/cache/m2,4.13593,0,success,
2026-03-29T17:55:24.981231+00:00,qos-ch__slf4j,qos-ch__slf4j,refs/remotes/origin/master,21,3ff00870b32c2067d72fb83d6a9e9554dddd8130,print connected provider only if DEBUG level for internal reporting is enabled,maven,mvn -B clean package -DskipTests -Dmaven.repo.local=/data/tmp-build/cache/m2,4.016528,0,success,
2026-03-29T17:55:29.008451+00:00,qos-ch__slf4j,qos-ch__slf4j,refs/remotes/origin/master,22,0df43e9e53051bf01b79ccec5974b7be2d27df1d,fix javadoc of Slf4jEnvUtil,maven,mvn -B clean package -DskipTests -Dmaven.repo.local=/data/tmp-build/cache/m2,3.997143,0,success,
2026-03-29T17:55:33.092027+00:00,qos-ch__slf4j,qos-ch__slf4j,refs/remotes/origin/master,23,46b5ea54a64d4fc5b769cfe28aa513095b94b8a6,start work on 2.0.16-SNAPSHOT,maven,mvn -B clean package -DskipTests -Dmaven.repo.local=/data/tmp-build/cache/m2,4.053169,0,success,
2026-03-29T17:55:37.087271+00:00,qos-ch__slf4j,qos-ch__slf4j,refs/remotes/origin/master,24,5321a975d46e47a651fb93642a2a77bb1e2cef82,prepare release 2.0.15,maven,mvn -B clean package -DskipTests -Dmaven.repo.local=/data/tmp-build/cache/m2,3.964715,0,success,
2026-03-29T17:55:41.088331+00:00,qos-ch__slf4j,qos-ch__slf4j,refs/remotes/origin/master,25,09111e8c1e03ebb4cacdeb8cf617e19ded2281ba,"added copyright, @since to Slf4jEnvUtil",maven,mvn -B clean package -DskipTests -Dmaven.repo.local=/data/tmp-build/cache/m2,3.971238,0,success,
2026-03-29T17:55:45.151749+00:00,qos-ch__slf4j,qos-ch__slf4j,refs/remotes/origin/master,26,6a04f67fddcad8b552f5239e72effedb520b33d8,start work on version 2.0.15-SNAPSHOT,maven,mvn -B clean package -DskipTests -Dmaven.repo.local=/data/tmp-build/cache/m2,4.032462,0,success,
2026-03-29T17:55:49.215262+00:00,qos-ch__slf4j,qos-ch__slf4j,refs/remotes/origin/master,27,03aa6b915a82a037d2936ca0b166626d32e9a1f6,prepare release 2.0.14,maven,mvn -B clean package -DskipTests -Dmaven.repo.local=/data/tmp-build/cache/m2,4.032689,0,success,
2026-03-29T17:55:53.237039+00:00,qos-ch__slf4j,qos-ch__slf4j,refs/remotes/origin/master,28,7c3b0ef011fd4da98579b7cb55a1edb92fb9a9df,added method returning slf4j version,maven,mvn -B clean package -DskipTests -Dmaven.repo.local=/data/tmp-build/cache/m2,3.989948,0,success,
2026-03-29T17:55:57.376260+00:00,qos-ch__slf4j,qos-ch__slf4j,refs/remotes/origin/master,29,42810107b0ec38ec568e0501f4ab20e01a153eef,LoggerFactory emits 'SLF4J(I): Connected with provider of type',maven,mvn -B clean package -DskipTests -Dmaven.repo.local=/data/tmp-build/cache/m2,4.10728,0,success,
2026-03-29T17:56:01.500422+00:00,qos-ch__slf4j,qos-ch__slf4j,refs/remotes/origin/master,30,982e4b067fda7e6fa1c4f9fe0e99f7cd016c1845,clearer assertion take II,maven,mvn -B clean package -DskipTests -Dmaven.repo.local=/data/tmp-build/cache/m2,4.084912,0,success,
2026-03-29T17:56:05.593761+00:00,qos-ch__slf4j,qos-ch__slf4j,refs/remotes/origin/master,31,dd4486b5c55f9e2d39a9820824efe59c7b93546a,clearer assertion,maven,mvn -B clean package -DskipTests -Dmaven.repo.local=/data/tmp-build/cache/m2,4.062797,0,success,
2026-03-29T17:56:09.569128+00:00,qos-ch__slf4j,qos-ch__slf4j,refs/remotes/origin/master,32,1d82519b07d7d755096d916dfbfaddd2d0e07c4f,start work on 2.0.14-SNAPSHOT,maven,mvn -B clean package -DskipTests -Dmaven.repo.local=/data/tmp-build/cache/m2,3.946532,0,success,
2026-03-29T17:56:13.547455+00:00,qos-ch__slf4j,qos-ch__slf4j,refs/remotes/origin/master,33,5ffbc67def52bbb1c9b954676d25f436746d174e,prepare release 2.0.13,maven,mvn -B clean package -DskipTests -Dmaven.repo.local=/data/tmp-build/cache/m2,3.947564,0,success,
2026-03-29T17:56:17.625191+00:00,qos-ch__slf4j,qos-ch__slf4j,refs/remotes/origin/master,34,3386517ad6fcb339ff2e2b81239cab78038c3813,"fix issues/409 SLF4J-601, wrong classname when using slf4j inside a wrapper",maven,mvn -B clean package -DskipTests -Dmaven.repo.local=/data/tmp-build/cache/m2,4.046831,0,success,
2026-03-29T17:56:21.646863+00:00,qos-ch__slf4j,qos-ch__slf4j,refs/remotes/origin/master,35,448bca173cb461087ce4958f5a6ecbb9f74ee519,start work on 2.0.13-SNAPSHOT,maven,mvn -B clean package -DskipTests -Dmaven.repo.local=/data/tmp-build/cache/m2,3.989083,0,success,
2026-03-29T17:56:25.723821+00:00,qos-ch__slf4j,qos-ch__slf4j,refs/remotes/origin/master,36,955209464d517cd91186f6407a60feb202dc26b8,increase leniency count,maven,mvn -B clean package -DskipTests -Dmaven.repo.local=/data/tmp-build/cache/m2,4.045447,0,success,
2026-03-29T17:56:29.847444+00:00,qos-ch__slf4j,qos-ch__slf4j,refs/remotes/origin/master,37,c1473c957abef18532a6cbbb27a93d7baf58e3f0,prepare release 2.0.12,maven,mvn -B clean package -DskipTests -Dmaven.repo.local=/data/tmp-build/cache/m2,4.092901,0,success,
2026-03-29T17:56:33.828030+00:00,qos-ch__slf4j,qos-ch__slf4j,refs/remotes/origin/master,38,98932348fbc5bf9925e0d09357ac4ca90f81d453,minor reminder,maven,mvn -B clean package -DskipTests -Dmaven.repo.local=/data/tmp-build/cache/m2,3.948139,0,success,
2026-03-29T17:56:37.881245+00:00,qos-ch__slf4j,qos-ch__slf4j,refs/remotes/origin/master,39,c52da92599b1316c5b7216c8ecf5dab68341e861,revert Util.report methods removed by mistake,maven,mvn -B clean package -DskipTests -Dmaven.repo.local=/data/tmp-build/cache/m2,4.0204,0,success,
2026-03-29T17:56:41.942817+00:00,qos-ch__slf4j,qos-ch__slf4j,refs/remotes/origin/master,40,da91e4f2198e49121e308de5acca2fd2bbfbf452,"export provider packages, allow reflection by org.slf4j",maven,mvn -B clean package -DskipTests -Dmaven.repo.local=/data/tmp-build/cache/m2,4.030812,0,success,
2026-03-29T17:56:46.043313+00:00,qos-ch__slf4j,qos-ch__slf4j,refs/remotes/origin/master,41,8c4ea8f225bd45719687849f4dc55f08028f6971,more comments,maven,mvn -B clean package -DskipTests -Dmaven.repo.local=/data/tmp-build/cache/m2,4.069654,0,success,
2026-03-29T17:56:50.075112+00:00,qos-ch__slf4j,qos-ch__slf4j,refs/remotes/origin/master,42,6b2921a52341d881e89e1fafe386fd00c25fb6cf,start wotk on  2.0.12-SNAPSHOT,maven,mvn -B clean package -DskipTests -Dmaven.repo.local=/data/tmp-build/cache/m2,4.000539,0,success,
2026-03-29T17:56:54.111441+00:00,qos-ch__slf4j,qos-ch__slf4j,refs/remotes/origin/master,43,3f4717c44e26d586e2b03b1b87cfff63248e993a,get javadoc:aggregate command to work,maven,mvn -B clean package -DskipTests -Dmaven.repo.local=/data/tmp-build/cache/m2,4.00574,0,success,
2026-03-29T17:56:58.227174+00:00,qos-ch__slf4j,qos-ch__slf4j,refs/remotes/origin/master,44,d9145fba56fc213646d38a3230f60f76aba10bbf,prepare release 2.0.11,maven,mvn -B clean package -DskipTests -Dmaven.repo.local=/data/tmp-build/cache/m2,4.087259,0,success,
2026-03-29T17:57:02.279843+00:00,qos-ch__slf4j,qos-ch__slf4j,refs/remotes/origin/master,45,68ff7064ecde0867ed97053ecc565eb85beb417c,"acceptance test, disabled for the moment",maven,mvn -B clean package -DskipTests -Dmaven.repo.local=/data/tmp-build/cache/m2,4.021109,0,success,
2026-03-29T17:57:06.398043+00:00,qos-ch__slf4j,qos-ch__slf4j,refs/remotes/origin/master,46,db8cd90c10cda662db899e1f72644638013b7ec6,"Use computeIfAbsent with a protected method, make reset protected",maven,mvn -B clean package -DskipTests -Dmaven.repo.local=/data/tmp-build/cache/m2,4.086454,0,success,
2026-03-29T17:57:10.439297+00:00,qos-ch__slf4j,qos-ch__slf4j,refs/remotes/origin/master,47,d564304a6137c1f5ec0e0ed890658bf4b817371b,"Use computeIfAbsent with a protected method, make reset protected",maven,mvn -B clean package -DskipTests -Dmaven.repo.local=/data/tmp-build/cache/m2,4.009326,0,success,
2026-03-29T17:57:14.532442+00:00,qos-ch__slf4j,qos-ch__slf4j,refs/remotes/origin/master,48,ef8dda71dd8d9b86f623c9fe6d9eaa83d1722ab6,javadoc changed for SimpleLogger constructor,maven,mvn -B clean package -DskipTests -Dmaven.repo.local=/data/tmp-build/cache/m2,4.062292,0,success,
2026-03-29T17:57:18.633844+00:00,qos-ch__slf4j,qos-ch__slf4j,refs/remotes/origin/master,49,fe42ecb5f74cdda9927fe0889229199a08d23ec8,change constructor access modifier  instead of,maven,mvn -B clean package -DskipTests -Dmaven.repo.local=/data/tmp-build/cache/m2,4.068446,0,success,
2026-03-29T17:57:22.719096+00:00,qos-ch__slf4j,qos-ch__slf4j,refs/remotes/origin/master,50,7029a8b7fda826f425c740a847e97f4c0a063dbe,add renderLevel method in SimpleLogger,maven,mvn -B clean package -DskipTests -Dmaven.repo.local=/data/tmp-build/cache/m2,4.053788,0,success,
2026-03-29T18:15:23.770929+00:00,spring-projects__spring-framework,spring-projects__spring-framework,refs/remotes/origin/main,1,51a548943834453703b27ffd7bcceef9b075c8e2,Polishing,gradle,sh ./gradlew --no-daemon clean assemble -x test,97.65748,0,success,
2026-03-29T18:15:43.015136+00:00,spring-projects__spring-framework,spring-projects__spring-framework,refs/remotes/origin/main,2,f9523a785b456e0167133489233b3ff8b786a67e,Support @⁠MockitoBean and @⁠MockitoSpyBean on test constructor parameters,gradle,sh ./gradlew --no-daemon clean assemble -x test,18.882099,0,success,
2026-03-29T18:16:05.215082+00:00,spring-projects__spring-framework,spring-projects__spring-framework,refs/remotes/origin/main,3,955f9d3ea9d960ea10d98df907877f6aab2e46ef,Merge branch '7.0.x',gradle,sh ./gradlew --no-daemon clean assemble -x test,21.95774,0,success,
2026-03-29T18:16:22.900459+00:00,spring-projects__spring-framework,spring-projects__spring-framework,refs/remotes/origin/main,4,7502b923922d02109b5a3c861033715f973dc3cd,Introduce DeferredBeanRegistrar and BeanRegistry#containsBean methods,gradle,sh ./gradlew --no-daemon clean assemble -x test,17.418033,0,success,
2026-03-29T18:17:02.452679+00:00,spring-projects__spring-framework,spring-projects__spring-framework,refs/remotes/origin/main,5,99e7543a7faefb0b22a5cfb3e308e2b7e9075e61,Merge branch '7.0.x',gradle,sh ./gradlew --no-daemon clean assemble -x test,39.305393,0,success,
2026-03-29T18:17:43.579306+00:00,spring-projects__spring-framework,spring-projects__spring-framework,refs/remotes/origin/main,6,82a9d660793c2f0bee11f50b854ad7d4a6c965c5,Merge branch '7.0.x',gradle,sh ./gradlew --no-daemon clean assemble -x test,40.867592,0,success,
2026-03-29T18:18:00.592388+00:00,spring-projects__spring-framework,spring-projects__spring-framework,refs/remotes/origin/main,7,5708b73ea9a6dd370f79a3989b33af17773bf501,Introduce ResolvableType.forParameter() factory method,gradle,sh ./gradlew --no-daemon clean assemble -x test,16.755388,0,success,
2026-03-29T18:18:42.915086+00:00,spring-projects__spring-framework,spring-projects__spring-framework,refs/remotes/origin/main,8,5e975f51dd6ff2936b87ec2ecd1facecd75aa287,Remove redundant Assert.notNull() checks in ResolvableType,gradle,sh ./gradlew --no-daemon clean assemble -x test,42.057597,0,success,
2026-03-29T18:19:00.172534+00:00,spring-projects__spring-framework,spring-projects__spring-framework,refs/remotes/origin/main,9,ccf0cae18c1f50e18d3b5eac0896136e09d459a5,Polishing,gradle,sh ./gradlew --no-daemon clean assemble -x test,16.980898,0,success,
2026-03-29T18:19:18.408269+00:00,spring-projects__spring-framework,spring-projects__spring-framework,refs/remotes/origin/main,10,de0dfe5d93b32de2ae0ab87168a0f3246b6f4eea,Fix Javadoc format error,gradle,sh ./gradlew --no-daemon clean assemble -x test,18.001467,0,success,
2026-03-29T18:19:36.578171+00:00,spring-projects__spring-framework,spring-projects__spring-framework,refs/remotes/origin/main,11,aac521c116d1745de6eb3648bb3286f59d3070f5,Add integration tests and docs for multipart support,gradle,sh ./gradlew --no-daemon clean assemble -x test,17.900647,0,success,
2026-03-29T18:19:47.117370+00:00,spring-projects__spring-framework,spring-projects__spring-framework,refs/remotes/origin/main,12,ab8de8ec4b004e80979af6e4391e28a8a5da4f8e,Support Map payloads in FormHttpMessageConverter,gradle,sh ./gradlew --no-daemon clean assemble -x test,10.295033,0,success,
2026-03-29T18:20:17.926861+00:00,spring-projects__spring-framework,spring-projects__spring-framework,refs/remotes/origin/main,13,abc3cfc7be0ef6dc051e26876b635c1a72ae1ae2,Move multipart support to dedicated converter,gradle,sh ./gradlew --no-daemon clean assemble -x test,30.568083,0,success,
2026-03-29T18:20:49.234839+00:00,spring-projects__spring-framework,spring-projects__spring-framework,refs/remotes/origin/main,14,44302aca93ba37d0f302fe85550bea20f3132bdd,Add MultipartHttpMessageConverter,gradle,sh ./gradlew --no-daemon clean assemble -x test,31.051663,0,success,
2026-03-29T18:21:20.625884+00:00,spring-projects__spring-framework,spring-projects__spring-framework,refs/remotes/origin/main,15,ac86dc1264a7e81f2e882f184e3c120f696261b1,Move multipart test files to a common location,gradle,sh ./gradlew --no-daemon clean assemble -x test,31.135205,0,success,
2026-03-29T18:21:29.850235+00:00,spring-projects__spring-framework,spring-projects__spring-framework,refs/remotes/origin/main,16,051219c3c9c58b511dba8d745ed7484240f2c39d,Introduce HttpMessageConverter#canWriteRepeatedly,gradle,sh ./gradlew --no-daemon clean assemble -x test,8.943835,0,success,
2026-03-29T18:22:00.855976+00:00,spring-projects__spring-framework,spring-projects__spring-framework,refs/remotes/origin/main,17,d8916a326a2b01a76fb75b0fe491386e7f6406e3,Merge branch '7.0.x',gradle,sh ./gradlew --no-daemon clean assemble -x test,30.761441,0,success,
2026-03-29T18:22:10.081967+00:00,spring-projects__spring-framework,spring-projects__spring-framework,refs/remotes/origin/main,18,3be51b1c77617e2e199958ca4fc96fc82b4bd50b,Merge branch '7.0.x',gradle,sh ./gradlew --no-daemon clean assemble -x test,8.944526,0,success,
2026-03-29T18:22:27.492854+00:00,spring-projects__spring-framework,spring-projects__spring-framework,refs/remotes/origin/main,19,a3118f276f737344b1a4ddbc3e0ab1fea2d7a138,Remove @⁠ContextConfiguration from MockitoBeanNestedTests,gradle,sh ./gradlew --no-daemon clean assemble -x test,17.180567,0,success,
2026-03-29T18:22:36.605586+00:00,spring-projects__spring-framework,spring-projects__spring-framework,refs/remotes/origin/main,20,3d7007408961e4229b11f23e85bf13dc8e940774,Introduce support for custom parameter names in ParameterResolutionDelegate,gradle,sh ./gradlew --no-daemon clean assemble -x test,8.846039,0,success,
2026-03-29T18:23:17.278160+00:00,spring-projects__spring-framework,spring-projects__spring-framework,refs/remotes/origin/main,21,bcc9e27dd00a7eaf2f7e66d04d04ed31d0dd1efc,Polishing,gradle,sh ./gradlew --no-daemon clean assemble -x test,40.443343,0,success,
2026-03-29T18:23:35.552754+00:00,spring-projects__spring-framework,spring-projects__spring-framework,refs/remotes/origin/main,22,0f4ee906de8b5cac87e2061070e6b550b34a3a8b,Extract BeanOverrideUtils from BeanOverrideHandler,gradle,sh ./gradlew --no-daemon clean assemble -x test,18.003627,0,success,
2026-03-29T18:23:58.123067+00:00,spring-projects__spring-framework,spring-projects__spring-framework,refs/remotes/origin/main,23,5f9dd9e135ab57dad0470f97b6bfe8b1e30edd9c,Merge branch '7.0.x',gradle,sh ./gradlew --no-daemon clean assemble -x test,22.298193,0,success,
2026-03-29T18:24:13.287279+00:00,spring-projects__spring-framework,spring-projects__spring-framework,refs/remotes/origin/main,24,5335dbf80213089176b269abb97367d6a1aa7eb8,Merge branch '7.0.x',gradle,sh ./gradlew --no-daemon clean assemble -x test,14.889737,0,success,
2026-03-29T18:24:26.409021+00:00,spring-projects__spring-framework,spring-projects__spring-framework,refs/remotes/origin/main,25,4c1b4f33a818fd22ad95b371dbec2b53a5b749f8,Skip Jaxb auto-detection in HttpMessageConverters for servers,gradle,sh ./gradlew --no-daemon clean assemble -x test,12.876115,0,success,
2026-03-29T18:24:57.012380+00:00,spring-projects__spring-framework,spring-projects__spring-framework,refs/remotes/origin/main,26,f1a60f166478a32f8cdc7e0fadfe15b0d55a1e59,Merge branch '7.0.x',gradle,sh ./gradlew --no-daemon clean assemble -x test,30.367356,0,success,
2026-03-29T18:25:06.102703+00:00,spring-projects__spring-framework,spring-projects__spring-framework,refs/remotes/origin/main,27,d66e6571c1bd5c70364b1f47e61b94a633e1b987,Merge branch '7.0.x',gradle,sh ./gradlew --no-daemon clean assemble -x test,8.825069,0,success,
2026-03-29T18:25:15.365253+00:00,spring-projects__spring-framework,spring-projects__spring-framework,refs/remotes/origin/main,28,dc8b9fff57387b0307b1593ee65b154f0e13df3f,Merge branch '7.0.x',gradle,sh ./gradlew --no-daemon clean assemble -x test,9.021284,0,success,
2026-03-29T18:25:33.759595+00:00,spring-projects__spring-framework,spring-projects__spring-framework,refs/remotes/origin/main,29,0eba6f0da3fbd879326226c9310791ceb329bb82,Add typesafe method to get generic bean by name with type reference,gradle,sh ./gradlew --no-daemon clean assemble -x test,18.153734,0,success,
2026-03-29T18:26:15.891730+00:00,spring-projects__spring-framework,spring-projects__spring-framework,refs/remotes/origin/main,30,a5579614d9ff079560c321a6cc80ed7de2c72002,Merge branch '7.0.x',gradle,sh ./gradlew --no-daemon clean assemble -x test,41.876642,0,success,
2026-03-29T18:26:57.167160+00:00,spring-projects__spring-framework,spring-projects__spring-framework,refs/remotes/origin/main,31,eca6d91532851c1c0111378f10238b25e6af107f,Refine nullable declaration of internal type array constant,gradle,sh ./gradlew --no-daemon clean assemble -x test,41.004081,0,success,
2026-03-29T18:27:14.344728+00:00,spring-projects__spring-framework,spring-projects__spring-framework,refs/remotes/origin/main,32,354c315f557730175425cca6a079cde607aee456,Upgrade to Hibernate ORM 7.3,gradle,sh ./gradlew --no-daemon clean assemble -x test,16.909091,0,success,
2026-03-29T18:27:27.080388+00:00,spring-projects__spring-framework,spring-projects__spring-framework,refs/remotes/origin/main,33,a302ad88f31dca626ebba9905243df9206be2d5f,Merge branch '7.0.x',gradle,sh ./gradlew --no-daemon clean assemble -x test,12.489524,0,success,
2026-03-29T18:27:44.455012+00:00,spring-projects__spring-framework,spring-projects__spring-framework,refs/remotes/origin/main,34,447e1ee0cd3ba6ac7ab5268cd4cbcbeb8e2e3f5f,Merge branch '7.0.x',gradle,sh ./gradlew --no-daemon clean assemble -x test,17.136142,0,success,
2026-03-29T18:28:01.676505+00:00,spring-projects__spring-framework,spring-projects__spring-framework,refs/remotes/origin/main,35,bef2f4488f6b8f8a587bd0ac02d711bce2ca28d4,Merge branch '7.0.x',gradle,sh ./gradlew --no-daemon clean assemble -x test,16.956099,0,success,
2026-03-29T18:28:10.819738+00:00,spring-projects__spring-framework,spring-projects__spring-framework,refs/remotes/origin/main,36,d5adfd79802d6d11ef86115b2b92817f9bc67269,Merge branch '7.0.x',gradle,sh ./gradlew --no-daemon clean assemble -x test,8.893257,0,success,
2026-03-29T18:28:19.972295+00:00,spring-projects__spring-framework,spring-projects__spring-framework,refs/remotes/origin/main,37,3777a9fcbdea2856966be93c380b6bce3fe0687a,Merge branch '7.0.x',gradle,sh ./gradlew --no-daemon clean assemble -x test,8.899294,0,success,
2026-03-29T18:28:35.264275+00:00,spring-projects__spring-framework,spring-projects__spring-framework,refs/remotes/origin/main,38,7c834224a277216ff35d4777fcef04eeadb81688,Merge branch '7.0.x',gradle,sh ./gradlew --no-daemon clean assemble -x test,15.055489,0,success,
2026-03-29T18:28:57.648496+00:00,spring-projects__spring-framework,spring-projects__spring-framework,refs/remotes/origin/main,39,c1e90d51ca6a8379a0366f30cd77e5c1be019447,GenericTypeResolver.resolveType should resolve TypeVariable with nested ParameterizedType (#36480),gradle,sh ./gradlew --no-daemon clean assemble -x test,22.114267,0,success,
2026-03-29T18:29:14.827594+00:00,spring-projects__spring-framework,spring-projects__spring-framework,refs/remotes/origin/main,40,a0dba60fa657088015be64e9987f68c179c76e08,Merge branch '7.0.x',gradle,sh ./gradlew --no-daemon clean assemble -x test,16.905213,0,success,
2026-03-29T18:29:33.400584+00:00,spring-projects__spring-framework,spring-projects__spring-framework,refs/remotes/origin/main,41,63e01cf6b3d22529ce674c85651e610ec5490a74,Merge branch '7.0.x',gradle,sh ./gradlew --no-daemon clean assemble -x test,18.325003,0,success,
2026-03-29T18:29:59.703037+00:00,spring-projects__spring-framework,spring-projects__spring-framework,refs/remotes/origin/main,42,5d45036c094a6db0060f734f98bd25a44eeaef51,Merge branch '7.0.x',gradle,sh ./gradlew --no-daemon clean assemble -x test,26.036578,0,success,
2026-03-29T18:30:08.868448+00:00,spring-projects__spring-framework,spring-projects__spring-framework,refs/remotes/origin/main,43,b31f78de50359b6777ef5ca63f24596e90a5ff58,Merge branch '7.0.x',gradle,sh ./gradlew --no-daemon clean assemble -x test,8.878016,0,success,
2026-03-29T18:31:19.109964+00:00,spring-projects__spring-framework,spring-projects__spring-framework,refs/remotes/origin/main,44,967fd099f9ce7fd1cb5f3def8888efc6ec007de4,Merge branch '7.0.x',gradle,sh ./gradlew --no-daemon clean assemble -x test,70.00792,0,success,
2026-03-29T18:31:28.372315+00:00,spring-projects__spring-framework,spring-projects__spring-framework,refs/remotes/origin/main,45,e655edafec5e6de0b2e0a90efe7b8710444501a8,Merge branch '7.0.x',gradle,sh ./gradlew --no-daemon clean assemble -x test,8.909578,0,success,
2026-03-29T18:31:37.516535+00:00,spring-projects__spring-framework,spring-projects__spring-framework,refs/remotes/origin/main,46,6ec2455e2491650fbeb7efaf78615a72700995ad,Merge branch '7.0.x',gradle,sh ./gradlew --no-daemon clean assemble -x test,8.911397,0,success,
2026-03-29T18:31:46.632636+00:00,spring-projects__spring-framework,spring-projects__spring-framework,refs/remotes/origin/main,47,003d8b2f804a19da8a44758c163f87f05089fc06,Merge branch '7.0.x',gradle,sh ./gradlew --no-daemon clean assemble -x test,8.858451,0,success,
2026-03-29T18:31:55.848272+00:00,spring-projects__spring-framework,spring-projects__spring-framework,refs/remotes/origin/main,48,b846a29b173924108456785e8d998d7dd3357208,Polishing,gradle,sh ./gradlew --no-daemon clean assemble -x test,8.947179,0,success,
2026-03-29T18:32:17.458564+00:00,spring-projects__spring-framework,spring-projects__spring-framework,refs/remotes/origin/main,49,8b994be3815aa1e89cec57e5b6bd71851542503b,Remove unnecessary space in contributing guide title,gradle,sh ./gradlew --no-daemon clean assemble -x test,21.377038,0,success,
2026-03-29T18:32:26.472349+00:00,spring-projects__spring-framework,spring-projects__spring-framework,refs/remotes/origin/main,50,b246fc881b2bc83daea0a333f1c2fea7212e569d,Merge branch '7.0.x',gradle,sh ./gradlew --no-daemon clean assemble -x test,8.778849,0,success,
2026-03-29T18:33:18.308147+00:00,square__retrofit,square__retrofit,refs/remotes/origin/trunk,1,77e6ba21d9ba372d1b23ef29881912910da23347,Update dependency org.glassfish.jaxb:jaxb-runtime to v4.0.7 (#4677),gradle,sh ./gradlew --no-daemon clean :retrofit:jar -x test,50.478985,0,success,
2026-03-29T18:33:30.636666+00:00,square__retrofit,square__retrofit,refs/remotes/origin/trunk,2,0319d12569700a442f8f3083a956aa4c3597b059,Update dependency astro to v5.18.1 (#4676),gradle,sh ./gradlew --no-daemon clean :retrofit:jar -x test,12.249833,0,success,
2026-03-29T18:33:43.028475+00:00,square__retrofit,square__retrofit,refs/remotes/origin/trunk,3,25baf72db0da9725f30349d8c014f6837519febf,Update dependency @astrojs/starlight to v0.37.7 (#4672),gradle,sh ./gradlew --no-daemon clean :retrofit:jar -x test,12.371647,0,success,
2026-03-29T18:33:55.406677+00:00,square__retrofit,square__retrofit,refs/remotes/origin/trunk,4,4a60aef50e8cc2a323ea6b095b35abaa696d2c67,Update dependency com.squareup.wire:wire-runtime to v5.5.1 (#4671),gradle,sh ./gradlew --no-daemon clean :retrofit:jar -x test,12.356571,0,success,
2026-03-29T18:34:07.643778+00:00,square__retrofit,square__retrofit,refs/remotes/origin/trunk,5,2bf12819555600c85b982a04cd228b5759edbc70,Update Gradle to v9.4.0 (#4670),gradle,sh ./gradlew --no-daemon clean :retrofit:jar -x test,12.212942,0,success,
2026-03-29T18:34:31.778375+00:00,square__retrofit,square__retrofit,refs/remotes/origin/trunk,6,0a3f48f8b6ca3399904315ea0a245637485ddf10,Update dependency com.android.tools.build:gradle to v9.1.0 (#4669),gradle,sh ./gradlew --no-daemon clean :retrofit:jar -x test,24.114005,0,success,
2026-03-29T18:34:49.576331+00:00,square__retrofit,square__retrofit,refs/remotes/origin/trunk,7,48f8f6ba9a7dd0c5c74fffc32e51372ec9bb1417,Update dependency com.google.googlejavaformat:google-java-format to v1.35.0 (#4668),gradle,sh ./gradlew --no-daemon clean :retrofit:jar -x test,17.777696,0,success,
2026-03-29T18:35:01.919253+00:00,square__retrofit,square__retrofit,refs/remotes/origin/trunk,8,26b4899a430b1653134994bf2168191c09f6d524,Update dependency com.diffplug.spotless:spotless-plugin-gradle to v8.3.0 (#4667),gradle,sh ./gradlew --no-daemon clean :retrofit:jar -x test,12.321535,0,success,
2026-03-29T18:35:16.438058+00:00,square__retrofit,square__retrofit,refs/remotes/origin/trunk,9,3a22c740ea7e03a890c58189bb9e8a1e92bf58e0,Update dependency starlight-versions to v0.7.1 (#4666),gradle,sh ./gradlew --no-daemon clean :retrofit:jar -x test,14.499535,0,success,
2026-03-29T18:35:28.891135+00:00,square__retrofit,square__retrofit,refs/remotes/origin/trunk,10,72e51b65440eab1cd3a398de30371905467c3ce1,Update GitHub Artifact Actions (#4665),gradle,sh ./gradlew --no-daemon clean :retrofit:jar -x test,12.431404,0,success,
2026-03-29T18:35:41.364181+00:00,square__retrofit,square__retrofit,refs/remotes/origin/trunk,11,bda19026d991878d5ead4b1ad0c606bfdf4e25b9,Update dependency astro to v5.18.0 (#4664),gradle,sh ./gradlew --no-daemon clean :retrofit:jar -x test,12.450999,0,success,
2026-03-29T18:35:53.827623+00:00,square__retrofit,square__retrofit,refs/remotes/origin/trunk,12,30b569cea91cb687b3dfcddc1fdf133df6b06958,Update dependency starlight-versions to ^0.7.0 (#4661),gradle,sh ./gradlew --no-daemon clean :retrofit:jar -x test,12.442884,0,success,
2026-03-29T18:36:06.211607+00:00,square__retrofit,square__retrofit,refs/remotes/origin/trunk,13,57812207b642db3c88f90306701fe10edf0abd5c,Update dependency com.fasterxml.jackson.core:jackson-databind to v2.21.1 (#4659),gradle,sh ./gradlew --no-daemon clean :retrofit:jar -x test,12.363321,0,success,
2026-03-29T18:36:18.715781+00:00,square__retrofit,square__retrofit,refs/remotes/origin/trunk,14,ee21a7aff2f8e7be1ffe81b27eca4b77e3e783a9,Update dependency astro to v5.17.3 (#4658),gradle,sh ./gradlew --no-daemon clean :retrofit:jar -x test,12.481202,0,success,
2026-03-29T18:36:31.123850+00:00,square__retrofit,square__retrofit,refs/remotes/origin/trunk,15,dfe9ddd054fc37fc6f60a3099329213e0c0bedf6,Update dependency com.android.tools.build:gradle to v9.0.1 (#4655),gradle,sh ./gradlew --no-daemon clean :retrofit:jar -x test,12.386163,0,success,
2026-03-29T18:36:48.652898+00:00,square__retrofit,square__retrofit,refs/remotes/origin/trunk,16,662cac25f16bac0fed9467ab4262b18f67965e11,Update dependency astro to v5.17.2 (#4654),gradle,sh ./gradlew --no-daemon clean :retrofit:jar -x test,17.506059,0,success,
2026-03-29T18:37:01.172474+00:00,square__retrofit,square__retrofit,refs/remotes/origin/trunk,17,6a757386cba5d69e605aa0e23a92f70711dbfed9,Bump mdast-util-to-hast to 13.2.1 (#4652),gradle,sh ./gradlew --no-daemon clean :retrofit:jar -x test,12.498771,0,success,
2026-03-29T18:37:13.555893+00:00,square__retrofit,square__retrofit,refs/remotes/origin/trunk,18,09bb5d99f383b5876657ca2aa852e49343cef94c,Update dependency org.codehaus.mojo:animal-sniffer-annotations to v1.27 (#4630),gradle,sh ./gradlew --no-daemon clean :retrofit:jar -x test,12.361183,0,success,
2026-03-29T18:37:26.121976+00:00,square__retrofit,square__retrofit,refs/remotes/origin/trunk,19,7ee00c16d80e0edf0db0542106ffd34f0146d03c,Update base URL in Retrofit docs (#4648),gradle,sh ./gradlew --no-daemon clean :retrofit:jar -x test,12.542527,0,success,
2026-03-29T18:37:38.583254+00:00,square__retrofit,square__retrofit,refs/remotes/origin/trunk,20,01cf750640fb660bfef1c3c63eae0d75c003214a,Fix JDK test task dependencies by wiring to source set outputs (#4072) (#4651),gradle,sh ./gradlew --no-daemon clean :retrofit:jar -x test,12.440995,0,success,
2026-03-29T18:37:51.328374+00:00,square__retrofit,square__retrofit,refs/remotes/origin/trunk,21,2ccbf735aff934c0e70cfe941dd60c6abfb5f649,Update dependency com.google.googlejavaformat:google-java-format to v1.34.1 (#4650),gradle,sh ./gradlew --no-daemon clean :retrofit:jar -x test,12.725498,0,success,
2026-03-29T18:38:03.747596+00:00,square__retrofit,square__retrofit,refs/remotes/origin/trunk,22,ab189e27de6d92ef128d14dd9915bcbab43d190f,Update kotlin monorepo to v2.3.10 (#4649),gradle,sh ./gradlew --no-daemon clean :retrofit:jar -x test,12.399579,0,success,
2026-03-29T18:38:23.005384+00:00,square__retrofit,square__retrofit,refs/remotes/origin/trunk,23,5ee12c4f5b8cb49450a355df81f4918d2783a9ca,Update dependency @astrojs/starlight to v0.37.6 (#4647),gradle,sh ./gradlew --no-daemon clean :retrofit:jar -x test,19.236487,0,success,
2026-03-29T18:38:35.492877+00:00,square__retrofit,square__retrofit,refs/remotes/origin/trunk,24,6f435ae086c439bbac0b0d6f5a0b5d8d1c609efc,Update dependency @astrojs/starlight to v0.37.5 (#4646),gradle,sh ./gradlew --no-daemon clean :retrofit:jar -x test,12.466187,0,success,
2026-03-29T18:38:47.830891+00:00,square__retrofit,square__retrofit,refs/remotes/origin/trunk,25,a6e758fe9d1e082e8358151ac3f746c70f4d35f2,Update dependency astro to v5.17.1 (#4644),gradle,sh ./gradlew --no-daemon clean :retrofit:jar -x test,12.315981,0,success,
2026-03-29T18:39:00.360715+00:00,square__retrofit,square__retrofit,refs/remotes/origin/trunk,26,9dd7994e4fc9aac732c5de8a73a34ca1caa37209,Update Gradle to v9.3.1 (#4645),gradle,sh ./gradlew --no-daemon clean :retrofit:jar -x test,12.508592,0,success,
2026-03-29T18:39:23.548843+00:00,square__retrofit,square__retrofit,refs/remotes/origin/trunk,27,69cc0d7bb1d05fd388ee87bd669acadd886c0921,Update dependency com.google.testparameterinjector:test-parameter-injector to v1.21 (#4641),gradle,sh ./gradlew --no-daemon clean :retrofit:jar -x test,23.166251,0,success,
2026-03-29T18:39:35.984501+00:00,square__retrofit,square__retrofit,refs/remotes/origin/trunk,28,457c042382a20d17b9644c5255815b4d043c2bca,Update dependency astro to v5.16.16 (#4642),gradle,sh ./gradlew --no-daemon clean :retrofit:jar -x test,12.41599,0,success,
2026-03-29T18:39:48.328506+00:00,square__retrofit,square__retrofit,refs/remotes/origin/trunk,29,3a4c159700c0648c9accb089e6d28b7313191d37,Update dependency com.diffplug.spotless:spotless-plugin-gradle to v8.2.1 (#4640),gradle,sh ./gradlew --no-daemon clean :retrofit:jar -x test,12.322932,0,success,
2026-03-29T18:40:03.124089+00:00,square__retrofit,square__retrofit,refs/remotes/origin/trunk,30,3cbc6f7ffce68f1a30309c6145ec01467c386f15,Update dependency starlight-versions to ^0.6.0 (#4639),gradle,sh ./gradlew --no-daemon clean :retrofit:jar -x test,14.77357,0,success,
2026-03-29T18:40:15.490888+00:00,square__retrofit,square__retrofit,refs/remotes/origin/trunk,31,7b25a8f0bfb17c23ffbbf20edd5565c1a27e6dc6,Update dependency @astrojs/starlight to v0.37.4 (#4638),gradle,sh ./gradlew --no-daemon clean :retrofit:jar -x test,12.3444,0,success,
2026-03-29T18:40:27.784784+00:00,square__retrofit,square__retrofit,refs/remotes/origin/trunk,32,87ff8ded2ee8087328757f086799d89746178e8e,Update dependency astro to v5.16.15 (#4636),gradle,sh ./gradlew --no-daemon clean :retrofit:jar -x test,12.26896,0,success,
2026-03-29T18:40:40.211819+00:00,square__retrofit,square__retrofit,refs/remotes/origin/trunk,33,d7cd924391c51081debc4bac5886654419e0f2be,Update dependency com.diffplug.spotless:spotless-plugin-gradle to v8.2.0 (#4637),gradle,sh ./gradlew --no-daemon clean :retrofit:jar -x test,12.393936,0,success,
2026-03-29T18:40:55.184907+00:00,square__retrofit,square__retrofit,refs/remotes/origin/trunk,34,7896bcf9613d6171989d04c08849e3fcee812d82,Update dependency astro to v5.16.12 (#4633),gradle,sh ./gradlew --no-daemon clean :retrofit:jar -x test,14.94992,0,success,
2026-03-29T18:41:07.731314+00:00,square__retrofit,square__retrofit,refs/remotes/origin/trunk,35,88c879aedf8f8d6a3f6a8036f0260b56f0698b4c,Update kotlinx.serialization to v1.10.0 (#4634),gradle,sh ./gradlew --no-daemon clean :retrofit:jar -x test,12.523695,0,success,
2026-03-29T18:41:20.188947+00:00,square__retrofit,square__retrofit,refs/remotes/origin/trunk,36,4b94356f33cad7399294f6337fdfe3f25879f809,Update dependency com.vanniktech:gradle-maven-publish-plugin to v0.36.0 (#4629),gradle,sh ./gradlew --no-daemon clean :retrofit:jar -x test,12.422125,0,success,
2026-03-29T18:41:35.088297+00:00,square__retrofit,square__retrofit,refs/remotes/origin/trunk,37,5f722b613f24c6d1f9144948b22f9a6fbe55a5e3,Update jackson monorepo to v2.21.0 (#4631),gradle,sh ./gradlew --no-daemon clean :retrofit:jar -x test,14.879352,0,success,
2026-03-29T18:41:47.493792+00:00,square__retrofit,square__retrofit,refs/remotes/origin/trunk,38,31d6dc0c66f588f5a2a464b839eb18a5c0a2abd7,Update dependency astro to v5.16.11 (#4627),gradle,sh ./gradlew --no-daemon clean :retrofit:jar -x test,12.384488,0,success,
2026-03-29T18:41:59.944937+00:00,square__retrofit,square__retrofit,refs/remotes/origin/trunk,39,0a408dd64b83b7aeb9b87202bc0803ec62da893c,Update Gradle to v9.3.0 (#4628),gradle,sh ./gradlew --no-daemon clean :retrofit:jar -x test,12.428728,0,success,
2026-03-29T18:42:23.819028+00:00,square__retrofit,square__retrofit,refs/remotes/origin/trunk,40,1aced20fe4a0c1975c539cad761eb07ca0a7d023,Update dependency astro to v5.16.10 (#4626),gradle,sh ./gradlew --no-daemon clean :retrofit:jar -x test,23.849859,0,success,
2026-03-29T18:42:36.303755+00:00,square__retrofit,square__retrofit,refs/remotes/origin/trunk,41,868d39beeb470252a0cde97bd84d6e2a16ea1609,Update dependency com.android.tools.build:gradle to v9.0.0 (#4625),gradle,sh ./gradlew --no-daemon clean :retrofit:jar -x test,12.460518,0,success,
2026-03-29T18:42:56.764668+00:00,square__retrofit,square__retrofit,refs/remotes/origin/trunk,42,204404cc3591c7e2deb558ea341e8f4c7bc4047b,Update dependency @astrojs/starlight to v0.37.3 (#4624),gradle,sh ./gradlew --no-daemon clean :retrofit:jar -x test,20.436036,0,success,
2026-03-29T18:43:09.240265+00:00,square__retrofit,square__retrofit,refs/remotes/origin/trunk,43,81b4317d8a84a077936b40519950f964f8eebec3,Update dependency com.squareup.wire:wire-runtime to v5.5.0 (#4621),gradle,sh ./gradlew --no-daemon clean :retrofit:jar -x test,12.453519,0,success,
2026-03-29T18:43:21.596409+00:00,square__retrofit,square__retrofit,refs/remotes/origin/trunk,44,26a8bb00f8ed1c82bde81444b82b17746a30514a,Update dependency astro to v5.16.9 (#4620),gradle,sh ./gradlew --no-daemon clean :retrofit:jar -x test,12.331218,0,success,
2026-03-29T18:43:33.962233+00:00,square__retrofit,square__retrofit,refs/remotes/origin/trunk,45,15efbc75c5dc590b55995bb967b55c15671188a1,Update dependency net.ltgt.gradle:gradle-errorprone-plugin to v4.4.0 (#4619),gradle,sh ./gradlew --no-daemon clean :retrofit:jar -x test,12.341762,0,success,
2026-03-29T18:43:47.906998+00:00,square__retrofit,square__retrofit,refs/remotes/origin/trunk,46,5b04c6e888261d5c0d795ae62d65a33e37e1b3d9,Update dependency astro to v5.16.8 (#4618),gradle,sh ./gradlew --no-daemon clean :retrofit:jar -x test,13.921617,0,success,
2026-03-29T18:44:00.252035+00:00,square__retrofit,square__retrofit,refs/remotes/origin/trunk,47,65372bb22197715ce88406ac672c3ec9a3ee7325,Update dependency com.android.tools.build:gradle to v9.0.0-rc03 (#4617),gradle,sh ./gradlew --no-daemon clean :retrofit:jar -x test,12.312332,0,success,
2026-03-29T18:44:19.991538+00:00,square__retrofit,square__retrofit,refs/remotes/origin/trunk,48,ae7c1e7d9369cd8e96a67b97b214b38ce1b4a93c,Update dependency astro to v5.16.7 (#4616),gradle,sh ./gradlew --no-daemon clean :retrofit:jar -x test,19.714073,0,success,
2026-03-29T18:44:32.353386+00:00,square__retrofit,square__retrofit,refs/remotes/origin/trunk,49,4dac2e8482066bff33018bcb84b1474a04091db4,Document Jackson converter multi-format support (#4609) (#4613),gradle,sh ./gradlew --no-daemon clean :retrofit:jar -x test,12.33811,0,success,
2026-03-29T18:44:44.636811+00:00,square__retrofit,square__retrofit,refs/remotes/origin/trunk,50,1183c8e9e9289f835f25df0e6543a1a805c9694c,Update dependency @astrojs/starlight to v0.37.2 (#4615),gradle,sh ./gradlew --no-daemon clean :retrofit:jar -x test,12.257129,0,success,
2026-03-29T18:49:45.854571+00:00,testng-team__testng,testng-team__testng,refs/remotes/origin/master,1,88c32ff9d4abc9776b5ee20a820a694ac01c9817,Replace local matrix_builder.js with @vlsi/github-actions-random-matrix npm package,gradle,sh ./gradlew --no-daemon clean assemble -x test -PjdkBuildVersion=21,99.940481,0,success,
2026-03-29T18:50:23.098925+00:00,testng-team__testng,testng-team__testng,refs/remotes/origin/master,2,8d167fb325ecdefa09d877a5b47865ae82518677,Fix: dataProviderClass cache mutation corrupts provider resolution for subclasses (#3263) (#3264),gradle,sh ./gradlew --no-daemon clean assemble -x test -PjdkBuildVersion=21,37.094648,0,success,
2026-03-29T18:50:57.457294+00:00,testng-team__testng,testng-team__testng,refs/remotes/origin/master,3,4c92177dde0b50502c3f3d2de3ab514a23ea0994,Streamline Listener factory invocation (#3256),gradle,sh ./gradlew --no-daemon clean assemble -x test -PjdkBuildVersion=21,34.251621,0,success,
2026-03-29T18:51:31.664142+00:00,testng-team__testng,testng-team__testng,refs/remotes/origin/master,4,1791dc5354d3e8c0522d9c77f16d72433739ff6f,Bumping version for next release,gradle,sh ./gradlew --no-daemon clean assemble -x test -PjdkBuildVersion=21,34.105036,0,success,
2026-03-29T18:52:05.992608+00:00,testng-team__testng,testng-team__testng,refs/remotes/origin/master,5,a21a584326ab0e3f3973cc1b5c1a4d1268f80d20,Fix Release process (#3255),gradle,sh ./gradlew --no-daemon clean assemble -x test -PjdkBuildVersion=21,34.222629,0,success,
2026-03-29T18:53:01.912844+00:00,testng-team__testng,testng-team__testng,refs/remotes/origin/master,6,be97321272b0b52401e5933b703014d39d9d3acf,Fix: issue 3231 retry infinite loop (#3251),gradle,sh ./gradlew --no-daemon clean assemble -x test -PjdkBuildVersion=21,55.8177,0,success,
2026-03-29T18:53:36.872201+00:00,testng-team__testng,testng-team__testng,refs/remotes/origin/master,7,bad4cb5215ab1bd921189ed9d98bf71705df3c26,Improve/test workflow jdk25 (#3253),gradle,sh ./gradlew --no-daemon clean assemble -x test -PjdkBuildVersion=21,34.85084,0,success,
2026-03-29T18:54:11.660999+00:00,testng-team__testng,testng-team__testng,refs/remotes/origin/master,8,61068a1bf4c3d2450c32422a635d474cebd72d11,Fix: Ensure DataProvider parameters are refreshed on retry when cacheDataForTestRetries=false (#3250),gradle,sh ./gradlew --no-daemon clean assemble -x test -PjdkBuildVersion=21,34.683854,0,success,
2026-03-29T18:54:48.988831+00:00,testng-team__testng,testng-team__testng,refs/remotes/origin/master,9,d50b2ad2d6809d52131a07071fe229b1b901e08c,Ensure assertions is contents aware,gradle,sh ./gradlew --no-daemon clean assemble -x test -PjdkBuildVersion=21,37.224057,0,success,
2026-03-29T18:55:26.037692+00:00,testng-team__testng,testng-team__testng,refs/remotes/origin/master,10,02d223d57facaab285ea2baff1dd11ccce223f98,Use a composite key instead of String as key,gradle,sh ./gradlew --no-daemon clean assemble -x test -PjdkBuildVersion=21,36.94087,0,success,
2026-03-29T18:56:00.542402+00:00,testng-team__testng,testng-team__testng,refs/remotes/origin/master,11,58b3824e3eb5366b131e6566e6fea8b50f9bca91,Add DynamicImport-Package to load classes by name,gradle,sh ./gradlew --no-daemon clean assemble -x test -PjdkBuildVersion=21,34.400095,0,success,
2026-03-29T18:56:35.905189+00:00,testng-team__testng,testng-team__testng,refs/remotes/origin/master,12,40cd805bee3e13c5449128ed5cfcf3de41039247,chore: use pax-logging for osgi tests so it does not require runtime bytecode waving for services,gradle,sh ./gradlew --no-daemon clean assemble -x test -PjdkBuildVersion=21,35.255031,0,success,
2026-03-29T18:57:11.368470+00:00,testng-team__testng,testng-team__testng,refs/remotes/origin/master,13,0fdf86897a2d29a95f62b56d01fc36b014573053,chore: setup-java Oracle action supports Java 21+ only,gradle,sh ./gradlew --no-daemon clean assemble -x test -PjdkBuildVersion=21,35.36063,0,success,
2026-03-29T18:57:46.092657+00:00,testng-team__testng,testng-team__testng,refs/remotes/origin/master,14,6a2575482bedfb06ade57bd677f7084cca0a8fa5,test: improve osgi tests,gradle,sh ./gradlew --no-daemon clean assemble -x test -PjdkBuildVersion=21,34.616373,0,success,
2026-03-29T18:58:24.412424+00:00,testng-team__testng,testng-team__testng,refs/remotes/origin/master,15,44b0f230ed3c2ddf79a1a85ac0cfd65a8bd50cc8,Streamline xml serialisation to string,gradle,sh ./gradlew --no-daemon clean assemble -x test -PjdkBuildVersion=21,38.215129,0,success,
2026-03-29T18:58:59.115781+00:00,testng-team__testng,testng-team__testng,refs/remotes/origin/master,16,df04c65b07ab08763e563f5781015b77d00e7948,Streamline working of shared thread pools,gradle,sh ./gradlew --no-daemon clean assemble -x test -PjdkBuildVersion=21,34.59448,0,success,
2026-03-29T18:59:33.769288+00:00,testng-team__testng,testng-team__testng,refs/remotes/origin/master,17,f0e73919bdec2a786983cf0fa250f22b33368249,GITHUB-2765: Propagate timeout stack trace to fix testng-team#2765,gradle,sh ./gradlew --no-daemon clean assemble -x test -PjdkBuildVersion=21,34.548135,0,success,
2026-03-29T19:00:08.592403+00:00,testng-team__testng,testng-team__testng,refs/remotes/origin/master,18,9f44f6e86c6a42b93fb9032a79ada5e09e179a8d,7.11.0 - Post release activities,gradle,sh ./gradlew --no-daemon clean assemble -x test -PjdkBuildVersion=21,34.717762,0,success,
2026-03-29T19:00:43.252050+00:00,testng-team__testng,testng-team__testng,refs/remotes/origin/master,19,b29b5c528e269d9c635b8217bc79d7d7d2ea622a,Use newer build scan plugin,gradle,sh ./gradlew --no-daemon clean assemble -x test -PjdkBuildVersion=21,34.555706,0,success,
2026-03-29T19:01:28.609343+00:00,testng-team__testng,testng-team__testng,refs/remotes/origin/master,20,e162179c22adb9dded461a2a154b3d855262ae95,Merge pull request #3200 from YutingZhang-A/support-to-execlude-somes-test-in-option-of-command-line,gradle,sh ./gradlew --no-daemon clean assemble -x test -PjdkBuildVersion=21,45.249794,0,success,
2026-03-29T19:02:03.368411+00:00,testng-team__testng,testng-team__testng,refs/remotes/origin/master,21,078c1e30ba2efc0b2f947a0d789a3f5796ad4741,"Introduce missing `assertEquals(long, Long, String)` overload",gradle,sh ./gradlew --no-daemon clean assemble -x test -PjdkBuildVersion=21,34.65033,0,success,
2026-03-29T19:02:37.757978+00:00,testng-team__testng,testng-team__testng,refs/remotes/origin/master,22,db6c5a9b0c827046f678d395b5178d55ac2a6d10,Update Gradle Wrapper from 8.10.2 to 8.11.1,gradle,sh ./gradlew --no-daemon clean assemble -x test -PjdkBuildVersion=21,34.290678,0,success,
2026-03-29T19:04:24.914370+00:00,testng-team__testng,testng-team__testng,refs/remotes/origin/master,23,0dc89ba7b59b9c5d6bc00164cb24121785b8dfae,update slf4j from 1.7.36 to 2.0.16,gradle,sh ./gradlew --no-daemon clean assemble -x test -PjdkBuildVersion=21,107.056594,0,success,
2026-03-29T19:05:01.307917+00:00,testng-team__testng,testng-team__testng,refs/remotes/origin/master,24,3b79840c415f700a7bad9eeac17d996803cb2d85,Fix for #3189 - fixed ignored testcases count (#3190),gradle,sh ./gradlew --no-daemon clean assemble -x test -PjdkBuildVersion=21,36.292289,0,success,
2026-03-29T19:05:36.145281+00:00,testng-team__testng,testng-team__testng,refs/remotes/origin/master,25,7c80f4c7a68a2bfeb237ebb848b7c4379f083df7,Merge pull request #3185 from testng-team/dependabot/github_actions/github/combine-prs-5.2.0,gradle,sh ./gradlew --no-daemon clean assemble -x test -PjdkBuildVersion=21,34.740541,0,success,
2026-03-29T19:06:11.156130+00:00,testng-team__testng,testng-team__testng,refs/remotes/origin/master,26,a126c4a7ac76879c098a26616c7c614784ad3cad,Streamline invocation numbers in failed xml file,gradle,sh ./gradlew --no-daemon clean assemble -x test -PjdkBuildVersion=21,34.9027,0,success,
2026-03-29T19:06:46.339089+00:00,testng-team__testng,testng-team__testng,refs/remotes/origin/master,27,f78cdbda5d2a3fb9f4ff530f8bc70b76688e4aae,Merge pull request #3175 from testng-team/dependabot/github_actions/gradle-update/update-gradle-wrapper-action-2,gradle,sh ./gradlew --no-daemon clean assemble -x test -PjdkBuildVersion=21,35.074096,0,success,
2026-03-29T19:07:21.632789+00:00,testng-team__testng,testng-team__testng,refs/remotes/origin/master,28,69d731ad69b47d6da215ecfd89adb6934f811027,Merge pull request #3176 from testng-team/dependabot/github_actions/oracle-actions/setup-java-1.4.0,gradle,sh ./gradlew --no-daemon clean assemble -x test -PjdkBuildVersion=21,35.18336,0,success,
2026-03-29T19:07:56.923855+00:00,testng-team__testng,testng-team__testng,refs/remotes/origin/master,29,d22a24560fe8eb6bf960552a4f48f5612b0671b3,Merge pull request #3178 from testng-team/gradlew-update-8.10.2,gradle,sh ./gradlew --no-daemon clean assemble -x test -PjdkBuildVersion=21,35.18371,0,success,
2026-03-29T19:09:09.060434+00:00,testng-team__testng,testng-team__testng,refs/remotes/origin/master,30,e1ff4d97dab4232953d10662a98030cac420c9b2,Merge pull request #3174 from testng-team/gradlew-update-8.10.1,gradle,sh ./gradlew --no-daemon clean assemble -x test -PjdkBuildVersion=21,72.030535,0,success,
2026-03-29T19:10:31.688405+00:00,testng-team__testng,testng-team__testng,refs/remotes/origin/master,31,f55ca8e6d0f1f21f3ce9012372933e78897f81eb,Specifying dataProvider & successPercentage causes test to always pass,gradle,sh ./gradlew --no-daemon clean assemble -x test -PjdkBuildVersion=21,82.524362,0,success,
2026-03-29T19:11:06.828736+00:00,testng-team__testng,testng-team__testng,refs/remotes/origin/master,32,c9ec222d44e429b453c525179873421ece36f6cb,Merge pull request #3168 from testng-team/dependabot/github_actions/burrunan/gradle-cache-action-2,gradle,sh ./gradlew --no-daemon clean assemble -x test -PjdkBuildVersion=21,35.038786,0,success,
2026-03-29T19:11:41.590482+00:00,testng-team__testng,testng-team__testng,refs/remotes/origin/master,33,2c70941914089fa6733cda529d123a5745b3f56e,Merge pull request #3151 from testng-team/dependabot/github_actions/github/combine-prs-5.1.0,gradle,sh ./gradlew --no-daemon clean assemble -x test -PjdkBuildVersion=21,34.65279,0,success,
2026-03-29T19:12:16.238845+00:00,testng-team__testng,testng-team__testng,refs/remotes/origin/master,34,8771fddfcf1cbece58dc0db12b6a3e585eb22a19,Fix assertEqualsDeep wrong comparison and add method without message (refs #3140),gradle,sh ./gradlew --no-daemon clean assemble -x test -PjdkBuildVersion=21,34.54747,0,success,
2026-03-29T19:12:50.735616+00:00,testng-team__testng,testng-team__testng,refs/remotes/origin/master,35,d1a96afa3a20db41f85f52a9bf0121293c8a0176,Merge pull request #3149 from testng-team/gradlew-update-8.9,gradle,sh ./gradlew --no-daemon clean assemble -x test -PjdkBuildVersion=21,34.385837,0,success,
2026-03-29T19:14:09.363211+00:00,testng-team__testng,testng-team__testng,refs/remotes/origin/master,36,9f15aad5489902d816d25c6c54be37dfbc61aad9,Fix javadoc for internal/Utils.java (#3148),gradle,sh ./gradlew --no-daemon clean assemble -x test -PjdkBuildVersion=21,78.519895,0,success,
2026-03-29T19:14:44.506942+00:00,testng-team__testng,testng-team__testng,refs/remotes/origin/master,37,0f779fe8a565d5e1024f34bc49e8a1c3df1ed8a7,Merge pull request #3137 from Philzen/patch-1,gradle,sh ./gradlew --no-daemon clean assemble -x test -PjdkBuildVersion=21,35.042594,0,success,
2026-03-29T19:15:19.535117+00:00,testng-team__testng,testng-team__testng,refs/remotes/origin/master,38,e0a7d5f4f4a8b03aaf87668f031917431aaed209,Merge pull request #3136 from zAlbee/array-assert-equals-message,gradle,sh ./gradlew --no-daemon clean assemble -x test -PjdkBuildVersion=21,34.92991,0,success,
2026-03-29T19:15:54.260171+00:00,testng-team__testng,testng-team__testng,refs/remotes/origin/master,39,b7d35d6a6ec0a105b2f0886be52ab828f9617bed,Merge pull request #3132 from testng-team/gradlew-update-8.8,gradle,sh ./gradlew --no-daemon clean assemble -x test -PjdkBuildVersion=21,34.619903,0,success,
2026-03-29T19:17:11.986939+00:00,testng-team__testng,testng-team__testng,refs/remotes/origin/master,40,24954fa228625250797e83c8a2fb051c797c3f35,Update JCommander to 1.83,gradle,sh ./gradlew --no-daemon clean assemble -x test -PjdkBuildVersion=21,77.615993,0,success,
2026-03-29T19:17:48.491293+00:00,testng-team__testng,testng-team__testng,refs/remotes/origin/master,41,067b35f336c868237ca559711328036862e77571,Report deadlocks when running in sharedthreadpool,gradle,sh ./gradlew --no-daemon clean assemble -x test -PjdkBuildVersion=21,36.404523,0,success,
2026-03-29T19:18:22.644248+00:00,testng-team__testng,testng-team__testng,refs/remotes/origin/master,42,43af2cf3232a871c22f48f3c83f1e1fc982f2ebf,Back to 7.11.0-SNAPSHOT,gradle,sh ./gradlew --no-daemon clean assemble -x test -PjdkBuildVersion=21,34.052189,0,success,
2026-03-29T19:18:56.646521+00:00,testng-team__testng,testng-team__testng,refs/remotes/origin/master,43,9665805ac267d8016fdcededd855d4b5fa1e588d,Release preparation for bugfix v7.10.2,gradle,sh ./gradlew --no-daemon clean assemble -x test -PjdkBuildVersion=21,33.899945,0,success,
2026-03-29T19:19:30.780242+00:00,testng-team__testng,testng-team__testng,refs/remotes/origin/master,44,be199b4aa6b1010a00de48593295764b7884a272,Streaming working of listener comparator,gradle,sh ./gradlew --no-daemon clean assemble -x test -PjdkBuildVersion=21,34.033551,0,success,
2026-03-29T19:20:04.751107+00:00,testng-team__testng,testng-team__testng,refs/remotes/origin/master,45,fe24aa290a5d6e9a2968ac2ee770091e40db19c4,Merge pull request #3113 from testng-team/dependabot/github_actions/gradle/wrapper-validation-action-3.3.0,gradle,sh ./gradlew --no-daemon clean assemble -x test -PjdkBuildVersion=21,33.862229,0,success,
2026-03-29T19:20:39.095941+00:00,testng-team__testng,testng-team__testng,refs/remotes/origin/master,46,249ea08bc0d6c0ed6280d68cea660aa0c46b4152,Next Release snapshots,gradle,sh ./gradlew --no-daemon clean assemble -x test -PjdkBuildVersion=21,34.23553,0,success,
2026-03-29T19:21:13.288636+00:00,testng-team__testng,testng-team__testng,refs/remotes/origin/master,47,5eac7fab73c0387f30ca8672208fdb06706d0ee8,Restore deprecated API that was erroneously deleted.,gradle,sh ./gradlew --no-daemon clean assemble -x test -PjdkBuildVersion=21,34.085247,0,success,
2026-03-29T19:21:47.212448+00:00,testng-team__testng,testng-team__testng,refs/remotes/origin/master,48,0ab2adedb72119eef6da2da25c28d43c4d5caee1,Merge pull request #3108 from testng-team/dependabot/gradle/org.gradlex.build-parameters-1.4.4,gradle,sh ./gradlew --no-daemon clean assemble -x test -PjdkBuildVersion=21,33.816225,0,success,
2026-03-29T19:22:27.436303+00:00,testng-team__testng,testng-team__testng,refs/remotes/origin/master,49,2d76555e1408270f4dc2f635faad222337cbc070,7.10.0 post release activities,gradle,sh ./gradlew --no-daemon clean assemble -x test -PjdkBuildVersion=21,40.117952,0,success,
2026-03-29T19:23:01.594163+00:00,testng-team__testng,testng-team__testng,refs/remotes/origin/master,50,05d629d4aa35f99d370a7250927c06233ab02dac,Streamline dependencies for configurations,gradle,sh ./gradlew --no-daemon clean assemble -x test -PjdkBuildVersion=21,34.051972,0,success,
