case;bin;src;message;roseau_bin;roseau_src;correct_roseau_bin;correct_roseau_src;roseau_input_tokens;roseau_output_tokens;roseau_request_time;roseau_message;japicmp_bin;japicmp_src;correct_japicmp_bin;correct_japicmp_src;japicmp_input_tokens;japicmp_output_tokens;japicmp_request_time;japicmp_message;revapi_bin;revapi_src;correct_revapi_bin;correct_revapi_src;revapi_input_tokens;revapi_output_tokens;revapi_request_time;revapi_message
dataTypeClazzMethodParamUnboxing;true;false;Linker: Exception in thread "main" java.lang.NoSuchMethodError: 'void testing_lib.dataTypeClazzMethodParamUnboxing.DataTypeClazzMethodParamUnboxing.method1(java.lang.Integer)';true;true;true;false;0;0;0.000000;EXECUTABLE_REMOVED;true;true;true;false;0;0;0.000000;JApiCompatibilityChange{type=METHOD_REMOVED}, JApiCompatibilityChange{type=METHOD_ADDED_TO_PUBLIC_CLASS};true;true;true;false;0;0;0.000000;parameter type changed
dataTypeClazzMethodReturnTypeNarrowing;true;false;Linker: Exception in thread "main" java.lang.NoSuchMethodError: 'double testing_lib.dataTypeClazzMethodReturnTypeNarrowing.DataTypeClazzMethodReturnTypeNarrowing.method()';true;true;true;false;0;0;0.000000;METHOD_RETURN_TYPE_ERASURE_CHANGED, METHOD_RETURN_TYPE_CHANGED_INCOMPATIBLE;true;true;true;false;0;0;0.000000;JApiCompatibilityChange{type=METHOD_RETURN_TYPE_CHANGED};true;true;true;false;0;0;0.000000;return type changed
dataTypeClazzMethodParamWidening;true;false;Linker: Exception in thread "main" java.lang.NoSuchMethodError: 'void testing_lib.dataTypeClazzMethodParamWidening.DataTypeClazzMethodParamWidening.method1(int)';true;true;true;false;0;0;0.000000;EXECUTABLE_REMOVED;true;true;true;false;0;0;0.000000;JApiCompatibilityChange{type=METHOD_REMOVED}, JApiCompatibilityChange{type=METHOD_ADDED_TO_PUBLIC_CLASS};true;true;true;false;0;0;0.000000;parameter type changed
dataTypeClazzMethodReturnTypeSpecialization;true;false;Linker: Exception in thread "main" java.lang.NoSuchMethodError: 'java.lang.Number testing_lib.dataTypeClazzMethodReturnTypeSpecialization.DataTypeClazzMethodReturnTypeSpecialization.method()';true;true;true;false;0;0;0.000000;METHOD_RETURN_TYPE_ERASURE_CHANGED, METHOD_RETURN_TYPE_CHANGED_INCOMPATIBLE;true;true;true;false;0;0;0.000000;JApiCompatibilityChange{type=METHOD_RETURN_TYPE_CHANGED};true;false;true;true;0;0;0.000000;return type changed covariantly
dataTypeClazzMethodReturnTypeBoxing;true;false;Linker: Exception in thread "main" java.lang.NoSuchMethodError: 'int testing_lib.dataTypeClazzMethodReturnTypeBoxing.DataTypeClazzMethodReturnTypeBoxing.method()';true;true;true;false;0;0;0.000000;METHOD_RETURN_TYPE_ERASURE_CHANGED, METHOD_RETURN_TYPE_CHANGED_INCOMPATIBLE;true;true;true;false;0;0;0.000000;JApiCompatibilityChange{type=METHOD_RETURN_TYPE_CHANGED};true;true;true;false;0;0;0.000000;return type changed
dataTypeClazzMethodReturnTypeUnboxing;true;false;Linker: Exception in thread "main" java.lang.NoSuchMethodError: 'java.lang.Integer testing_lib.dataTypeClazzMethodReturnTypeUnboxing.DataTypeClazzMethodReturnTypeUnboxing.method()';true;true;true;false;0;0;0.000000;METHOD_RETURN_TYPE_ERASURE_CHANGED, METHOD_RETURN_TYPE_CHANGED_INCOMPATIBLE;true;true;true;false;0;0;0.000000;JApiCompatibilityChange{type=METHOD_RETURN_TYPE_CHANGED};true;true;true;false;0;0;0.000000;return type changed
dataTypeClazzMethodReturnTypeGeneralization;true;true;Compiler: compiler.err.prob.found.reqLinker: Exception in thread "main" java.lang.NoSuchMethodError: 'java.lang.Integer testing_lib.dataTypeClazzMethodReturnTypeGeneralization.DataTypeClazzMethodReturnTypeGeneralization.method()';true;true;true;true;0;0;0.000000;METHOD_RETURN_TYPE_ERASURE_CHANGED, METHOD_RETURN_TYPE_CHANGED_INCOMPATIBLE;true;true;true;true;0;0;0.000000;JApiCompatibilityChange{type=METHOD_RETURN_TYPE_CHANGED};true;true;true;true;0;0;0.000000;return type changed
dataTypeClazzMethodReturnTypeWidening;true;true;Compiler: compiler.err.prob.found.reqLinker: Exception in thread "main" java.lang.NoSuchMethodError: 'int testing_lib.dataTypeClazzMethodReturnTypeWidening.DataTypeClazzMethodReturnTypeWidening.method()';true;true;true;true;0;0;0.000000;METHOD_RETURN_TYPE_ERASURE_CHANGED, METHOD_RETURN_TYPE_CHANGED_INCOMPATIBLE;true;true;true;true;0;0;0.000000;JApiCompatibilityChange{type=METHOD_RETURN_TYPE_CHANGED};true;true;true;true;0;0;0.000000;return type changed
dataTypeClazzMethodReturnTypeMutation;true;true;Compiler: compiler.err.prob.found.reqLinker: Exception in thread "main" java.lang.NoSuchMethodError: 'java.lang.Integer testing_lib.dataTypeClazzMethodReturnTypeMutation.DataTypeClazzMethodReturnTypeMutation.method()';true;true;true;true;0;0;0.000000;METHOD_RETURN_TYPE_ERASURE_CHANGED, METHOD_RETURN_TYPE_CHANGED_INCOMPATIBLE;true;true;true;true;0;0;0.000000;JApiCompatibilityChange{type=METHOD_RETURN_TYPE_CHANGED};true;true;true;true;0;0;0.000000;return type changed
dataTypeIfazeConstantBoxing;false;false;;false;false;true;true;0;0;0.000000;;false;false;true;true;0;0;0.000000;;false;false;true;true;0;0;0.000000;
dataTypeIfazeConstantGeneralization;true;true;Compiler: compiler.err.prob.found.reqLinker: Exception in thread "main" java.lang.NoSuchFieldError: Class testing_lib.dataTypeIfazeConstantGeneralization.DataTypeIfazeConstantGeneralization does not have member field 'java.lang.Integer FIELD1';true;true;true;true;0;0;0.000000;FIELD_TYPE_ERASURE_CHANGED, FIELD_TYPE_CHANGED_INCOMPATIBLE;true;true;true;true;0;0;0.000000;JApiCompatibilityChange{type=FIELD_TYPE_CHANGED};true;true;true;true;0;0;0.000000;field type changed
genericsClazzMethodTypeAddSecond;false;true;Compiler: compiler.err.cant.apply.symbol.noargs, compiler.err.name.clash.same.erasure.no.override, compiler.err.method.does.not.override.superclass;false;true;true;true;0;0;0.000000;FORMAL_TYPE_PARAMETER_ADDED;false;true;true;true;0;0;0.000000;JApiCompatibilityChange{type=CLASS_GENERIC_TEMPLATE_CHANGED};false;true;true;true;0;0;0.000000;formal type parameter added
dataTypeIfazeConstantMutation;true;true;Compiler: compiler.err.prob.found.reqLinker: Exception in thread "main" java.lang.NoSuchFieldError: Class testing_lib.dataTypeIfazeConstantMutation.DataTypeIfazeConstantMutation does not have member field 'java.lang.Integer FIELD1';true;true;true;true;0;0;0.000000;FIELD_TYPE_ERASURE_CHANGED, FIELD_TYPE_CHANGED_INCOMPATIBLE;true;true;true;true;0;0;0.000000;JApiCompatibilityChange{type=FIELD_TYPE_CHANGED};true;true;true;true;0;0;0.000000;field now constant, field type changed
genericsClazzMethodTypeBoundsAddN;false;true;Compiler: compiler.err.cant.apply.symbol.noargs, compiler.err.name.clash.same.erasure.no.override, compiler.err.method.does.not.override.superclass;false;true;true;true;0;0;0.000000;FORMAL_TYPE_PARAMETER_CHANGED;false;true;true;true;0;0;0.000000;JApiCompatibilityChange{type=CLASS_GENERIC_TEMPLATE_CHANGED};false;true;true;true;0;0;0.000000;formal type parameter changed
dataTypeIfazeConstantNarrowing;false;false;;false;true;true;false;0;0;0.000000;FIELD_TYPE_CHANGED_INCOMPATIBLE;true;true;false;false;0;0;0.000000;JApiCompatibilityChange{type=FIELD_TYPE_CHANGED};true;true;false;false;0;0;0.000000;constant field changed value, field type changed
genericsClazzMethodTypeBoundsAddSecond;false;true;Compiler: compiler.err.cant.apply.symbol.noargs, compiler.err.name.clash.same.erasure.no.override, compiler.err.method.does.not.override.superclass;false;true;true;true;0;0;0.000000;FORMAL_TYPE_PARAMETER_CHANGED;false;false;true;false;0;0;0.000000;;false;true;true;true;0;0;0.000000;formal type parameter changed
dataTypeIfazeConstantSpecialization;true;false;Linker: Exception in thread "main" java.lang.NoSuchFieldError: Class testing_lib.dataTypeIfazeConstantSpecialization.DataTypeIfazeConstantSpecialization does not have member field 'java.lang.Number FIELD1';true;false;true;true;0;0;0.000000;FIELD_TYPE_ERASURE_CHANGED;true;true;true;false;0;0;0.000000;JApiCompatibilityChange{type=FIELD_TYPE_CHANGED};true;true;true;false;0;0;0.000000;field type changed
genericsClazzMethodTypeBoundsDeleteN;false;true;Compiler: compiler.err.name.clash.same.erasure.no.override, compiler.err.method.does.not.override.superclass;false;true;true;true;0;0;0.000000;FORMAL_TYPE_PARAMETER_CHANGED;false;true;true;true;0;0;0.000000;JApiCompatibilityChange{type=CLASS_GENERIC_TEMPLATE_CHANGED};false;true;true;true;0;0;0.000000;formal type parameter changed
genericsClazzMethodTypeBoundsDeleteSecond;false;true;Compiler: compiler.err.name.clash.same.erasure.no.override, compiler.err.method.does.not.override.superclass;false;true;true;true;0;0;0.000000;FORMAL_TYPE_PARAMETER_CHANGED;false;false;true;false;0;0;0.000000;;false;true;true;true;0;0;0.000000;formal type parameter changed
dataTypeIfazeConstantUnboxing;true;false;Linker: Exception in thread "main" java.lang.NoSuchFieldError: Class testing_lib.dataTypeIfazeConstantUnboxing.DataTypeIfazeConstantUnboxing does not have member field 'java.lang.Integer FIELD1';true;false;true;true;0;0;0.000000;FIELD_TYPE_ERASURE_CHANGED;true;true;true;false;0;0;0.000000;JApiCompatibilityChange{type=FIELD_TYPE_CHANGED};true;true;true;false;0;0;0.000000;field now constant, field type changed
dataTypeIfazeConstantWidening;false;true;Compiler: compiler.err.prob.found.req;false;true;true;true;0;0;0.000000;FIELD_TYPE_CHANGED_INCOMPATIBLE;true;true;false;true;0;0;0.000000;JApiCompatibilityChange{type=FIELD_TYPE_CHANGED};true;true;false;true;0;0;0.000000;constant field changed value, field type changed
genericsClazzMethodTypeBoundsGeneralization;false;true;Compiler: compiler.err.name.clash.same.erasure.no.override, compiler.err.method.does.not.override.superclass;false;true;true;true;0;0;0.000000;FORMAL_TYPE_PARAMETER_CHANGED;false;true;true;true;0;0;0.000000;JApiCompatibilityChange{type=CLASS_GENERIC_TEMPLATE_CHANGED};false;true;true;true;0;0;0.000000;formal type parameter changed
dataTypeIfazeMethodParamSpecialization;true;true;Compiler: compiler.err.does.not.override.abstract, compiler.err.method.does.not.override.superclassLinker: Exception in thread "main" java.lang.NoSuchMethodError: 'void testing_lib.dataTypeIfazeMethodParamSpecialization.DataTypeIfazeMethodParamSpecialization.method1(java.lang.Number)';true;true;true;true;0;0;0.000000;TYPE_NEW_ABSTRACT_METHOD, EXECUTABLE_REMOVED;true;true;true;true;0;0;0.000000;JApiCompatibilityChange{type=METHOD_REMOVED}, JApiCompatibilityChange{type=METHOD_ADDED_TO_INTERFACE};true;true;true;true;0;0;0.000000;parameter type changed
dataTypeIfazeMethodParamBoxing;true;true;Compiler: compiler.err.does.not.override.abstract, compiler.err.method.does.not.override.superclassLinker: Exception in thread "main" java.lang.NoSuchMethodError: 'void testing_lib.dataTypeIfazeMethodParamBoxing.DataTypeIfazeMethodParamBoxing.method1(int)';true;true;true;true;0;0;0.000000;TYPE_NEW_ABSTRACT_METHOD, EXECUTABLE_REMOVED;true;true;true;true;0;0;0.000000;JApiCompatibilityChange{type=METHOD_REMOVED}, JApiCompatibilityChange{type=METHOD_ADDED_TO_INTERFACE};true;true;true;true;0;0;0.000000;parameter type changed
genericsClazzMethodTypeBoundsMutation;false;true;Compiler: compiler.err.cant.apply.symbol.noargs, compiler.err.name.clash.same.erasure.no.override, compiler.err.method.does.not.override.superclass;false;true;true;true;0;0;0.000000;FORMAL_TYPE_PARAMETER_CHANGED;false;true;true;true;0;0;0.000000;JApiCompatibilityChange{type=CLASS_GENERIC_TEMPLATE_CHANGED};false;true;true;true;0;0;0.000000;formal type parameter changed
dataTypeIfazeMethodParamUnboxing;true;true;Compiler: compiler.err.does.not.override.abstract, compiler.err.method.does.not.override.superclassLinker: Exception in thread "main" java.lang.NoSuchMethodError: 'void testing_lib.dataTypeIfazeMethodParamUnboxing.DataTypeIfazeMethodParamUnboxing.method1(java.lang.Integer)';true;true;true;true;0;0;0.000000;TYPE_NEW_ABSTRACT_METHOD, EXECUTABLE_REMOVED;true;true;true;true;0;0;0.000000;JApiCompatibilityChange{type=METHOD_REMOVED}, JApiCompatibilityChange{type=METHOD_ADDED_TO_INTERFACE};true;true;true;true;0;0;0.000000;parameter type changed
dataTypeIfazeMethodParamGeneralization;true;true;Compiler: compiler.err.does.not.override.abstract, compiler.err.method.does.not.override.superclassLinker: Exception in thread "main" java.lang.NoSuchMethodError: 'void testing_lib.dataTypeIfazeMethodParamGeneralization.DataTypeIfazeMethodParamGeneralization.method1(java.lang.Integer)';true;true;true;true;0;0;0.000000;TYPE_NEW_ABSTRACT_METHOD, EXECUTABLE_REMOVED;true;true;true;true;0;0;0.000000;JApiCompatibilityChange{type=METHOD_REMOVED}, JApiCompatibilityChange{type=METHOD_ADDED_TO_INTERFACE};true;true;true;true;0;0;0.000000;parameter type changed
genericsClazzMethodTypeBoundsSpecialization;false;true;Compiler: compiler.err.cant.apply.symbol.noargs, compiler.err.name.clash.same.erasure.no.override, compiler.err.method.does.not.override.superclass;false;true;true;true;0;0;0.000000;FORMAL_TYPE_PARAMETER_CHANGED;false;true;true;true;0;0;0.000000;JApiCompatibilityChange{type=CLASS_GENERIC_TEMPLATE_CHANGED};false;true;true;true;0;0;0.000000;formal type parameter changed
dataTypeIfazeMethodParamWidening;true;true;Compiler: compiler.err.does.not.override.abstract, compiler.err.method.does.not.override.superclassLinker: Exception in thread "main" java.lang.NoSuchMethodError: 'void testing_lib.dataTypeIfazeMethodParamWidening.DataTypeIfazeMethodParamWidening.method1(int)';true;true;true;true;0;0;0.000000;TYPE_NEW_ABSTRACT_METHOD, EXECUTABLE_REMOVED;true;true;true;true;0;0;0.000000;JApiCompatibilityChange{type=METHOD_REMOVED}, JApiCompatibilityChange{type=METHOD_ADDED_TO_INTERFACE};true;true;true;true;0;0;0.000000;parameter type changed
dataTypeIfazeMethodParamMutation;true;true;Compiler: compiler.err.does.not.override.abstract, compiler.err.method.does.not.override.superclass, compiler.err.prob.found.reqLinker: Exception in thread "main" java.lang.NoSuchMethodError: 'void testing_lib.dataTypeIfazeMethodParamMutation.DataTypeIfazeMethodParamMutation.method1(java.lang.Integer)';true;true;true;true;0;0;0.000000;TYPE_NEW_ABSTRACT_METHOD, EXECUTABLE_REMOVED;true;true;true;true;0;0;0.000000;JApiCompatibilityChange{type=METHOD_REMOVED}, JApiCompatibilityChange{type=METHOD_ADDED_TO_INTERFACE};true;true;true;true;0;0;0.000000;parameter type changed
genericsClazzMethodTypeDeleteN;false;true;Compiler: compiler.err.name.clash.same.erasure.no.override, compiler.err.method.does.not.override.superclass;false;true;true;true;0;0;0.000000;FORMAL_TYPE_PARAMETER_REMOVED;false;true;true;true;0;0;0.000000;JApiCompatibilityChange{type=CLASS_GENERIC_TEMPLATE_CHANGED};false;true;true;true;0;0;0.000000;formal type parameter removed
dataTypeIfazeMethodReturnTypeBoxing;true;true;Compiler: compiler.err.does.not.override.abstract, compiler.err.override.incompatible.ret, compiler.err.method.does.not.override.superclassLinker: Exception in thread "main" java.lang.NoSuchMethodError: 'int testing_lib.dataTypeIfazeMethodReturnTypeBoxing.DataTypeIfazeMethodReturnTypeBoxing.method1()';true;true;true;true;0;0;0.000000;METHOD_RETURN_TYPE_ERASURE_CHANGED, METHOD_RETURN_TYPE_CHANGED_INCOMPATIBLE;true;true;true;true;0;0;0.000000;JApiCompatibilityChange{type=METHOD_RETURN_TYPE_CHANGED};true;true;true;true;0;0;0.000000;return type changed
dataTypeIfazeMethodParamNarrowing;true;true;Compiler: compiler.err.does.not.override.abstract, compiler.err.method.does.not.override.superclassLinker: Exception in thread "main" java.lang.NoSuchMethodError: 'void testing_lib.dataTypeIfazeMethodParamNarrowing.DataTypeIfazeMethodParamNarrowing.method1(double)';true;true;true;true;0;0;0.000000;TYPE_NEW_ABSTRACT_METHOD, EXECUTABLE_REMOVED;true;true;true;true;0;0;0.000000;JApiCompatibilityChange{type=METHOD_REMOVED}, JApiCompatibilityChange{type=METHOD_ADDED_TO_INTERFACE};true;true;true;true;0;0;0.000000;parameter type changed
genericsClazzTypeBoundsAddSecond;false;true;Compiler: compiler.err.not.within.bounds, compiler.err.not.within.bounds;false;true;true;true;0;0;0.000000;FORMAL_TYPE_PARAMETER_CHANGED;false;false;true;false;0;0;0.000000;;false;true;true;true;0;0;0.000000;formal type parameter changed
dataTypeIfazeMethodReturnTypeGeneralization;true;true;Compiler: compiler.err.prob.found.reqLinker: Exception in thread "main" java.lang.NoSuchMethodError: 'java.lang.Integer testing_lib.dataTypeIfazeMethodReturnTypeGeneralization.DataTypeIfazeMethodReturnTypeGeneralization.method1()';true;true;true;true;0;0;0.000000;METHOD_RETURN_TYPE_ERASURE_CHANGED, METHOD_RETURN_TYPE_CHANGED_INCOMPATIBLE;true;true;true;true;0;0;0.000000;JApiCompatibilityChange{type=METHOD_RETURN_TYPE_CHANGED};true;true;true;true;0;0;0.000000;return type changed
dataTypeIfazeMethodReturnTypeMutation;true;true;Compiler: compiler.err.does.not.override.abstract, compiler.err.override.incompatible.ret, compiler.err.override.incompatible.ret, compiler.err.override.incompatible.ret, compiler.err.method.does.not.override.superclass, compiler.err.method.does.not.override.superclass, compiler.err.method.does.not.override.superclass, compiler.err.prob.found.req, compiler.err.prob.found.reqLinker: Exception in thread "main" java.lang.NoSuchMethodError: 'java.lang.Integer testing_lib.dataTypeIfazeMethodReturnTypeMutation.DataTypeIfazeMethodReturnTypeMutation.methodIntegerToString()';true;true;true;true;0;0;0.000000;METHOD_RETURN_TYPE_ERASURE_CHANGED, METHOD_RETURN_TYPE_CHANGED_INCOMPATIBLE, METHOD_RETURN_TYPE_ERASURE_CHANGED, METHOD_RETURN_TYPE_CHANGED_INCOMPATIBLE, METHOD_RETURN_TYPE_ERASURE_CHANGED, METHOD_RETURN_TYPE_CHANGED_INCOMPATIBLE;true;true;true;true;0;0;0.000000;JApiCompatibilityChange{type=METHOD_RETURN_TYPE_CHANGED}, JApiCompatibilityChange{type=METHOD_RETURN_TYPE_CHANGED}, JApiCompatibilityChange{type=METHOD_RETURN_TYPE_CHANGED};true;true;true;true;0;0;0.000000;return type changed, return type changed, return type changed
genericsWildcardsClazzConstructorParamLowerBoundsMutation;false;true;Compiler: compiler.err.prob.found.req;false;true;true;true;0;0;0.000000;EXECUTABLE_PARAMETER_GENERICS_CHANGED;false;false;true;false;0;0;0.000000;;false;true;true;true;0;0;0.000000;type parameter of method parameter changed
genericsClazzTypeBoundsDeleteN;false;false;;false;false;true;true;0;0;0.000000;;false;true;true;false;0;0;0.000000;JApiCompatibilityChange{type=CLASS_GENERIC_TEMPLATE_CHANGED};false;true;true;false;0;0;0.000000;formal type parameter changed
modifierMethodAbstractToNonAbstract;false;false;;false;false;true;true;0;0;0.000000;;false;false;true;true;0;0;0.000000;;false;false;true;true;0;0;0.000000;Method no longer abstract
dataTypeIfazeMethodReturnTypeNarrowing;true;true;Compiler: compiler.err.does.not.override.abstract, compiler.err.override.incompatible.ret, compiler.err.method.does.not.override.superclassLinker: Exception in thread "main" java.lang.NoSuchMethodError: 'double testing_lib.dataTypeIfazeMethodReturnTypeNarrowing.DataTypeIfazeMethodReturnTypeNarrowing.method1()';true;true;true;true;0;0;0.000000;METHOD_RETURN_TYPE_ERASURE_CHANGED, METHOD_RETURN_TYPE_CHANGED_INCOMPATIBLE;true;true;true;true;0;0;0.000000;JApiCompatibilityChange{type=METHOD_RETURN_TYPE_CHANGED};true;true;true;true;0;0;0.000000;return type changed
genericsWildcardsClazzConstructorParamLowerBoundsSpecialization;false;false;;false;false;true;true;0;0;0.000000;;false;false;true;true;0;0;0.000000;;false;true;true;false;0;0;0.000000;type parameter of method parameter changed
modifierMethodFinalToNonFinal;false;false;;false;false;true;true;0;0;0.000000;;false;false;true;true;0;0;0.000000;;false;false;true;true;0;0;0.000000;method no longer final
genericsClazzTypeBoundsDeleteSecond;false;false;;false;false;true;true;0;0;0.000000;;false;false;true;true;0;0;0.000000;;false;true;true;false;0;0;0.000000;formal type parameter changed
dataTypeIfazeMethodReturnTypeSpecialization;true;true;Compiler: compiler.err.does.not.override.abstract, compiler.err.override.incompatible.ret, compiler.err.method.does.not.override.superclassLinker: Exception in thread "main" java.lang.NoSuchMethodError: 'java.lang.Number testing_lib.dataTypeIfazeMethodReturnTypeSpecialization.DataTypeIfazeMethodReturnTypeSpecialization.method1()';true;true;true;true;0;0;0.000000;METHOD_RETURN_TYPE_ERASURE_CHANGED, METHOD_RETURN_TYPE_CHANGED_INCOMPATIBLE;true;true;true;true;0;0;0.000000;JApiCompatibilityChange{type=METHOD_RETURN_TYPE_CHANGED};true;false;true;false;0;0;0.000000;return type changed covariantly
genericsWildcardsClazzConstructorParamLowerBoundsToUpperBounds;false;true;Compiler: compiler.err.prob.found.req;false;true;true;true;0;0;0.000000;EXECUTABLE_PARAMETER_GENERICS_CHANGED;false;false;true;false;0;0;0.000000;;false;true;true;true;0;0;0.000000;type parameter of method parameter changed
genericsClazzTypeBoundsGeneralization;false;false;;false;false;true;true;0;0;0.000000;;false;true;true;false;0;0;0.000000;JApiCompatibilityChange{type=CLASS_GENERIC_TEMPLATE_CHANGED};false;true;true;false;0;0;0.000000;formal type parameter changed
modifierMethodNativeToNonNative;false;false;;false;false;true;true;0;0;0.000000;;false;false;true;true;0;0;0.000000;;false;false;true;true;0;0;0.000000;
dataTypeIfazeMethodReturnTypeUnboxing;true;true;Compiler: compiler.err.does.not.override.abstract, compiler.err.override.incompatible.ret, compiler.err.method.does.not.override.superclassLinker: Exception in thread "main" java.lang.NoSuchMethodError: 'java.lang.Integer testing_lib.dataTypeIfazeMethodReturnTypeUnboxing.DataTypeIfazeMethodReturnTypeUnboxing.method1()';true;true;true;true;0;0;0.000000;METHOD_RETURN_TYPE_ERASURE_CHANGED, METHOD_RETURN_TYPE_CHANGED_INCOMPATIBLE;true;true;true;true;0;0;0.000000;JApiCompatibilityChange{type=METHOD_RETURN_TYPE_CHANGED};true;true;true;true;0;0;0.000000;return type changed
genericsWildcardsClazzConstructorParamUpperBoundsAdd;false;true;Compiler: compiler.err.prob.found.req;false;true;true;true;0;0;0.000000;EXECUTABLE_PARAMETER_GENERICS_CHANGED;false;false;true;false;0;0;0.000000;;false;true;true;true;0;0;0.000000;type parameter of method parameter changed
genericsClazzTypeBoundsMutation;false;true;Compiler: compiler.err.not.within.bounds, compiler.err.not.within.bounds;false;true;true;true;0;0;0.000000;FORMAL_TYPE_PARAMETER_CHANGED;false;true;true;true;0;0;0.000000;JApiCompatibilityChange{type=CLASS_GENERIC_TEMPLATE_CHANGED};false;true;true;true;0;0;0.000000;formal type parameter changed
genericsClazzMethodTypeDeleteSecond;false;true;Compiler: compiler.err.cant.apply.symbol.noargs, compiler.err.name.clash.same.erasure.no.override, compiler.err.method.does.not.override.superclass;false;true;true;true;0;0;0.000000;FORMAL_TYPE_PARAMETER_REMOVED;false;true;true;true;0;0;0.000000;JApiCompatibilityChange{type=CLASS_GENERIC_TEMPLATE_CHANGED};false;true;true;true;0;0;0.000000;formal type parameter removed
modifierMethodNonAbstractToAbstract;true;true;Compiler: compiler.err.does.not.override.abstractLinker: Exception in thread "main" java.lang.AbstractMethodError: Receiver class modifierMethodNonAbstractToAbstract.Main does not define or inherit an implementation of the resolved method 'abstract void method1()' of abstract class testing_lib.modifierMethodNonAbstractToAbstract.ModifierMethodNonAbstractToAbstract.;true;true;true;true;0;0;0.000000;METHOD_NOW_ABSTRACT;true;true;true;true;0;0;0.000000;JApiCompatibilityChange{type=METHOD_NOW_ABSTRACT};true;true;true;true;0;0;0.000000;Method now abstract
dataTypeIfazeMethodReturnTypeWidening;true;true;Compiler: compiler.err.does.not.override.abstract, compiler.err.override.incompatible.ret, compiler.err.method.does.not.override.superclass, compiler.err.prob.found.reqLinker: Exception in thread "main" java.lang.NoSuchMethodError: 'int testing_lib.dataTypeIfazeMethodReturnTypeWidening.DataTypeIfazeMethodReturnTypeWidening.method1()';true;true;true;true;0;0;0.000000;METHOD_RETURN_TYPE_ERASURE_CHANGED, METHOD_RETURN_TYPE_CHANGED_INCOMPATIBLE;true;true;true;true;0;0;0.000000;JApiCompatibilityChange{type=METHOD_RETURN_TYPE_CHANGED};true;true;true;true;0;0;0.000000;return type changed
genericsWildcardsClazzConstructorParamUpperBoundsDelete;false;false;;false;false;true;true;0;0;0.000000;;false;false;true;true;0;0;0.000000;;false;true;true;false;0;0;0.000000;type parameter of method parameter changed
genericsWildcardsClazzConstructorParamAdd;false;false;;false;false;true;true;0;0;0.000000;;false;false;true;true;0;0;0.000000;;false;true;true;false;0;0;0.000000;type parameter of method parameter changed
genericsClazzMethodTypeSwap;false;false;;false;false;true;true;0;0;0.000000;;false;false;true;true;0;0;0.000000;;false;false;true;true;0;0;0.000000;
modifierMethodNonFinalToFinal;true;true;Compiler: compiler.err.override.methLinker: Error: LinkageError occurred while loading main class modifierMethodNonFinalToFinal.Main;true;true;true;true;0;0;0.000000;METHOD_NOW_FINAL;true;true;true;true;0;0;0.000000;JApiCompatibilityChange{type=METHOD_NOW_FINAL};true;true;true;true;0;0;0.000000;method now final
modifierMethodNonNativeToNative;false;false;;false;false;true;true;0;0;0.000000;;false;false;true;true;0;0;0.000000;;false;false;true;true;0;0;0.000000;
dataTypeClazzFieldNarrowing;true;false;Linker: Exception in thread "main" java.lang.NoSuchFieldError: Class testing_lib.dataTypeClazzFieldNarrowing.DataTypeClazzFieldNarrowing does not have member field 'double field1';true;true;true;false;0;0;0.000000;FIELD_TYPE_ERASURE_CHANGED, FIELD_TYPE_CHANGED_INCOMPATIBLE;true;true;true;false;0;0;0.000000;JApiCompatibilityChange{type=FIELD_TYPE_CHANGED};true;true;true;false;0;0;0.000000;field type changed
genericsClazzTypeAddN;false;false;;false;false;true;true;0;0;0.000000;;false;true;true;false;0;0;0.000000;JApiCompatibilityChange{type=CLASS_GENERIC_TEMPLATE_CHANGED};false;true;true;false;0;0;0.000000;element now parameterized, formal type parameter added
modifierMethodNonStaticToStatic;true;false;Linker: Exception in thread "main" java.lang.IncompatibleClassChangeError: Expecting non-static method 'void testing_lib.modifierMethodNonStaticToStatic.ModifierMethodNonStaticToStatic.method1()';true;true;true;false;0;0;0.000000;METHOD_NOW_STATIC, METHOD_OVERRIDABLE_NOW_STATIC;true;true;true;false;0;0;0.000000;JApiCompatibilityChange{type=METHOD_NOW_STATIC};true;false;true;true;0;0;0.000000;method now static
dataTypeClazzFieldSpecialization;true;false;Linker: Exception in thread "main" java.lang.NoSuchFieldError: Class testing_lib.dataTypeClazzFieldSpecialization.DataTypeClazzFieldSpecialization does not have member field 'java.lang.Number field1';true;true;true;false;0;0;0.000000;FIELD_TYPE_ERASURE_CHANGED, FIELD_TYPE_CHANGED_INCOMPATIBLE;true;true;true;false;0;0;0.000000;JApiCompatibilityChange{type=FIELD_TYPE_CHANGED};true;true;true;false;0;0;0.000000;field type changed
genericsClazzTypeAddSecond;false;true;Compiler: compiler.err.wrong.number.type.args, compiler.err.wrong.number.type.args;false;true;true;true;0;0;0.000000;FORMAL_TYPE_PARAMETER_ADDED;false;true;true;true;0;0;0.000000;JApiCompatibilityChange{type=CLASS_GENERIC_TEMPLATE_CHANGED};false;true;true;true;0;0;0.000000;formal type parameter added
modifierMethodNonStrictfpToStrictfp;false;false;;false;false;true;true;0;0;0.000000;;false;false;true;true;0;0;0.000000;;false;false;true;true;0;0;0.000000;
dataTypeClazzFieldUnboxing;true;false;Linker: Exception in thread "main" java.lang.NoSuchFieldError: Class testing_lib.dataTypeClazzFieldUnboxing.DataTypeClazzFieldUnboxing does not have member field 'java.lang.Integer field1';true;false;true;true;0;0;0.000000;FIELD_TYPE_ERASURE_CHANGED;true;true;true;false;0;0;0.000000;JApiCompatibilityChange{type=FIELD_TYPE_CHANGED};true;true;true;false;0;0;0.000000;field type changed
genericsClazzTypeBoundsAddN;false;true;Compiler: compiler.err.not.within.bounds, compiler.err.not.within.bounds;false;true;true;true;0;0;0.000000;FORMAL_TYPE_PARAMETER_CHANGED;false;true;true;true;0;0;0.000000;JApiCompatibilityChange{type=CLASS_GENERIC_TEMPLATE_CHANGED};false;true;true;true;0;0;0.000000;formal type parameter changed
modifierMethodNonSynchronizedToSynchronized;false;false;;false;false;true;true;0;0;0.000000;;false;false;true;true;0;0;0.000000;;false;false;true;true;0;0;0.000000;
dataTypeClazzFieldWidening;true;true;Compiler: compiler.err.prob.found.reqLinker: Exception in thread "main" java.lang.NoSuchFieldError: Class testing_lib.dataTypeClazzFieldWidening.DataTypeClazzFieldWidening does not have member field 'int field1';true;true;true;true;0;0;0.000000;FIELD_TYPE_ERASURE_CHANGED, FIELD_TYPE_CHANGED_INCOMPATIBLE;true;true;true;true;0;0;0.000000;JApiCompatibilityChange{type=FIELD_TYPE_CHANGED};true;true;true;true;0;0;0.000000;field type changed
dataTypeClazzMethodParamBoxing;true;false;Linker: Exception in thread "main" java.lang.NoSuchMethodError: 'void testing_lib.dataTypeClazzMethodParamBoxing.DataTypeClazzMethodParamBoxing.method1(int)';true;true;true;false;0;0;0.000000;EXECUTABLE_REMOVED;true;true;true;false;0;0;0.000000;JApiCompatibilityChange{type=METHOD_REMOVED}, JApiCompatibilityChange{type=METHOD_ADDED_TO_PUBLIC_CLASS};true;true;true;false;0;0;0.000000;parameter type changed
genericsIfazeMethodTypeAddN;false;false;;false;false;true;true;0;0;0.000000;;false;true;true;false;0;0;0.000000;JApiCompatibilityChange{type=CLASS_GENERIC_TEMPLATE_CHANGED};false;true;true;false;0;0;0.000000;element now parameterized, formal type parameter added
genericsClazzTypeBoundsSpecialization;false;true;Compiler: compiler.err.not.within.bounds, compiler.err.not.within.bounds;false;true;true;true;0;0;0.000000;FORMAL_TYPE_PARAMETER_CHANGED;false;true;true;true;0;0;0.000000;JApiCompatibilityChange{type=CLASS_GENERIC_TEMPLATE_CHANGED};false;true;true;true;0;0;0.000000;formal type parameter changed
modifierMethodStaticToNonStatic;true;true;Compiler: compiler.err.non-static.cant.be.refLinker: Exception in thread "main" java.lang.IncompatibleClassChangeError: Expected static method 'void testing_lib.modifierMethodStaticToNonStatic.ModifierMethodStaticToNonStatic.method1()';true;true;true;true;0;0;0.000000;METHOD_NO_LONGER_STATIC;true;true;true;true;0;0;0.000000;JApiCompatibilityChange{type=METHOD_NO_LONGER_STATIC};true;true;true;true;0;0;0.000000;method no longer static
otherClazzDelete;true;true;Compiler: compiler.err.doesnt.exist, compiler.err.cant.resolve.location, compiler.err.cant.resolve.locationLinker: Exception in thread "main" java.lang.NoClassDefFoundError: testing_lib/otherClazzDelete/OtherClazzDelete;true;true;true;true;0;0;0.000000;TYPE_REMOVED;true;true;true;true;0;0;0.000000;JApiCompatibilityChange{type=CONSTRUCTOR_REMOVED}, JApiCompatibilityChange{type=SUPERCLASS_REMOVED}, JApiCompatibilityChange{type=CLASS_REMOVED};true;true;true;true;0;0;0.000000;class removed
dataTypeClazzMethodParamGeneralization;true;false;Linker: Exception in thread "main" java.lang.NoSuchMethodError: 'void testing_lib.dataTypeClazzMethodParamGeneralization.DataTypeClazzMethodParamGeneralization.method1(java.lang.Integer)';true;true;true;false;0;0;0.000000;EXECUTABLE_REMOVED;true;true;true;false;0;0;0.000000;JApiCompatibilityChange{type=METHOD_REMOVED}, JApiCompatibilityChange{type=METHOD_ADDED_TO_PUBLIC_CLASS};true;true;true;false;0;0;0.000000;parameter type changed
genericsIfazeMethodTypeAddSecond;false;true;Compiler: compiler.err.does.not.override.abstract, compiler.err.name.clash.same.erasure.no.override, compiler.err.method.does.not.override.superclass;false;true;true;true;0;0;0.000000;FORMAL_TYPE_PARAMETER_ADDED;false;true;true;true;0;0;0.000000;JApiCompatibilityChange{type=CLASS_GENERIC_TEMPLATE_CHANGED};false;true;true;true;0;0;0.000000;formal type parameter added
genericsClazzTypeDeleteN;false;true;Compiler: compiler.err.type.doesnt.take.params, compiler.err.type.doesnt.take.params;false;true;true;true;0;0;0.000000;FORMAL_TYPE_PARAMETER_REMOVED;false;true;true;true;0;0;0.000000;JApiCompatibilityChange{type=CLASS_GENERIC_TEMPLATE_CHANGED};false;true;true;true;0;0;0.000000;formal type parameter removed
otherClazzToIfaze;true;true;Compiler: compiler.err.abstract.cant.be.instantiatedLinker: Exception in thread "main" java.lang.InstantiationError: testing_lib.otherClazzToIfaze.ClazzToIfaze;true;true;true;true;0;0;0.000000;TYPE_KIND_CHANGED;true;true;true;true;0;0;0.000000;JApiCompatibilityChange{type=CONSTRUCTOR_REMOVED}, JApiCompatibilityChange{type=CLASS_NOW_ABSTRACT}, JApiCompatibilityChange{type=CLASS_TYPE_CHANGED};true;true;true;true;0;0;0.000000;method removed, class kind changed, class now abstract
dataTypeClazzMethodParamMutation;true;true;Compiler: compiler.err.prob.found.reqLinker: Exception in thread "main" java.lang.NoSuchMethodError: 'void testing_lib.dataTypeClazzMethodParamMutation.DataTypeClazzMethodParamMutation.method1(java.lang.Integer)';true;true;true;true;0;0;0.000000;EXECUTABLE_REMOVED;true;true;true;true;0;0;0.000000;JApiCompatibilityChange{type=METHOD_REMOVED}, JApiCompatibilityChange{type=METHOD_ADDED_TO_PUBLIC_CLASS};true;true;true;true;0;0;0.000000;parameter type changed
genericsIfazeMethodTypeBoundsAddN;false;true;Compiler: compiler.err.does.not.override.abstract, compiler.err.name.clash.same.erasure.no.override, compiler.err.method.does.not.override.superclass;false;true;true;true;0;0;0.000000;FORMAL_TYPE_PARAMETER_CHANGED;false;true;true;true;0;0;0.000000;JApiCompatibilityChange{type=CLASS_GENERIC_TEMPLATE_CHANGED};false;true;true;true;0;0;0.000000;formal type parameter changed
genericsClazzTypeDeleteSecond;false;true;Compiler: compiler.err.wrong.number.type.args, compiler.err.wrong.number.type.args;false;true;true;true;0;0;0.000000;FORMAL_TYPE_PARAMETER_REMOVED;false;true;true;true;0;0;0.000000;JApiCompatibilityChange{type=CLASS_GENERIC_TEMPLATE_CHANGED};false;true;true;true;0;0;0.000000;formal type parameter removed
otherIfazeAdd;false;false;;false;false;true;true;0;0;0.000000;;false;false;true;true;0;0;0.000000;;false;false;true;true;0;0;0.000000;class added
otherIfazeDelete;true;true;Compiler: compiler.err.doesnt.exist, compiler.err.cant.resolve, compiler.err.cant.resolve.locationLinker: Error: Could not find or load main class otherIfazeDelete.Main;true;true;true;true;0;0;0.000000;TYPE_REMOVED;true;true;true;true;0;0;0.000000;JApiCompatibilityChange{type=SUPERCLASS_REMOVED}, JApiCompatibilityChange{type=CLASS_REMOVED};true;true;true;true;0;0;0.000000;class removed
dataTypeClazzMethodParamNarrowing;true;true;Compiler: compiler.err.prob.found.reqLinker: Exception in thread "main" java.lang.NoSuchMethodError: 'void testing_lib.dataTypeClazzMethodParamNarrowing.DataTypeClazzMethodParamNarrowing.method1(double)';true;true;true;true;0;0;0.000000;EXECUTABLE_REMOVED;true;true;true;true;0;0;0.000000;JApiCompatibilityChange{type=METHOD_REMOVED}, JApiCompatibilityChange{type=METHOD_ADDED_TO_PUBLIC_CLASS};true;true;true;true;0;0;0.000000;parameter type changed
genericsIfazeMethodTypeBoundsAddSecond;false;true;Compiler: compiler.err.does.not.override.abstract, compiler.err.name.clash.same.erasure.no.override, compiler.err.method.does.not.override.superclass;false;true;true;true;0;0;0.000000;FORMAL_TYPE_PARAMETER_CHANGED;false;false;true;false;0;0;0.000000;;false;true;true;true;0;0;0.000000;formal type parameter changed
genericsClazzTypeSwap;false;false;;false;false;true;true;0;0;0.000000;;false;false;true;true;0;0;0.000000;;false;false;true;true;0;0;0.000000;
otherIfazeToClass;true;true;Compiler: compiler.err.intf.expected.hereLinker: Error: LinkageError occurred while loading main class otherIfazeToClass.Main;true;true;true;true;0;0;0.000000;TYPE_KIND_CHANGED;true;true;true;true;0;0;0.000000;JApiCompatibilityChange{type=CLASS_TYPE_CHANGED};true;true;true;true;0;0;0.000000;method added, class kind changed, class no longer abstract
modifierMethodStrictfpToNonStrictfp;false;false;;false;false;true;true;0;0;0.000000;;false;false;true;true;0;0;0.000000;;false;false;true;true;0;0;0.000000;
dataTypeClazzMethodParamSpecialization;true;true;Compiler: compiler.err.prob.found.reqLinker: Exception in thread "main" java.lang.NoSuchMethodError: 'void testing_lib.dataTypeClazzMethodParamSpecialization.DataTypeClazzMethodParamSpecialization.method1(java.lang.Number)';true;true;true;true;0;0;0.000000;EXECUTABLE_REMOVED;true;true;true;true;0;0;0.000000;JApiCompatibilityChange{type=METHOD_REMOVED}, JApiCompatibilityChange{type=METHOD_ADDED_TO_PUBLIC_CLASS};true;true;true;true;0;0;0.000000;parameter type changed
genericsIfazeMethodTypeBoundsDeleteN;false;true;Compiler: compiler.err.does.not.override.abstract, compiler.err.name.clash.same.erasure.no.override, compiler.err.method.does.not.override.superclass;false;true;true;true;0;0;0.000000;FORMAL_TYPE_PARAMETER_CHANGED;false;true;true;true;0;0;0.000000;JApiCompatibilityChange{type=CLASS_GENERIC_TEMPLATE_CHANGED};false;true;true;true;0;0;0.000000;formal type parameter changed
genericsWildcardsClazzConstructorParamDelete;false;true;Compiler: compiler.err.prob.found.req;false;true;true;true;0;0;0.000000;EXECUTABLE_PARAMETER_GENERICS_CHANGED;false;false;true;false;0;0;0.000000;;false;true;true;true;0;0;0.000000;type parameter of method parameter changed
exceptionClazzMethodCatchBlockAdd;false;false;;false;false;true;true;0;0;0.000000;;false;false;true;true;0;0;0.000000;;false;false;true;true;0;0;0.000000;
membersClazzFieldConstantAdd;false;false;;false;false;true;true;0;0;0.000000;;false;false;true;true;0;0;0.000000;;false;false;true;true;0;0;0.000000;static field added
modifierMethodSynchronizedToNonSynchronized;false;false;;false;false;true;true;0;0;0.000000;;false;false;true;true;0;0;0.000000;;false;false;true;true;0;0;0.000000;
membersClazzNestedClazzDelete;true;true;Compiler: compiler.err.cant.resolve.location, compiler.err.cant.resolve.locationLinker: Exception in thread "main" java.lang.NoClassDefFoundError: testing_lib/membersClazzNestedClazzDelete/MembersClazzNestedClazzDelete$NestedClazz;true;true;true;true;0;0;0.000000;TYPE_REMOVED;true;true;true;true;0;0;0.000000;JApiCompatibilityChange{type=CONSTRUCTOR_REMOVED}, JApiCompatibilityChange{type=SUPERCLASS_REMOVED}, JApiCompatibilityChange{type=CLASS_REMOVED};true;true;true;true;0;0;0.000000;class removed
exceptionClazzMethodThrowUncheckedSpecialization;false;false;;false;false;true;true;0;0;0.000000;;false;false;true;true;0;0;0.000000;;false;false;true;true;0;0;0.000000;Method no longer throws runtime exceptions, Method newly throws runtime exceptions
exceptionClazzMethodCatchBlockDelete;false;false;;false;false;true;true;0;0;0.000000;;false;false;true;true;0;0;0.000000;;false;false;true;true;0;0;0.000000;
membersClazzFieldConstantDelete;false;true;Compiler: compiler.err.cant.resolve.location;true;true;false;true;0;0;0.000000;FIELD_REMOVED;true;true;false;true;0;0;0.000000;JApiCompatibilityChange{type=FIELD_REMOVED};false;true;true;true;0;0;0.000000;field with constant removed
modifierNestedClazzNonStaticToStatic;true;true;Compiler: compiler.err.qualified.new.of.static.classLinker: Exception in thread "main" java.lang.NoSuchMethodError: 'void testing_lib.modifierNestedClazzNonStaticToStatic.ModifierNestedClazzNonStaticToStatic$NestedClazz.<init>(testing_lib.modifierNestedClazzNonStaticToStatic.ModifierNestedClazzNonStaticToStatic)';true;true;true;true;0;0;0.000000;CLASS_NOW_STATIC;true;true;true;true;0;0;0.000000;JApiCompatibilityChange{type=CONSTRUCTOR_REMOVED};false;false;false;false;0;0;0.000000;
membersClazzNestedIfazeAdd;false;false;;false;false;true;true;0;0;0.000000;;false;false;true;true;0;0;0.000000;;false;false;true;true;0;0;0.000000;class added
exceptionClazzMethodTryCatchToThrowChecked;false;true;Compiler: compiler.err.unreported.exception.need.to.catch.or.throw;false;true;true;true;0;0;0.000000;EXECUTABLE_NOW_THROWS_CHECKED_EXCEPTION;false;true;true;true;0;0;0.000000;JApiCompatibilityChange{type=METHOD_NOW_THROWS_CHECKED_EXCEPTION};false;true;true;true;0;0;0.000000;Method newly throws checked exceptions
exceptionClazzMethodFinallyBlockAdd;false;false;;false;false;true;true;0;0;0.000000;;false;false;true;true;0;0;0.000000;;false;false;true;true;0;0;0.000000;
membersClazzFieldDelete;true;true;Compiler: compiler.err.cant.resolve.locationLinker: Exception in thread "main" java.lang.NoSuchFieldError: Class testing_lib.membersClazzFieldDelete.MembersClazzFieldDelete does not have member field 'int field1';true;true;true;true;0;0;0.000000;FIELD_REMOVED;true;true;true;true;0;0;0.000000;JApiCompatibilityChange{type=FIELD_REMOVED};true;true;true;true;0;0;0.000000;field removed
modifierNestedClazzStaticToNonStatic;true;true;Compiler: compiler.err.encl.class.requiredLinker: Exception in thread "main" java.lang.NoSuchMethodError: testing_lib.modifierNestedClazzStaticToNonStatic.ModifierNestedClazzStaticToNonStatic$NestedClazz: method 'void <init>()' not found;true;true;true;true;0;0;0.000000;CLASS_NO_LONGER_STATIC;true;true;true;true;0;0;0.000000;JApiCompatibilityChange{type=CONSTRUCTOR_REMOVED};false;false;false;false;0;0;0.000000;
exceptionIfazeMethodThrowCheckedAdd;false;true;Compiler: compiler.err.unreported.exception.need.to.catch.or.throw;false;true;true;true;0;0;0.000000;EXECUTABLE_NOW_THROWS_CHECKED_EXCEPTION;false;true;true;true;0;0;0.000000;JApiCompatibilityChange{type=METHOD_NOW_THROWS_CHECKED_EXCEPTION};false;true;true;true;0;0;0.000000;Method newly throws checked exceptions
membersClazzNestedIfazeDelete;true;true;Compiler: compiler.err.cant.resolve.location, compiler.err.cant.resolve, compiler.err.cant.resolve.locationLinker: Error: Could not find or load main class membersClazzNestedIfazeDelete.Main;true;true;true;true;0;0;0.000000;TYPE_REMOVED;true;true;true;true;0;0;0.000000;JApiCompatibilityChange{type=SUPERCLASS_REMOVED}, JApiCompatibilityChange{type=CLASS_REMOVED};true;true;true;true;0;0;0.000000;class removed
exceptionClazzMethodFinallyBlockDelete;false;false;;false;false;true;true;0;0;0.000000;;false;false;true;true;0;0;0.000000;;false;false;true;true;0;0;0.000000;
exceptionClazzMethodThrowCheckedAdd;false;true;Compiler: compiler.err.unreported.exception.need.to.catch.or.throw;false;true;true;true;0;0;0.000000;EXECUTABLE_NOW_THROWS_CHECKED_EXCEPTION;false;true;true;true;0;0;0.000000;JApiCompatibilityChange{type=METHOD_NOW_THROWS_CHECKED_EXCEPTION};false;true;true;true;0;0;0.000000;Method newly throws checked exceptions
genericsWildcardsClazzConstructorParamLowerBoundsAdd;false;true;Compiler: compiler.err.prob.found.req;false;true;true;true;0;0;0.000000;EXECUTABLE_PARAMETER_GENERICS_CHANGED;false;false;true;false;0;0;0.000000;;false;true;true;true;0;0;0.000000;type parameter of method parameter changed
membersClazzMethodAdd;false;false;;false;false;true;true;0;0;0.000000;;false;false;true;true;0;0;0.000000;JApiCompatibilityChange{type=METHOD_ADDED_TO_PUBLIC_CLASS};false;false;true;true;0;0;0.000000;method added
otherClazzAdd;false;false;;false;false;true;true;0;0;0.000000;;false;false;true;true;0;0;0.000000;;false;false;true;true;0;0;0.000000;class added
membersClazzMethodAbstractAdd;false;true;Compiler: compiler.err.does.not.override.abstract;false;true;true;true;0;0;0.000000;TYPE_NEW_ABSTRACT_METHOD;false;true;true;true;0;0;0.000000;JApiCompatibilityChange{type=METHOD_ADDED_TO_PUBLIC_CLASS}, JApiCompatibilityChange{type=METHOD_ABSTRACT_ADDED_TO_CLASS};true;true;false;true;0;0;0.000000;abstract method added
exceptionIfazeMethodThrowCheckedDelete;false;true;Compiler: compiler.err.except.never.thrown.in.try;false;true;true;true;0;0;0.000000;EXECUTABLE_NO_LONGER_THROWS_CHECKED_EXCEPTION;false;true;true;true;0;0;0.000000;JApiCompatibilityChange{type=METHOD_NO_LONGER_THROWS_CHECKED_EXCEPTION};false;true;true;true;0;0;0.000000;Method no longer throws checked exceptions
membersIfazeConstantAdd;false;false;;false;false;true;true;0;0;0.000000;;false;false;true;true;0;0;0.000000;;false;false;true;true;0;0;0.000000;static field added
exceptionClazzMethodThrowCheckedDelete;false;true;Compiler: compiler.err.except.never.thrown.in.try;false;true;true;true;0;0;0.000000;EXECUTABLE_NO_LONGER_THROWS_CHECKED_EXCEPTION;false;true;true;true;0;0;0.000000;JApiCompatibilityChange{type=METHOD_NO_LONGER_THROWS_CHECKED_EXCEPTION};false;true;true;true;0;0;0.000000;Method no longer throws checked exceptions
membersClazzMethodDelete;true;true;Compiler: compiler.err.cant.resolve.location.argsLinker: Exception in thread "main" java.lang.NoSuchMethodError: 'void testing_lib.membersClazzMethodDelete.MembersClazzMethodDelete.method1()';true;true;true;true;0;0;0.000000;EXECUTABLE_REMOVED;true;true;true;true;0;0;0.000000;JApiCompatibilityChange{type=METHOD_REMOVED};true;true;true;true;0;0;0.000000;method removed
inheritanceClazzMethodMovedFromSuperClass;true;true;Compiler: compiler.err.cant.resolve.location.argsLinker: Exception in thread "main" java.lang.NoSuchMethodError: 'void testing_lib.inheritanceClazzMethodMovedFromSuperClass.Clazz1.method1()';true;true;true;true;0;0;0.000000;EXECUTABLE_REMOVED;true;true;true;true;0;0;0.000000;JApiCompatibilityChange{type=METHOD_REMOVED}, JApiCompatibilityChange{type=METHOD_ADDED_TO_PUBLIC_CLASS};true;true;true;true;0;0;0.000000;method removed, inherited method moved to class
membersClazzMethodAbstractDelete;true;true;Compiler: compiler.err.method.does.not.override.superclass, compiler.err.cant.resolve.location.argsLinker: Exception in thread "main" java.lang.NoSuchMethodError: 'void testing_lib.membersClazzMethodAbstractDelete.MembersClazzMethodAbstractDelete.method1()';true;true;true;true;0;0;0.000000;EXECUTABLE_REMOVED;true;true;true;true;0;0;0.000000;JApiCompatibilityChange{type=METHOD_REMOVED};true;true;true;true;0;0;0.000000;method removed, class no longer abstract
exceptionIfazeMethodThrowCheckedGeneralization;false;true;Compiler: compiler.err.unreported.exception.need.to.catch.or.throw;false;true;true;true;0;0;0.000000;EXECUTABLE_NOW_THROWS_CHECKED_EXCEPTION;false;true;true;true;0;0;0.000000;JApiCompatibilityChange{type=METHOD_NO_LONGER_THROWS_CHECKED_EXCEPTION}, JApiCompatibilityChange{type=METHOD_NOW_THROWS_CHECKED_EXCEPTION};false;true;true;true;0;0;0.000000;Method newly throws checked exceptions, Method no longer throws checked exceptions
exceptionClazzMethodThrowCheckedToTryCatch;false;true;Compiler: compiler.err.except.never.thrown.in.try;false;true;true;true;0;0;0.000000;EXECUTABLE_NO_LONGER_THROWS_CHECKED_EXCEPTION;false;true;true;true;0;0;0.000000;JApiCompatibilityChange{type=METHOD_NO_LONGER_THROWS_CHECKED_EXCEPTION};false;true;true;true;0;0;0.000000;Method no longer throws checked exceptions
membersIfazeConstantDelete;false;true;Compiler: compiler.err.cant.resolve.location;true;true;false;true;0;0;0.000000;FIELD_REMOVED;true;true;false;true;0;0;0.000000;JApiCompatibilityChange{type=FIELD_REMOVED};false;true;true;true;0;0;0.000000;field with constant removed
inheritanceClazzMethodMovedToSuperClass;false;false;;false;false;true;true;0;0;0.000000;;false;false;true;true;0;0;0.000000;JApiCompatibilityChange{type=METHOD_ADDED_TO_PUBLIC_CLASS};false;false;true;true;0;0;0.000000;method added, method moved to superclass
membersIfazeMethodAdd;false;true;Compiler: compiler.err.does.not.override.abstract;false;true;true;true;0;0;0.000000;TYPE_NEW_ABSTRACT_METHOD;false;true;true;true;0;0;0.000000;JApiCompatibilityChange{type=METHOD_ADDED_TO_INTERFACE};false;true;true;true;0;0;0.000000;method added to interface
membersClazzMethodParamAdd;true;true;Compiler: compiler.err.cant.apply.symbolLinker: Exception in thread "main" java.lang.NoSuchMethodError: 'void testing_lib.membersClazzMethodParamAdd.MembersClazzMethodParamAdd.method1()';true;true;true;true;0;0;0.000000;EXECUTABLE_REMOVED;true;true;true;true;0;0;0.000000;JApiCompatibilityChange{type=METHOD_REMOVED}, JApiCompatibilityChange{type=METHOD_ADDED_TO_PUBLIC_CLASS};true;true;true;true;0;0;0.000000;number of parameters changed
exceptionClazzMethodThrowCheckedGeneralization;false;true;Compiler: compiler.err.unreported.exception.need.to.catch.or.throw;false;true;true;true;0;0;0.000000;EXECUTABLE_NOW_THROWS_CHECKED_EXCEPTION;false;true;true;true;0;0;0.000000;JApiCompatibilityChange{type=METHOD_NO_LONGER_THROWS_CHECKED_EXCEPTION}, JApiCompatibilityChange{type=METHOD_NOW_THROWS_CHECKED_EXCEPTION};false;true;true;true;0;0;0.000000;Method newly throws checked exceptions, Method no longer throws checked exceptions
membersClazzConstructorAdd;false;false;;false;false;true;true;0;0;0.000000;;false;false;true;true;0;0;0.000000;;false;false;true;true;0;0;0.000000;method added
accessModifierClazzNestedClazzAccessDecreaseProtectedToNon;false;false;;true;true;false;false;0;0;0.000000;TYPE_REMOVED;true;true;false;false;0;0;0.000000;JApiCompatibilityChange{type=CONSTRUCTOR_LESS_ACCESSIBLE}, JApiCompatibilityChange{type=CLASS_LESS_ACCESSIBLE};true;true;false;false;0;0;0.000000;visibility reduced, visibility reduced
exceptionClazzMethodThrowUncheckedAdd;false;false;;false;false;true;true;0;0;0.000000;;false;false;true;true;0;0;0.000000;;false;false;true;true;0;0;0.000000;Method newly throws runtime exceptions
membersIfazeMethodDefaultAdd;false;false;;false;false;true;true;0;0;0.000000;;false;false;true;true;0;0;0.000000;JApiCompatibilityChange{type=METHOD_NEW_DEFAULT};false;false;true;true;0;0;0.000000;default method added to interface
membersClazzMethodParamDelete;true;true;Compiler: compiler.err.cant.apply.symbolLinker: Exception in thread "main" java.lang.NoSuchMethodError: 'void testing_lib.membersClazzMethodParamDelete.MembersClazzMethodParamDelete.method1(java.lang.Integer)';true;true;true;true;0;0;0.000000;EXECUTABLE_REMOVED;true;true;true;true;0;0;0.000000;JApiCompatibilityChange{type=METHOD_REMOVED}, JApiCompatibilityChange{type=METHOD_ADDED_TO_PUBLIC_CLASS};true;true;true;true;0;0;0.000000;number of parameters changed
exceptionClazzMethodThrowCheckedMutation;false;true;Compiler: compiler.err.except.never.thrown.in.try;false;true;true;true;0;0;0.000000;EXECUTABLE_NO_LONGER_THROWS_CHECKED_EXCEPTION;false;true;true;true;0;0;0.000000;JApiCompatibilityChange{type=METHOD_NO_LONGER_THROWS_CHECKED_EXCEPTION};false;true;true;true;0;0;0.000000;Method newly throws runtime exceptions, Method no longer throws checked exceptions
inheritanceClazzMethodOverrideAdd;false;false;;false;false;true;true;0;0;0.000000;;false;false;true;true;0;0;0.000000;JApiCompatibilityChange{type=METHOD_ADDED_TO_PUBLIC_CLASS};false;false;true;true;0;0;0.000000;inherited method moved to class
genericsClazzConstructorTypeBoundsAddSecond;false;true;Compiler: compiler.err.cant.apply.symbol.noargs;false;true;true;true;0;0;0.000000;FORMAL_TYPE_PARAMETER_CHANGED;false;false;true;false;0;0;0.000000;;false;true;true;true;0;0;0.000000;formal type parameter changed
accessModifierClazzNestedClazzAccessDecreaseProtectedToPrivate;false;false;;true;true;false;false;0;0;0.000000;TYPE_REMOVED;true;true;false;false;0;0;0.000000;JApiCompatibilityChange{type=CONSTRUCTOR_LESS_ACCESSIBLE}, JApiCompatibilityChange{type=CLASS_NOW_NOT_EXTENDABLE}, JApiCompatibilityChange{type=CLASS_LESS_ACCESSIBLE};true;true;false;false;0;0;0.000000;visibility reduced, visibility reduced
membersClazzConstructorDelete;true;true;Compiler: compiler.err.cant.apply.symbolLinker: Exception in thread "main" java.lang.NoSuchMethodError: 'void testing_lib.membersClazzConstructorDelete.MembersClazzConstructorDelete.<init>(int)';true;true;true;true;0;0;0.000000;EXECUTABLE_REMOVED;true;true;true;true;0;0;0.000000;JApiCompatibilityChange{type=CONSTRUCTOR_REMOVED};true;true;true;true;0;0;0.000000;method removed
exceptionClazzMethodThrowUncheckedDelete;false;false;;false;false;true;true;0;0;0.000000;;false;false;true;true;0;0;0.000000;;false;false;true;true;0;0;0.000000;Method no longer throws runtime exceptions
membersIfazeMethodDefaultDelete;true;true;Compiler: compiler.err.cant.resolve.location.argsLinker: Exception in thread "main" java.lang.NoSuchMethodError: 'void testing_lib.membersIfazeMethodDefaultDelete.MembersIfazeMethodDefaultDelete.method1()';true;true;true;true;0;0;0.000000;EXECUTABLE_REMOVED;true;true;true;true;0;0;0.000000;JApiCompatibilityChange{type=METHOD_REMOVED};true;true;true;true;0;0;0.000000;method removed
exceptionClazzMethodThrowCheckedSpecialization;false;true;Compiler: compiler.err.override.meth.doesnt.throw;false;true;true;true;0;0;0.000000;EXECUTABLE_NO_LONGER_THROWS_CHECKED_EXCEPTION;false;true;true;true;0;0;0.000000;JApiCompatibilityChange{type=METHOD_NO_LONGER_THROWS_CHECKED_EXCEPTION}, JApiCompatibilityChange{type=METHOD_NOW_THROWS_CHECKED_EXCEPTION};false;true;true;true;0;0;0.000000;Method newly throws checked exceptions, Method no longer throws checked exceptions
inheritanceClazzMethodOverrideDelete;false;false;;false;false;true;true;0;0;0.000000;;false;false;true;true;0;0;0.000000;;false;false;true;true;0;0;0.000000;method moved to superclass
membersClazzNestedClazzAdd;false;false;;false;false;true;true;0;0;0.000000;;false;false;true;true;0;0;0.000000;;false;false;true;true;0;0;0.000000;class added
inheritanceClazzStartInherite;false;false;;false;false;true;true;0;0;0.000000;;false;false;true;true;0;0;0.000000;JApiCompatibilityChange{type=SUPERCLASS_ADDED};true;true;false;false;0;0;0.000000;new super class of non-final class
inheritanceIfazeExpandSuperinterfaceSet;false;true;Compiler: compiler.err.does.not.override.abstract;false;true;true;true;0;0;0.000000;TYPE_NEW_ABSTRACT_METHOD;false;false;true;false;0;0;0.000000;JApiCompatibilityChange{type=INTERFACE_ADDED}, JApiCompatibilityChange{type=INTERFACE_ADDED};false;false;true;false;0;0;0.000000;class added
genericsClazzConstructorTypeBoundsDeleteN;false;false;;false;false;true;true;0;0;0.000000;;false;true;true;false;0;0;0.000000;JApiCompatibilityChange{type=CLASS_GENERIC_TEMPLATE_CHANGED};false;true;true;false;0;0;0.000000;formal type parameter changed
membersClazzConstructorParamAdd;true;true;Compiler: compiler.err.cant.apply.symbolsLinker: Exception in thread "main" java.lang.NoSuchMethodError: 'void testing_lib.membersClazzConstructorParamAdd.MembersClazzConstructorParamAdd.<init>(java.lang.Integer)';true;true;true;true;0;0;0.000000;EXECUTABLE_REMOVED;true;true;true;true;0;0;0.000000;JApiCompatibilityChange{type=CONSTRUCTOR_REMOVED};true;true;true;true;0;0;0.000000;number of parameters changed
accessModifierClazzNestedClazzAccessDecreasePublicToNon;true;true;Compiler: compiler.err.not.def.public.cant.accessLinker: Exception in thread "main" java.lang.IllegalAccessError: failed to access class testing_lib.accessModifierClazzNestedClazzAccessDecreasePublicToNon.AccessModifierClazzNestedClazzAccessDecreasePublicToNon$Clazz from class accessModifierClazzNestedClazzAccessDecreasePublicToNon.Main (testing_lib.accessModifierClazzNestedClazzAccessDecreasePublicToNon.AccessModifierClazzNestedClazzAccessDecreasePublicToNon$Clazz and accessModifierClazzNestedClazzAccessDecreasePublicToNon.Main are in unnamed module of loader 'app');true;true;true;true;0;0;0.000000;TYPE_REMOVED;true;true;true;true;0;0;0.000000;JApiCompatibilityChange{type=CONSTRUCTOR_LESS_ACCESSIBLE}, JApiCompatibilityChange{type=CLASS_NO_LONGER_PUBLIC}, JApiCompatibilityChange{type=CLASS_LESS_ACCESSIBLE};true;true;true;true;0;0;0.000000;visibility reduced, visibility reduced
membersIfazeMethodDelete;true;true;Compiler: compiler.err.method.does.not.override.superclass, compiler.err.cant.resolve.location.argsLinker: Exception in thread "main" java.lang.NoSuchMethodError: 'void testing_lib.membersIfazeMethodDelete.MembersIfazeMethodDelete.method1()';true;true;true;true;0;0;0.000000;EXECUTABLE_REMOVED;true;true;true;true;0;0;0.000000;JApiCompatibilityChange{type=METHOD_REMOVED};true;true;true;true;0;0;0.000000;method removed
exceptionClazzMethodThrowUncheckedGeneralization;false;false;;false;false;true;true;0;0;0.000000;;false;false;true;true;0;0;0.000000;;false;false;true;true;0;0;0.000000;Method no longer throws runtime exceptions, Method newly throws runtime exceptions
exceptionIfazeMethodThrowCheckedMutation;false;true;Compiler: compiler.err.except.never.thrown.in.try;false;true;true;true;0;0;0.000000;EXECUTABLE_NO_LONGER_THROWS_CHECKED_EXCEPTION;false;true;true;true;0;0;0.000000;JApiCompatibilityChange{type=METHOD_NO_LONGER_THROWS_CHECKED_EXCEPTION};false;true;true;true;0;0;0.000000;Method newly throws runtime exceptions, Method no longer throws checked exceptions
inheritanceIfazeMethodMovedFromSuperInterface;true;true;Compiler: compiler.err.cant.resolve.location.argsLinker: Exception in thread "main" java.lang.NoSuchMethodError: 'void testing_lib.inheritanceIfazeMethodMovedFromSuperInterface.Interface1.method1()';true;true;true;true;0;0;0.000000;EXECUTABLE_REMOVED;true;true;true;true;0;0;0.000000;JApiCompatibilityChange{type=METHOD_REMOVED};true;true;true;true;0;0;0.000000;inherited method moved to class, method removed
modifierFieldNonTransientToTransient;false;false;;false;false;true;true;0;0;0.000000;;false;false;true;true;0;0;0.000000;JApiCompatibilityChange{type=FIELD_NOW_TRANSIENT};false;false;true;true;0;0;0.000000;
inheritanceClazzStopInherite;true;true;Compiler: compiler.err.prob.found.reqLinker: Caused by: java.lang.VerifyError: Bad type on operand stack;true;true;true;true;0;0;0.000000;EXECUTABLE_REMOVED, TYPE_SUPERTYPE_REMOVED;true;true;true;true;0;0;0.000000;JApiCompatibilityChange{type=SUPERCLASS_REMOVED};true;true;true;true;0;0;0.000000;removed super class
genericsClazzConstructorTypeBoundsDeleteSecond;false;false;;false;false;true;true;0;0;0.000000;;false;false;true;true;0;0;0.000000;;false;true;true;false;0;0;0.000000;formal type parameter changed
exceptionClazzMethodThrowUncheckedMutation;false;true;Compiler: compiler.err.unreported.exception.need.to.catch.or.throw;false;true;true;true;0;0;0.000000;EXECUTABLE_NOW_THROWS_CHECKED_EXCEPTION;false;true;true;true;0;0;0.000000;JApiCompatibilityChange{type=METHOD_NOW_THROWS_CHECKED_EXCEPTION};false;true;true;true;0;0;0.000000;Method no longer throws runtime exceptions, Method newly throws checked exceptions
accessModifierClazzNestedClazzAccessDecreasePublicToProtected;true;true;Compiler: compiler.err.report.accessLinker: Exception in thread "main" java.lang.IllegalAccessError: class accessModifierClazzNestedClazzAccessDecreasePublicToProtected.Main tried to access protected method 'void testing_lib.accessModifierClazzNestedClazzAccessDecreasePublicToProtected.AccessModifierClazzNestedClazzAccessDecreasePublicToProtected$Clazz.<init>(testing_lib.accessModifierClazzNestedClazzAccessDecreasePublicToProtected.AccessModifierClazzNestedClazzAccessDecreasePublicToProtected)' (accessModifierClazzNestedClazzAccessDecreasePublicToProtected.Main and testing_lib.accessModifierClazzNestedClazzAccessDecreasePublicToProtected.AccessModifierClazzNestedClazzAccessDecreasePublicToProtected$Clazz are in unnamed module of loader 'app');true;true;true;true;0;0;0.000000;TYPE_NOW_PROTECTED, EXECUTABLE_NOW_PROTECTED;true;true;true;true;0;0;0.000000;JApiCompatibilityChange{type=CONSTRUCTOR_LESS_ACCESSIBLE}, JApiCompatibilityChange{type=CLASS_NO_LONGER_PUBLIC}, JApiCompatibilityChange{type=CLASS_LESS_ACCESSIBLE};true;true;true;true;0;0;0.000000;Public constructor of abstract class now protected, visibility reduced
exceptionIfazeMethodThrowUncheckedMutation;false;true;Compiler: compiler.err.unreported.exception.need.to.catch.or.throw;false;true;true;true;0;0;0.000000;EXECUTABLE_NOW_THROWS_CHECKED_EXCEPTION;false;true;true;true;0;0;0.000000;JApiCompatibilityChange{type=METHOD_NOW_THROWS_CHECKED_EXCEPTION};false;true;true;true;0;0;0.000000;Method no longer throws runtime exceptions, Method newly throws checked exceptions
membersIfazeMethodParamAdd;true;true;Compiler: compiler.err.does.not.override.abstract, compiler.err.cant.apply.symbol, compiler.err.method.does.not.override.superclassLinker: Exception in thread "main" java.lang.NoSuchMethodError: 'void testing_lib.membersIfazeMethodParamAdd.MembersIfazeMethodParamAdd.method1()';true;true;true;true;0;0;0.000000;TYPE_NEW_ABSTRACT_METHOD, EXECUTABLE_REMOVED;true;true;true;true;0;0;0.000000;JApiCompatibilityChange{type=METHOD_REMOVED}, JApiCompatibilityChange{type=METHOD_ADDED_TO_INTERFACE};true;true;true;true;0;0;0.000000;number of parameters changed
accessModifierClazzNestedClazzAccessDecreasePublicToPrivate;true;true;Compiler: compiler.err.report.accessLinker: Exception in thread "main" java.lang.IllegalAccessError: failed to access class testing_lib.accessModifierClazzNestedClazzAccessDecreasePublicToPrivate.AccessModifierClazzNestedClazzAccessDecreasePublicToPrivate$Clazz from class accessModifierClazzNestedClazzAccessDecreasePublicToPrivate.Main (testing_lib.accessModifierClazzNestedClazzAccessDecreasePublicToPrivate.AccessModifierClazzNestedClazzAccessDecreasePublicToPrivate$Clazz and accessModifierClazzNestedClazzAccessDecreasePublicToPrivate.Main are in unnamed module of loader 'app');true;true;true;true;0;0;0.000000;TYPE_REMOVED;true;true;true;true;0;0;0.000000;JApiCompatibilityChange{type=CONSTRUCTOR_LESS_ACCESSIBLE}, JApiCompatibilityChange{type=CLASS_NOW_NOT_EXTENDABLE}, JApiCompatibilityChange{type=CLASS_NO_LONGER_PUBLIC}, JApiCompatibilityChange{type=CLASS_LESS_ACCESSIBLE};true;true;true;true;0;0;0.000000;visibility reduced, visibility reduced
modifierFieldNonVolatileToVolatile;false;false;;false;false;true;true;0;0;0.000000;;false;false;true;true;0;0;0.000000;JApiCompatibilityChange{type=FIELD_NOW_VOLATILE};false;false;true;true;0;0;0.000000;
exceptionIfazeMethodThrowCheckedSpecialization;false;true;Compiler: compiler.err.override.meth.doesnt.throw;false;true;true;true;0;0;0.000000;EXECUTABLE_NO_LONGER_THROWS_CHECKED_EXCEPTION;false;true;true;true;0;0;0.000000;JApiCompatibilityChange{type=METHOD_NO_LONGER_THROWS_CHECKED_EXCEPTION}, JApiCompatibilityChange{type=METHOD_NOW_THROWS_CHECKED_EXCEPTION};false;true;true;true;0;0;0.000000;Method newly throws checked exceptions, Method no longer throws checked exceptions
membersClazzConstructorParamDelete;true;true;Compiler: compiler.err.cant.apply.symbolsLinker: Exception in thread "main" java.lang.NoSuchMethodError: 'void testing_lib.membersClazzConstructorParamDelete.MembersClazzConstructorParamDelete.<init>(java.lang.Integer, java.lang.String)';true;true;true;true;0;0;0.000000;EXECUTABLE_REMOVED;true;true;true;true;0;0;0.000000;JApiCompatibilityChange{type=CONSTRUCTOR_REMOVED};true;true;true;true;0;0;0.000000;number of parameters changed
modifierClazzNonStrictfpToStrictfp;false;false;;false;false;true;true;0;0;0.000000;;false;false;true;true;0;0;0.000000;;false;false;true;true;0;0;0.000000;
inheritanceIfazeMethodMovedToSuperInterface;false;true;Compiler: compiler.err.does.not.override.abstract;false;true;true;true;0;0;0.000000;TYPE_NEW_ABSTRACT_METHOD;false;true;true;true;0;0;0.000000;JApiCompatibilityChange{type=METHOD_ADDED_TO_INTERFACE};false;true;true;true;0;0;0.000000;method moved to superclass, method added to interface
inheritanceIfazeContractSuperinterfaceSet;true;true;Compiler: compiler.err.cant.resolve.location, compiler.err.cant.resolve.location, compiler.err.cant.resolve.location, compiler.err.method.does.not.override.superclassLinker: Caused by: java.lang.NoClassDefFoundError: testing_lib/inheritanceIfazeContractSuperinterfaceSet/Interface2;true;true;true;true;0;0;0.000000;TYPE_SUPERTYPE_REMOVED, EXECUTABLE_REMOVED, TYPE_REMOVED;true;true;true;true;0;0;0.000000;JApiCompatibilityChange{type=INTERFACE_REMOVED}, JApiCompatibilityChange{type=METHOD_REMOVED}, JApiCompatibilityChange{type=INTERFACE_REMOVED}, JApiCompatibilityChange{type=SUPERCLASS_REMOVED}, JApiCompatibilityChange{type=CLASS_REMOVED};true;true;true;true;0;0;0.000000;class implements interface, class removed
genericsClazzConstructorTypeBoundsGeneralization;false;false;;false;false;true;true;0;0;0.000000;;false;true;true;false;0;0;0.000000;JApiCompatibilityChange{type=CLASS_GENERIC_TEMPLATE_CHANGED};false;true;true;false;0;0;0.000000;formal type parameter changed
exceptionIfazeMethodThrowUncheckedSpecialization;false;false;;false;false;true;true;0;0;0.000000;;false;false;true;true;0;0;0.000000;;false;false;true;true;0;0;0.000000;Method no longer throws runtime exceptions, Method newly throws runtime exceptions
accessModifierClazzNestedClazzAccessIncreaseNonToProtected;false;false;;false;false;true;true;0;0;0.000000;;false;false;true;true;0;0;0.000000;;false;true;true;false;0;0;0.000000;visibility increased, visibility increased
modifierClazzStrictfpToNonStrictfp;false;false;;false;false;true;true;0;0;0.000000;;false;false;true;true;0;0;0.000000;;false;false;true;true;0;0;0.000000;
exceptionIfazeMethodThrowUncheckedAdd;false;false;;false;false;true;true;0;0;0.000000;;false;false;true;true;0;0;0.000000;;false;false;true;true;0;0;0.000000;Method newly throws runtime exceptions
modifierFieldStaticToNonStatic;true;true;Compiler: compiler.err.non-static.cant.be.refLinker: Exception in thread "main" java.lang.IncompatibleClassChangeError: Expected static field testing_lib.modifierFieldStaticToNonStatic.ModifierFieldStaticToNonStatic.field1;true;true;true;true;0;0;0.000000;FIELD_NO_LONGER_STATIC;true;true;true;true;0;0;0.000000;JApiCompatibilityChange{type=FIELD_NO_LONGER_STATIC};true;true;true;true;0;0;0.000000;field no longer static
membersClazzFieldAdd;false;false;;false;false;true;true;0;0;0.000000;;false;false;true;true;0;0;0.000000;;false;false;true;true;0;0;0.000000;field added
genericsClazzConstructorTypeBoundsSpecialization;false;true;Compiler: compiler.err.cant.apply.symbol.noargs;false;true;true;true;0;0;0.000000;FORMAL_TYPE_PARAMETER_CHANGED;false;true;true;true;0;0;0.000000;JApiCompatibilityChange{type=CLASS_GENERIC_TEMPLATE_CHANGED};false;true;true;true;0;0;0.000000;formal type parameter changed
genericsWildcardsClazzConstructorParamUpperBoundsGeneralization;false;false;;false;false;true;true;0;0;0.000000;;false;false;true;true;0;0;0.000000;;false;true;true;false;0;0;0.000000;type parameter of method parameter changed
inheritanceIfazeStartInherite;false;true;Compiler: compiler.err.does.not.override.abstract;false;true;true;true;0;0;0.000000;TYPE_NEW_ABSTRACT_METHOD;false;false;true;false;0;0;0.000000;JApiCompatibilityChange{type=INTERFACE_ADDED};false;false;true;false;0;0;0.000000;class implements interface
genericsWildcardsClazzMethodParamDelete;false;true;Compiler: compiler.err.prob.found.req, compiler.err.name.clash.same.erasure.no.override, compiler.err.method.does.not.override.superclass;false;true;true;true;0;0;0.000000;EXECUTABLE_PARAMETER_GENERICS_CHANGED;false;false;true;false;0;0;0.000000;;false;true;true;true;0;0;0.000000;type parameter of method parameter changed
inheritanceIfazeDefaultMethodOverrideAdd;false;false;;false;false;true;true;0;0;0.000000;;false;false;true;true;0;0;0.000000;;false;false;true;true;0;0;0.000000;inherited method moved to class
genericsClazzConstructorTypeBoundsMutation;false;true;Compiler: compiler.err.cant.apply.symbol.noargs;false;true;true;true;0;0;0.000000;FORMAL_TYPE_PARAMETER_CHANGED;false;true;true;true;0;0;0.000000;JApiCompatibilityChange{type=CLASS_GENERIC_TEMPLATE_CHANGED};false;true;true;true;0;0;0.000000;formal type parameter changed
exceptionIfazeMethodThrowUncheckedDelete;false;false;;false;false;true;true;0;0;0.000000;;false;false;true;true;0;0;0.000000;;false;false;true;true;0;0;0.000000;Method no longer throws runtime exceptions
modifierFieldFinalToNonFinal;false;false;;false;false;true;true;0;0;0.000000;;false;false;true;true;0;0;0.000000;;false;false;true;true;0;0;0.000000;field no longer final
accessModifierClazzNestedClazzAccessIncreaseNonToPublic;false;false;;false;false;true;true;0;0;0.000000;;false;false;true;true;0;0;0.000000;;false;true;true;false;0;0;0.000000;visibility increased, visibility increased
modifierFieldTransientToNonTransient;false;false;;false;false;true;true;0;0;0.000000;;false;false;true;true;0;0;0.000000;JApiCompatibilityChange{type=FIELD_NO_LONGER_TRANSIENT};false;false;true;true;0;0;0.000000;
genericsClazzConstructorTypeAddN;false;false;;false;false;true;true;0;0;0.000000;;false;true;true;false;0;0;0.000000;JApiCompatibilityChange{type=CLASS_GENERIC_TEMPLATE_CHANGED};false;true;true;false;0;0;0.000000;element now parameterized, formal type parameter added
genericsClazzConstructorTypeDeleteN;false;false;;false;false;true;true;0;0;0.000000;;false;true;true;false;0;0;0.000000;JApiCompatibilityChange{type=CLASS_GENERIC_TEMPLATE_CHANGED};false;true;true;false;0;0;0.000000;formal type parameter removed
genericsWildcardsClazzConstructorParamUpperBoundsMutation;false;true;Compiler: compiler.err.prob.found.req;false;true;true;true;0;0;0.000000;EXECUTABLE_PARAMETER_GENERICS_CHANGED;false;false;true;false;0;0;0.000000;;false;true;true;true;0;0;0.000000;type parameter of method parameter changed
inheritanceIfazeStopInherite;true;true;Compiler: compiler.err.cant.resolve.location.argsLinker: Exception in thread "main" java.lang.NoSuchMethodError: 'void testing_lib.inheritanceIfazeStopInherite.InheritanceIfazeStopInherite.method1()';true;true;true;true;0;0;0.000000;TYPE_SUPERTYPE_REMOVED, EXECUTABLE_REMOVED;true;true;true;true;0;0;0.000000;JApiCompatibilityChange{type=INTERFACE_REMOVED};true;true;true;true;0;0;0.000000;class no longer implements interface
membersIfazeMethodParamDelete;true;true;Compiler: compiler.err.does.not.override.abstract, compiler.err.cant.apply.symbol, compiler.err.method.does.not.override.superclassLinker: Exception in thread "main" java.lang.NoSuchMethodError: 'void testing_lib.membersIfazeMethodParamDelete.MembersIfazeMethodParamDelete.method1(java.lang.Integer)';true;true;true;true;0;0;0.000000;TYPE_NEW_ABSTRACT_METHOD, EXECUTABLE_REMOVED;true;true;true;true;0;0;0.000000;JApiCompatibilityChange{type=METHOD_REMOVED}, JApiCompatibilityChange{type=METHOD_ADDED_TO_INTERFACE};true;true;true;true;0;0;0.000000;number of parameters changed
inheritanceIfazeDefaultMethodOverrideDelete;false;false;;false;false;true;true;0;0;0.000000;;false;false;true;true;0;0;0.000000;;false;false;true;true;0;0;0.000000;method moved to superclass
genericsWildcardsClazzMethodParamLowerBoundsSpecialization;false;true;Compiler: compiler.err.name.clash.same.erasure.no.override, compiler.err.method.does.not.override.superclass;false;true;true;true;0;0;0.000000;EXECUTABLE_PARAMETER_GENERICS_CHANGED;false;false;true;false;0;0;0.000000;;false;true;true;true;0;0;0.000000;type parameter of method parameter changed
modifierClazzEffectivelyFinalToFinal;false;false;;false;false;true;true;0;0;0.000000;;false;false;true;true;0;0;0.000000;;true;true;false;false;0;0;0.000000;class now final
genericsWildcardsClazzMethodParamLowerBoundsAdd;false;true;Compiler: compiler.err.prob.found.req, compiler.err.name.clash.same.erasure.no.override, compiler.err.method.does.not.override.superclass;false;true;true;true;0;0;0.000000;EXECUTABLE_PARAMETER_GENERICS_CHANGED;false;false;true;false;0;0;0.000000;;false;true;true;true;0;0;0.000000;type parameter of method parameter changed
genericsClazzConstructorTypeAddSecond;false;true;Compiler: compiler.err.cant.apply.symbol.noargs;false;true;true;true;0;0;0.000000;FORMAL_TYPE_PARAMETER_ADDED;false;true;true;true;0;0;0.000000;JApiCompatibilityChange{type=CLASS_GENERIC_TEMPLATE_CHANGED};false;true;true;true;0;0;0.000000;formal type parameter added
modifierFieldNonFinalToFinal;true;true;Compiler: compiler.err.cant.assign.val.to.varLinker: 5;true;true;true;true;0;0;0.000000;FIELD_NOW_FINAL;true;true;true;true;0;0;0.000000;JApiCompatibilityChange{type=FIELD_NOW_FINAL};true;true;true;true;0;0;0.000000;field now final
modifierFieldVolatileToNonVolatile;false;false;;false;false;true;true;0;0;0.000000;;false;false;true;true;0;0;0.000000;JApiCompatibilityChange{type=FIELD_NO_LONGER_VOLATILE};false;false;true;true;0;0;0.000000;
exceptionIfazeMethodThrowUncheckedGeneralization;false;false;;false;false;true;true;0;0;0.000000;;false;false;true;true;0;0;0.000000;;false;false;true;true;0;0;0.000000;Method no longer throws runtime exceptions, Method newly throws runtime exceptions
accessModifierClazzNestedClazzAccessIncreasePrivateToNon;false;false;;false;false;true;true;0;0;0.000000;;false;false;true;true;0;0;0.000000;;false;false;true;true;0;0;0.000000;
accessModifierClazzNestedClazzAccessIncreasePrivateToPublic;false;false;;false;false;true;true;0;0;0.000000;;false;false;true;true;0;0;0.000000;;false;true;true;false;0;0;0.000000;visibility increased, visibility increased
genericsWildcardsClazzConstructorParamLowerBoundsDelete;false;false;;false;false;true;true;0;0;0.000000;;false;false;true;true;0;0;0.000000;;false;true;true;false;0;0;0.000000;type parameter of method parameter changed
genericsClazzConstructorTypeDeleteSecond;false;true;Compiler: compiler.err.cant.apply.symbol.noargs;false;true;true;true;0;0;0.000000;FORMAL_TYPE_PARAMETER_REMOVED;false;true;true;true;0;0;0.000000;JApiCompatibilityChange{type=CLASS_GENERIC_TEMPLATE_CHANGED};false;true;true;true;0;0;0.000000;formal type parameter removed
membersIfazeNestedIfazeAdd;false;false;;false;false;true;true;0;0;0.000000;;false;false;true;true;0;0;0.000000;;false;false;true;true;0;0;0.000000;class added
genericsWildcardsClazzConstructorParamUpperBoundsSpecialization;false;true;Compiler: compiler.err.prob.found.req;false;true;true;true;0;0;0.000000;EXECUTABLE_PARAMETER_GENERICS_CHANGED;false;false;true;false;0;0;0.000000;;false;true;true;true;0;0;0.000000;type parameter of method parameter changed
genericsWildcardsClazzMethodParamUpperBoundsMutation;false;true;Compiler: compiler.err.prob.found.req, compiler.err.name.clash.same.erasure.no.override, compiler.err.method.does.not.override.superclass;false;true;true;true;0;0;0.000000;EXECUTABLE_PARAMETER_GENERICS_CHANGED;false;false;true;false;0;0;0.000000;;false;true;true;true;0;0;0.000000;type parameter of method parameter changed
genericsWildcardsClazzMethodParamLowerBoundsDelete;false;true;Compiler: compiler.err.name.clash.same.erasure.no.override, compiler.err.method.does.not.override.superclass;false;true;true;true;0;0;0.000000;EXECUTABLE_PARAMETER_GENERICS_CHANGED;false;false;true;false;0;0;0.000000;;false;true;true;true;0;0;0.000000;type parameter of method parameter changed
modifierClazzFinalToEffectivelyFinal;false;false;;false;false;true;true;0;0;0.000000;;false;false;true;true;0;0;0.000000;;false;false;true;true;0;0;0.000000;class no longer final
genericsWildcardsClazzMethodParamLowerBoundsToUpperBounds;false;true;Compiler: compiler.err.prob.found.req, compiler.err.name.clash.same.erasure.no.override, compiler.err.method.does.not.override.superclass;false;true;true;true;0;0;0.000000;EXECUTABLE_PARAMETER_GENERICS_CHANGED;false;false;true;false;0;0;0.000000;;false;true;true;true;0;0;0.000000;type parameter of method parameter changed
genericsIfazeMethodTypeBoundsDeleteSecond;false;true;Compiler: compiler.err.does.not.override.abstract, compiler.err.name.clash.same.erasure.no.override, compiler.err.method.does.not.override.superclass;false;true;true;true;0;0;0.000000;FORMAL_TYPE_PARAMETER_CHANGED;false;false;true;false;0;0;0.000000;;false;true;true;true;0;0;0.000000;formal type parameter changed
modifierFieldNonStaticToStatic;true;false;Linker: Exception in thread "main" java.lang.IncompatibleClassChangeError: Expected non-static field testing_lib.modifierFieldNonStaticToStatic.ModifierFieldNonStaticToStatic.field1;true;false;true;true;0;0;0.000000;FIELD_NOW_STATIC;true;true;true;false;0;0;0.000000;JApiCompatibilityChange{type=FIELD_NOW_STATIC};true;false;true;true;0;0;0.000000;field now static
genericsClazzConstructorTypeBoundsAddN;false;true;Compiler: compiler.err.cant.apply.symbol.noargs;false;true;true;true;0;0;0.000000;FORMAL_TYPE_PARAMETER_CHANGED;false;true;true;true;0;0;0.000000;JApiCompatibilityChange{type=CLASS_GENERIC_TEMPLATE_CHANGED};false;true;true;true;0;0;0.000000;formal type parameter changed
accessModifierClazzNestedClazzAccessIncreasePrivateToProtected;false;false;;false;false;true;true;0;0;0.000000;;false;false;true;true;0;0;0.000000;;false;true;true;false;0;0;0.000000;visibility increased, visibility increased
accessModifierClazzFieldAccessIncreasePrivateToPublic;false;false;;false;false;true;true;0;0;0.000000;;false;false;true;true;0;0;0.000000;;false;false;true;true;0;0;0.000000;visibility increased
genericsIfazeMethodTypeDeleteSecond;false;true;Compiler: compiler.err.does.not.override.abstract, compiler.err.name.clash.same.erasure.no.override, compiler.err.method.does.not.override.superclass;false;true;true;true;0;0;0.000000;FORMAL_TYPE_PARAMETER_REMOVED;false;true;true;true;0;0;0.000000;JApiCompatibilityChange{type=CLASS_GENERIC_TEMPLATE_CHANGED};false;true;true;true;0;0;0.000000;formal type parameter removed
dataTypeClazzConstructorParamBoxing;true;false;Linker: Exception in thread "main" java.lang.NoSuchMethodError: 'void testing_lib.dataTypeClazzConstructorParamBoxing.DataTypeClazzConstructorParamBoxing.<init>(int)';true;true;true;false;0;0;0.000000;EXECUTABLE_REMOVED;true;true;true;false;0;0;0.000000;JApiCompatibilityChange{type=CONSTRUCTOR_REMOVED};true;true;true;false;0;0;0.000000;parameter type changed
accessModifierClazzNestedIfazeAccessDecreasePublicToNon;true;true;Compiler: compiler.err.not.def.public.cant.access, compiler.err.not.def.public.cant.access, compiler.err.not.def.public.cant.accessLinker: Error: LinkageError occurred while loading main class accessModifierClazzNestedIfazeAccessDecreasePublicToNon.Main;true;true;true;true;0;0;0.000000;TYPE_REMOVED;true;true;true;true;0;0;0.000000;JApiCompatibilityChange{type=CLASS_NO_LONGER_PUBLIC}, JApiCompatibilityChange{type=CLASS_LESS_ACCESSIBLE};true;true;true;true;0;0;0.000000;visibility reduced
genericsClazzConstructorTypeSwap;false;false;;false;false;true;true;0;0;0.000000;;false;false;true;true;0;0;0.000000;;false;false;true;true;0;0;0.000000;
genericsWildcardsClazzConstructorParamLowerBoundsGeneralization;false;true;Compiler: compiler.err.prob.found.req;false;true;true;true;0;0;0.000000;EXECUTABLE_PARAMETER_GENERICS_CHANGED;false;false;true;false;0;0;0.000000;;false;true;true;true;0;0;0.000000;type parameter of method parameter changed
genericsWildcardsClazzConstructorParamUpperBoundsToLowerBounds;false;true;Compiler: compiler.err.prob.found.req;false;true;true;true;0;0;0.000000;EXECUTABLE_PARAMETER_GENERICS_CHANGED;false;false;true;false;0;0;0.000000;;false;true;true;true;0;0;0.000000;type parameter of method parameter changed
accessModifierClazzNestedClazzAccessIncreaseProtectedToPublic;false;false;;false;false;true;true;0;0;0.000000;;false;false;true;true;0;0;0.000000;;false;true;true;false;0;0;0.000000;visibility increased, visibility increased
modifierClazzFinalToNonFinal;false;false;;false;false;true;true;0;0;0.000000;;false;false;true;true;0;0;0.000000;;false;false;true;true;0;0;0.000000;class no longer final
genericsIfazeTypeBoundsAddSecond;false;true;Compiler: compiler.err.not.within.bounds;false;true;true;true;0;0;0.000000;FORMAL_TYPE_PARAMETER_CHANGED;false;false;true;false;0;0;0.000000;;false;true;true;true;0;0;0.000000;formal type parameter changed
genericsWildcardsClazzMethodParamUpperBoundsSpecialization;false;true;Compiler: compiler.err.prob.found.req, compiler.err.name.clash.same.erasure.no.override, compiler.err.method.does.not.override.superclass;false;true;true;true;0;0;0.000000;EXECUTABLE_PARAMETER_GENERICS_CHANGED;false;false;true;false;0;0;0.000000;;false;true;true;true;0;0;0.000000;type parameter of method parameter changed
genericsWildcardsClazzMethodParamLowerBoundsGeneralization;false;true;Compiler: compiler.err.prob.found.req, compiler.err.name.clash.same.erasure.no.override, compiler.err.method.does.not.override.superclass;false;true;true;true;0;0;0.000000;EXECUTABLE_PARAMETER_GENERICS_CHANGED;false;false;true;false;0;0;0.000000;;false;true;true;true;0;0;0.000000;type parameter of method parameter changed
genericsWildcardsClazzMethodParamUpperBoundsAdd;false;true;Compiler: compiler.err.prob.found.req, compiler.err.name.clash.same.erasure.no.override, compiler.err.method.does.not.override.superclass;false;true;true;true;0;0;0.000000;EXECUTABLE_PARAMETER_GENERICS_CHANGED;false;false;true;false;0;0;0.000000;;false;true;true;true;0;0;0.000000;type parameter of method parameter changed
genericsIfazeMethodTypeBoundsGeneralization;false;true;Compiler: compiler.err.does.not.override.abstract, compiler.err.name.clash.same.erasure.no.override, compiler.err.method.does.not.override.superclass;false;true;true;true;0;0;0.000000;FORMAL_TYPE_PARAMETER_CHANGED;false;true;true;true;0;0;0.000000;JApiCompatibilityChange{type=CLASS_GENERIC_TEMPLATE_CHANGED};false;true;true;true;0;0;0.000000;formal type parameter changed
membersIfazeNestedIfazeDelete;true;true;Compiler: compiler.err.cant.resolve.location, compiler.err.cant.resolve, compiler.err.cant.resolve.locationLinker: Error: Could not find or load main class membersIfazeNestedIfazeDelete.Main;true;true;true;true;0;0;0.000000;TYPE_REMOVED;true;true;true;true;0;0;0.000000;JApiCompatibilityChange{type=SUPERCLASS_REMOVED}, JApiCompatibilityChange{type=CLASS_REMOVED};true;true;true;true;0;0;0.000000;class removed
accessModifierClazzNestedIfazeAccessDecreasePublicToPrivate;true;true;Compiler: compiler.err.report.access, compiler.err.report.access, compiler.err.report.accessLinker: Error: LinkageError occurred while loading main class accessModifierClazzNestedIfazeAccessDecreasePublicToPrivate.Main;true;true;true;true;0;0;0.000000;TYPE_REMOVED;true;true;true;true;0;0;0.000000;JApiCompatibilityChange{type=CLASS_NO_LONGER_PUBLIC}, JApiCompatibilityChange{type=CLASS_LESS_ACCESSIBLE};true;true;true;true;0;0;0.000000;visibility reduced
accessModifierClazzFieldAccessIncreaseNonToProtected;false;false;;false;false;true;true;0;0;0.000000;;false;false;true;true;0;0;0.000000;;false;false;true;true;0;0;0.000000;visibility increased
dataTypeClazzConstructorParamUnboxing;true;false;Linker: Exception in thread "main" java.lang.NoSuchMethodError: 'void testing_lib.dataTypeClazzConstructorParamUnboxing.DataTypeClazzConstructorParamUnboxing.<init>(java.lang.Integer)';true;true;true;false;0;0;0.000000;EXECUTABLE_REMOVED;true;true;true;false;0;0;0.000000;JApiCompatibilityChange{type=CONSTRUCTOR_REMOVED};true;true;true;false;0;0;0.000000;parameter type changed
dataTypeClazzConstructorParamGeneralization;true;false;Linker: Exception in thread "main" java.lang.NoSuchMethodError: 'void testing_lib.dataTypeClazzConstructorParamGeneralization.DataTypeClazzConstructorParamGeneralization.<init>(java.lang.Integer)';true;true;true;false;0;0;0.000000;EXECUTABLE_REMOVED;true;true;true;false;0;0;0.000000;JApiCompatibilityChange{type=CONSTRUCTOR_REMOVED};true;true;true;false;0;0;0.000000;parameter type changed
accessModifierClazzMethodAccessDecreasePublicToNon;true;true;Compiler: compiler.err.not.def.public.cant.accessLinker: Exception in thread "main" java.lang.IllegalAccessError: class accessModifierClazzMethodAccessDecreasePublicToNon.Main tried to access method 'void testing_lib.accessModifierClazzMethodAccessDecreasePublicToNon.AccessModifierClazzMethodAccessDecreasePublicToNon.method()' (accessModifierClazzMethodAccessDecreasePublicToNon.Main and testing_lib.accessModifierClazzMethodAccessDecreasePublicToNon.AccessModifierClazzMethodAccessDecreasePublicToNon are in unnamed module of loader 'app');true;true;true;true;0;0;0.000000;EXECUTABLE_REMOVED;true;true;true;true;0;0;0.000000;JApiCompatibilityChange{type=METHOD_LESS_ACCESSIBLE};true;true;true;true;0;0;0.000000;visibility reduced
genericsWildcardsClazzMethodParamAdd;false;true;Compiler: compiler.err.name.clash.same.erasure.no.override, compiler.err.method.does.not.override.superclass;false;true;true;true;0;0;0.000000;EXECUTABLE_PARAMETER_GENERICS_CHANGED;false;false;true;false;0;0;0.000000;;false;true;true;true;0;0;0.000000;type parameter of method parameter changed
genericsIfazeTypeBoundsDeleteN;false;false;;false;false;true;true;0;0;0.000000;;false;true;true;false;0;0;0.000000;JApiCompatibilityChange{type=CLASS_GENERIC_TEMPLATE_CHANGED};false;true;true;false;0;0;0.000000;formal type parameter changed
accessModifierClazzFieldAccessIncreaseProtectedToPublic;false;false;;false;false;true;true;0;0;0.000000;;false;false;true;true;0;0;0.000000;;false;false;true;true;0;0;0.000000;visibility increased
genericsIfazeMethodTypeSwap;false;false;;false;false;true;true;0;0;0.000000;;false;false;true;true;0;0;0.000000;;false;false;true;true;0;0;0.000000;
genericsClazzMethodTypeAddN;false;false;;false;false;true;true;0;0;0.000000;;false;true;true;false;0;0;0.000000;JApiCompatibilityChange{type=CLASS_GENERIC_TEMPLATE_CHANGED};false;true;true;false;0;0;0.000000;element now parameterized, formal type parameter added
genericsWildcardsClazzMethodParamUpperBoundsToLowerBounds;false;true;Compiler: compiler.err.prob.found.req, compiler.err.name.clash.same.erasure.no.override, compiler.err.method.does.not.override.superclass;false;true;true;true;0;0;0.000000;EXECUTABLE_PARAMETER_GENERICS_CHANGED;false;false;true;false;0;0;0.000000;;false;true;true;true;0;0;0.000000;type parameter of method parameter changed
modifierClazzNonAbstractToAbstract;true;true;Compiler: compiler.err.abstract.cant.be.instantiatedLinker: Exception in thread "main" java.lang.InstantiationError: testing_lib.modifierClazzNonAbstractToAbstract.ModifierClazzNonAbstractToAbstract;true;true;true;true;0;0;0.000000;CLASS_NOW_ABSTRACT;true;true;true;true;0;0;0.000000;JApiCompatibilityChange{type=CLASS_NOW_ABSTRACT};true;true;true;true;0;0;0.000000;class now abstract
accessModifierClazzNestedIfazeAccessIncreasePrivateToNon;false;false;;false;false;true;true;0;0;0.000000;;false;false;true;true;0;0;0.000000;;false;false;true;true;0;0;0.000000;
accessModifierIfazeFieldAccessIncreaseNonToPublic;false;false;;false;false;true;true;0;0;0.000000;;false;false;true;true;0;0;0.000000;;false;false;true;true;0;0;0.000000;
accessModifierClazzNestedIfazeAccessDecreaseNonToPrivate;false;false;;false;false;true;true;0;0;0.000000;;true;true;false;false;0;0;0.000000;JApiCompatibilityChange{type=CLASS_LESS_ACCESSIBLE};false;false;true;true;0;0;0.000000;
genericsIfazeTypeBoundsMutation;false;true;Compiler: compiler.err.not.within.bounds;false;true;true;true;0;0;0.000000;FORMAL_TYPE_PARAMETER_CHANGED;false;true;true;true;0;0;0.000000;JApiCompatibilityChange{type=CLASS_GENERIC_TEMPLATE_CHANGED};false;true;true;true;0;0;0.000000;formal type parameter changed
genericsWildcardsClazzMethodParamLowerBoundsMutation;false;true;Compiler: compiler.err.prob.found.req, compiler.err.name.clash.same.erasure.no.override, compiler.err.method.does.not.override.superclass;false;true;true;true;0;0;0.000000;EXECUTABLE_PARAMETER_GENERICS_CHANGED;false;false;true;false;0;0;0.000000;;false;true;true;true;0;0;0.000000;type parameter of method parameter changed
modifierClazzAbstractToNonAbstract;false;false;;false;false;true;true;0;0;0.000000;;false;false;true;true;0;0;0.000000;;false;false;true;true;0;0;0.000000;class no longer abstract
accessModifierClazzConstructorAccessIncreaseNonToPublic;false;false;;false;false;true;true;0;0;0.000000;;false;false;true;true;0;0;0.000000;;false;true;true;false;0;0;0.000000;visibility increased
genericsWildcardsClazzMethodParamUpperBoundsDelete;false;true;Compiler: compiler.err.name.clash.same.erasure.no.override, compiler.err.method.does.not.override.superclass;false;true;true;true;0;0;0.000000;EXECUTABLE_PARAMETER_GENERICS_CHANGED;false;false;true;false;0;0;0.000000;;false;true;true;true;0;0;0.000000;type parameter of method parameter changed
accessModifierClazzMethodAccessIncreasePrivateToNon;false;false;;false;false;true;true;0;0;0.000000;;false;false;true;true;0;0;0.000000;;false;false;true;true;0;0;0.000000;
genericsIfazeMethodTypeBoundsMutation;false;true;Compiler: compiler.err.does.not.override.abstract, compiler.err.name.clash.same.erasure.no.override, compiler.err.method.does.not.override.superclass;false;true;true;true;0;0;0.000000;FORMAL_TYPE_PARAMETER_CHANGED;false;true;true;true;0;0;0.000000;JApiCompatibilityChange{type=CLASS_GENERIC_TEMPLATE_CHANGED};false;true;true;true;0;0;0.000000;formal type parameter changed
dataTypeClazzConstructorParamMutation;true;true;Compiler: compiler.err.prob.found.reqLinker: Exception in thread "main" java.lang.NoSuchMethodError: 'void testing_lib.dataTypeClazzConstructorParamMutation.DataTypeClazzConstructorParamMutation.<init>(java.lang.Integer)';true;true;true;true;0;0;0.000000;EXECUTABLE_REMOVED;true;true;true;true;0;0;0.000000;JApiCompatibilityChange{type=CONSTRUCTOR_REMOVED};true;true;true;true;0;0;0.000000;parameter type changed
accessModifierClazzFieldAccessIncreaseNonToPublic;false;false;;false;false;true;true;0;0;0.000000;;false;false;true;true;0;0;0.000000;;false;false;true;true;0;0;0.000000;visibility increased
dataTypeClazzConstructorParamWidening;true;false;Linker: Exception in thread "main" java.lang.NoSuchMethodError: 'void testing_lib.dataTypeClazzConstructorParamWidening.DataTypeClazzConstructorParamWidening.<init>(int)';true;true;true;false;0;0;0.000000;EXECUTABLE_REMOVED;true;true;true;false;0;0;0.000000;JApiCompatibilityChange{type=CONSTRUCTOR_REMOVED};true;true;true;false;0;0;0.000000;parameter type changed
genericsIfazeTypeBoundsDeleteSecond;false;false;;false;false;true;true;0;0;0.000000;;false;false;true;true;0;0;0.000000;;false;true;true;false;0;0;0.000000;formal type parameter changed
accessModifierClazzNestedIfazeAccessDecreasePublicToProtected;false;true;Compiler: compiler.err.report.access;true;true;false;true;0;0;0.000000;TYPE_NOW_PROTECTED;true;true;false;true;0;0;0.000000;JApiCompatibilityChange{type=CLASS_NO_LONGER_PUBLIC}, JApiCompatibilityChange{type=CLASS_LESS_ACCESSIBLE};true;true;false;true;0;0;0.000000;visibility reduced
genericsIfazeTypeAddN;false;false;;false;false;true;true;0;0;0.000000;;false;true;true;false;0;0;0.000000;JApiCompatibilityChange{type=CLASS_GENERIC_TEMPLATE_CHANGED};false;true;true;false;0;0;0.000000;element now parameterized, formal type parameter added
accessModifierClazzMethodAccessDecreasePublicToPrivate;true;true;Compiler: compiler.err.report.accessLinker: Exception in thread "main" java.lang.IllegalAccessError: class accessModifierClazzMethodAccessDecreasePublicToPrivate.Main tried to access private method 'void testing_lib.accessModifierClazzMethodAccessDecreasePublicToPrivate.AccessModifierClazzMethodAccessDecreasePublicToPrivate.method()' (accessModifierClazzMethodAccessDecreasePublicToPrivate.Main and testing_lib.accessModifierClazzMethodAccessDecreasePublicToPrivate.AccessModifierClazzMethodAccessDecreasePublicToPrivate are in unnamed module of loader 'app');true;true;true;true;0;0;0.000000;EXECUTABLE_REMOVED;true;true;true;true;0;0;0.000000;JApiCompatibilityChange{type=METHOD_LESS_ACCESSIBLE};true;true;true;true;0;0;0.000000;visibility reduced
accessModifierClazzNestedIfazeAccessIncreasePrivateToProtected;false;false;;false;false;true;true;0;0;0.000000;;false;false;true;true;0;0;0.000000;;false;false;true;true;0;0;0.000000;visibility increased
genericsIfazeMethodTypeBoundsSpecialization;false;true;Compiler: compiler.err.does.not.override.abstract, compiler.err.name.clash.same.erasure.no.override, compiler.err.method.does.not.override.superclass;false;true;true;true;0;0;0.000000;FORMAL_TYPE_PARAMETER_CHANGED;false;true;true;true;0;0;0.000000;JApiCompatibilityChange{type=CLASS_GENERIC_TEMPLATE_CHANGED};false;true;true;true;0;0;0.000000;formal type parameter changed
accessModifierClazzNestedIfazeAccessDecreaseProtectedToNon;true;true;Compiler: compiler.err.not.def.public.cant.accessLinker: Exception in thread "main" java.lang.IllegalAccessError: class accessModifierClazzNestedIfazeAccessDecreaseProtectedToNon.Main$1 cannot access its superinterface testing_lib.accessModifierClazzNestedIfazeAccessDecreaseProtectedToNon.AccessModifierClazzNestedIfazeAccessDecreaseProtectedToNon$Ifaze (accessModifierClazzNestedIfazeAccessDecreaseProtectedToNon.Main$1 and testing_lib.accessModifierClazzNestedIfazeAccessDecreaseProtectedToNon.AccessModifierClazzNestedIfazeAccessDecreaseProtectedToNon$Ifaze are in unnamed module of loader 'app');true;true;true;true;0;0;0.000000;TYPE_REMOVED;true;true;true;true;0;0;0.000000;JApiCompatibilityChange{type=CLASS_LESS_ACCESSIBLE};true;true;true;true;0;0;0.000000;visibility reduced
modifierClazzNonFinalToFinal;true;true;Compiler: compiler.err.cant.inherit.from.finalLinker: Error: LinkageError occurred while loading main class modifierClazzNonFinalToFinal.Main;true;true;true;true;0;0;0.000000;CLASS_NOW_FINAL;true;true;true;true;0;0;0.000000;JApiCompatibilityChange{type=CLASS_NOW_NOT_EXTENDABLE};true;true;true;true;0;0;0.000000;class now final
accessModifierClazzMethodAccessDecreaseNonToPrivate;false;false;;false;false;true;true;0;0;0.000000;;true;true;false;false;0;0;0.000000;JApiCompatibilityChange{type=METHOD_LESS_ACCESSIBLE};false;false;true;true;0;0;0.000000;
accessModifierClazzMethodAccessIncreasePrivateToProtected;false;false;;false;false;true;true;0;0;0.000000;;false;false;true;true;0;0;0.000000;;false;true;true;false;0;0;0.000000;visibility increased
accessModifierClazzConstructorAccessIncreasePrivateToNon;false;false;;false;false;true;true;0;0;0.000000;;false;false;true;true;0;0;0.000000;;false;false;true;true;0;0;0.000000;
accessModifierIfazeMethodAccessDecreasePublicToNon;false;false;;false;false;true;true;0;0;0.000000;;false;false;true;true;0;0;0.000000;;false;false;true;true;0;0;0.000000;
genericsIfazeTypeBoundsSpecialization;false;true;Compiler: compiler.err.not.within.bounds;false;true;true;true;0;0;0.000000;FORMAL_TYPE_PARAMETER_CHANGED;false;true;true;true;0;0;0.000000;JApiCompatibilityChange{type=CLASS_GENERIC_TEMPLATE_CHANGED};false;true;true;true;0;0;0.000000;formal type parameter changed
inheritanceClazzContractSuperClassSet;true;true;Compiler: compiler.err.cant.resolve.location, compiler.err.cant.resolve.location, compiler.err.cant.resolve.locationLinker: Caused by: java.lang.NoClassDefFoundError: testing_lib/inheritanceClazzContractSuperClassSet/Clazz2;true;true;true;true;0;0;0.000000;TYPE_REMOVED, EXECUTABLE_REMOVED, TYPE_SUPERTYPE_REMOVED;true;true;true;true;0;0;0.000000;JApiCompatibilityChange{type=METHOD_REMOVED}, JApiCompatibilityChange{type=CONSTRUCTOR_REMOVED}, JApiCompatibilityChange{type=SUPERCLASS_REMOVED}, JApiCompatibilityChange{type=CLASS_REMOVED}, JApiCompatibilityChange{type=SUPERCLASS_REMOVED};true;true;true;true;0;0;0.000000;class removed, removed super class
accessModifierClazzAccessDecrease;true;true;Compiler: compiler.err.not.def.public.cant.access, compiler.err.not.def.public.cant.access, compiler.err.not.def.public.cant.accessLinker: Exception in thread "main" java.lang.IllegalAccessError: failed to access class testing_lib.accessModifierClazzAccessDecrease.AccessModifierClazzAccessDecrease from class accessModifierClazzAccessDecrease.Main (testing_lib.accessModifierClazzAccessDecrease.AccessModifierClazzAccessDecrease and accessModifierClazzAccessDecrease.Main are in unnamed module of loader 'app');true;true;true;true;0;0;0.000000;TYPE_REMOVED;true;true;true;true;0;0;0.000000;JApiCompatibilityChange{type=CONSTRUCTOR_LESS_ACCESSIBLE}, JApiCompatibilityChange{type=CLASS_NO_LONGER_PUBLIC}, JApiCompatibilityChange{type=CLASS_LESS_ACCESSIBLE};true;true;true;true;0;0;0.000000;class removed
genericsWildcardsClazzMethodParamUpperBoundsGeneralization;false;true;Compiler: compiler.err.name.clash.same.erasure.no.override, compiler.err.method.does.not.override.superclass;false;true;true;true;0;0;0.000000;EXECUTABLE_PARAMETER_GENERICS_CHANGED;false;false;true;false;0;0;0.000000;;false;true;true;true;0;0;0.000000;type parameter of method parameter changed
accessModifierClazzConstructorAccessDecreaseProtectedToPrivate;true;true;Compiler: compiler.err.report.accessLinker: Exception in thread "main" java.lang.IllegalAccessError: class accessModifierClazzConstructorAccessDecreaseProtectedToPrivate.Main tried to access private method 'void testing_lib.accessModifierClazzConstructorAccessDecreaseProtectedToPrivate.AccessModifierClazzConstructorAccessDecreaseProtectedToPrivate.<init>()' (accessModifierClazzConstructorAccessDecreaseProtectedToPrivate.Main and testing_lib.accessModifierClazzConstructorAccessDecreaseProtectedToPrivate.AccessModifierClazzConstructorAccessDecreaseProtectedToPrivate are in unnamed module of loader 'app');true;true;true;true;0;0;0.000000;CLASS_NOW_ABSTRACT, CLASS_NOW_FINAL, EXECUTABLE_REMOVED;true;true;true;true;0;0;0.000000;JApiCompatibilityChange{type=CONSTRUCTOR_LESS_ACCESSIBLE}, JApiCompatibilityChange{type=CLASS_NOW_NOT_EXTENDABLE};true;true;true;true;0;0;0.000000;visibility reduced
accessModifierClazzFieldAccessDecreaseProtectedToNon;true;true;Compiler: compiler.err.not.def.public.cant.accessLinker: Exception in thread "main" java.lang.IllegalAccessError: class accessModifierClazzFieldAccessDecreaseProtectedToNon.Main tried to access field testing_lib.accessModifierClazzFieldAccessDecreaseProtectedToNon.AccessModifierClazzFieldAccessDecreaseProtectedToNon.field (accessModifierClazzFieldAccessDecreaseProtectedToNon.Main and testing_lib.accessModifierClazzFieldAccessDecreaseProtectedToNon.AccessModifierClazzFieldAccessDecreaseProtectedToNon are in unnamed module of loader 'app');true;true;true;true;0;0;0.000000;FIELD_REMOVED;true;true;true;true;0;0;0.000000;JApiCompatibilityChange{type=FIELD_LESS_ACCESSIBLE};true;true;true;true;0;0;0.000000;visibility reduced
dataTypeClazzConstructorParamNarrowing;true;true;Compiler: compiler.err.prob.found.reqLinker: Exception in thread "main" java.lang.NoSuchMethodError: 'void testing_lib.dataTypeClazzConstructorParamNarrowing.DataTypeClazzConstructorParamNarrowing.<init>(double)';true;true;true;true;0;0;0.000000;EXECUTABLE_REMOVED;true;true;true;true;0;0;0.000000;JApiCompatibilityChange{type=CONSTRUCTOR_REMOVED};true;true;true;true;0;0;0.000000;parameter type changed
genericsIfazeTypeBoundsGeneralization;false;false;;false;false;true;true;0;0;0.000000;;false;true;true;false;0;0;0.000000;JApiCompatibilityChange{type=CLASS_GENERIC_TEMPLATE_CHANGED};false;true;true;false;0;0;0.000000;formal type parameter changed
dataTypeClazzFieldBoxing;true;false;Linker: Exception in thread "main" java.lang.NoSuchFieldError: Class testing_lib.dataTypeClazzFieldBoxing.DataTypeClazzFieldBoxing does not have member field 'int field1';true;false;true;true;0;0;0.000000;FIELD_TYPE_ERASURE_CHANGED;true;true;true;false;0;0;0.000000;JApiCompatibilityChange{type=FIELD_TYPE_CHANGED};true;true;true;false;0;0;0.000000;field type changed
accessModifierClazzNestedIfazeAccessIncreaseNonToProtected;false;false;;false;false;true;true;0;0;0.000000;;false;false;true;true;0;0;0.000000;;false;false;true;true;0;0;0.000000;visibility increased
genericsIfazeTypeAddSecond;false;true;Compiler: compiler.err.wrong.number.type.args;false;true;true;true;0;0;0.000000;FORMAL_TYPE_PARAMETER_ADDED;false;true;true;true;0;0;0.000000;JApiCompatibilityChange{type=CLASS_GENERIC_TEMPLATE_CHANGED};false;true;true;true;0;0;0.000000;formal type parameter added
accessModifierClazzFieldAccessIncreasePrivateToNon;false;false;;false;false;true;true;0;0;0.000000;;false;false;true;true;0;0;0.000000;;false;false;true;true;0;0;0.000000;
genericsIfazeTypeDeleteN;false;true;Compiler: compiler.err.type.doesnt.take.params;false;true;true;true;0;0;0.000000;FORMAL_TYPE_PARAMETER_REMOVED;false;true;true;true;0;0;0.000000;JApiCompatibilityChange{type=CLASS_GENERIC_TEMPLATE_CHANGED};false;true;true;true;0;0;0.000000;formal type parameter removed
accessModifierClazzNestedIfazeAccessIncreasePrivateToPublic;false;false;;false;false;true;true;0;0;0.000000;;false;false;true;true;0;0;0.000000;;false;false;true;true;0;0;0.000000;visibility increased
accessModifierClazzNestedIfazeAccessDecreaseProtectedToPrivate;true;true;Compiler: compiler.err.report.access, compiler.err.report.accessLinker: Exception in thread "main" java.lang.IllegalAccessError: class accessModifierClazzNestedIfazeAccessDecreaseProtectedToPrivate.Main$1 cannot access its superinterface testing_lib.accessModifierClazzNestedIfazeAccessDecreaseProtectedToPrivate.AccessModifierClazzNestedIfazeAccessDecreaseProtectedToPrivate$Ifaze (accessModifierClazzNestedIfazeAccessDecreaseProtectedToPrivate.Main$1 and testing_lib.accessModifierClazzNestedIfazeAccessDecreaseProtectedToPrivate.AccessModifierClazzNestedIfazeAccessDecreaseProtectedToPrivate$Ifaze are in unnamed module of loader 'app');true;true;true;true;0;0;0.000000;TYPE_REMOVED;true;true;true;true;0;0;0.000000;JApiCompatibilityChange{type=CLASS_LESS_ACCESSIBLE};true;true;true;true;0;0;0.000000;visibility reduced
genericsIfazeMethodTypeDeleteN;false;true;Compiler: compiler.err.does.not.override.abstract, compiler.err.name.clash.same.erasure.no.override, compiler.err.method.does.not.override.superclass;false;true;true;true;0;0;0.000000;FORMAL_TYPE_PARAMETER_REMOVED;false;true;true;true;0;0;0.000000;JApiCompatibilityChange{type=CLASS_GENERIC_TEMPLATE_CHANGED};false;true;true;true;0;0;0.000000;formal type parameter removed
accessModifierClazzAccessIncrease;false;false;;false;false;true;true;0;0;0.000000;;false;false;true;true;0;0;0.000000;;false;false;true;true;0;0;0.000000;class added
accessModifierClazzMethodAccessDecreasePublicToProtected;true;true;Compiler: compiler.err.report.accessLinker: Caused by: java.lang.VerifyError: Bad access to protected data in invokevirtual;true;true;true;true;0;0;0.000000;EXECUTABLE_NOW_PROTECTED;true;true;true;true;0;0;0.000000;JApiCompatibilityChange{type=METHOD_LESS_ACCESSIBLE};true;true;true;true;0;0;0.000000;visibility reduced
accessModifierClazzMethodAccessDecreaseProtectedToNon;true;true;Compiler: compiler.err.cant.resolve.location.argsLinker: Exception in thread "main" java.lang.IllegalAccessError: class accessModifierClazzMethodAccessDecreaseProtectedToNon.Main tried to access method 'void testing_lib.accessModifierClazzMethodAccessDecreaseProtectedToNon.AccessModifierClazzMethodAccessDecreaseProtectedToNon.method()' (accessModifierClazzMethodAccessDecreaseProtectedToNon.Main and testing_lib.accessModifierClazzMethodAccessDecreaseProtectedToNon.AccessModifierClazzMethodAccessDecreaseProtectedToNon are in unnamed module of loader 'app');true;true;true;true;0;0;0.000000;EXECUTABLE_REMOVED;true;true;true;true;0;0;0.000000;JApiCompatibilityChange{type=METHOD_LESS_ACCESSIBLE};true;true;true;true;0;0;0.000000;visibility reduced
accessModifierIfazeMethodAccessIncreaseNonToPublic;false;false;;false;false;true;true;0;0;0.000000;;false;false;true;true;0;0;0.000000;;false;false;true;true;0;0;0.000000;
accessModifierClazzMethodAccessIncreasePrivateToPublic;false;false;;false;false;true;true;0;0;0.000000;;false;false;true;true;0;0;0.000000;;false;true;true;false;0;0;0.000000;visibility increased
inheritanceClazzExpandSuperClassSet;false;false;;false;false;true;true;0;0;0.000000;;false;false;true;true;0;0;0.000000;JApiCompatibilityChange{type=METHOD_ADDED_TO_PUBLIC_CLASS}, JApiCompatibilityChange{type=SUPERCLASS_ADDED};true;true;false;false;0;0;0.000000;class added, new super class of non-final class
dataTypeClazzConstructorParamSpecialization;true;true;Compiler: compiler.err.prob.found.reqLinker: Exception in thread "main" java.lang.NoSuchMethodError: 'void testing_lib.dataTypeClazzConstructorParamSpecialization.DataTypeClazzConstructorParamSpecialization.<init>(java.lang.Number)';true;true;true;true;0;0;0.000000;EXECUTABLE_REMOVED;true;true;true;true;0;0;0.000000;JApiCompatibilityChange{type=CONSTRUCTOR_REMOVED};true;true;true;true;0;0;0.000000;parameter type changed
accessModifierClazzConstructorAccessIncreasePrivateToProtected;false;false;;false;false;true;true;0;0;0.000000;;false;false;true;true;0;0;0.000000;;false;true;true;false;0;0;0.000000;visibility increased
accessModifierClazzFieldAccessDecreaseProtectedToPrivate;true;true;Compiler: compiler.err.report.accessLinker: Exception in thread "main" java.lang.IllegalAccessError: class accessModifierClazzFieldAccessDecreaseProtectedToPrivate.Main tried to access private field testing_lib.accessModifierClazzFieldAccessDecreaseProtectedToPrivate.AccessModifierClazzFieldAccessDecreaseProtectedToPrivate.field (accessModifierClazzFieldAccessDecreaseProtectedToPrivate.Main and testing_lib.accessModifierClazzFieldAccessDecreaseProtectedToPrivate.AccessModifierClazzFieldAccessDecreaseProtectedToPrivate are in unnamed module of loader 'app');true;true;true;true;0;0;0.000000;FIELD_REMOVED;true;true;true;true;0;0;0.000000;JApiCompatibilityChange{type=FIELD_LESS_ACCESSIBLE};true;true;true;true;0;0;0.000000;visibility reduced
accessModifierClazzConstructorAccessDecreasePublicToNon;true;true;Compiler: compiler.err.not.def.public.cant.access, compiler.err.not.def.public.cant.accessLinker: Exception in thread "main" java.lang.IllegalAccessError: class accessModifierClazzConstructorAccessDecreasePublicToNon.Main tried to access method 'void testing_lib.accessModifierClazzConstructorAccessDecreasePublicToNon.AccessModifierClazzConstructorAccessDecreasePublicToNon.<init>()' (accessModifierClazzConstructorAccessDecreasePublicToNon.Main and testing_lib.accessModifierClazzConstructorAccessDecreasePublicToNon.AccessModifierClazzConstructorAccessDecreasePublicToNon are in unnamed module of loader 'app');true;true;true;true;0;0;0.000000;CLASS_NOW_ABSTRACT, CLASS_NOW_FINAL, EXECUTABLE_REMOVED;true;true;true;true;0;0;0.000000;JApiCompatibilityChange{type=CONSTRUCTOR_LESS_ACCESSIBLE};true;true;true;true;0;0;0.000000;visibility reduced
dataTypeClazzFieldGeneralization;true;true;Compiler: compiler.err.prob.found.reqLinker: Exception in thread "main" java.lang.NoSuchFieldError: Class testing_lib.dataTypeClazzFieldGeneralization.DataTypeClazzFieldGeneralization does not have member field 'java.lang.Integer field1';true;true;true;true;0;0;0.000000;FIELD_TYPE_ERASURE_CHANGED, FIELD_TYPE_CHANGED_INCOMPATIBLE;true;true;true;true;0;0;0.000000;JApiCompatibilityChange{type=FIELD_TYPE_CHANGED};true;true;true;true;0;0;0.000000;field type changed
accessModifierClazzNestedIfazeAccessIncreaseNonToPublic;false;false;;false;false;true;true;0;0;0.000000;;false;false;true;true;0;0;0.000000;;false;false;true;true;0;0;0.000000;visibility increased
genericsIfazeTypeDeleteSecond;false;true;Compiler: compiler.err.wrong.number.type.args;false;true;true;true;0;0;0.000000;FORMAL_TYPE_PARAMETER_REMOVED;false;true;true;true;0;0;0.000000;JApiCompatibilityChange{type=CLASS_GENERIC_TEMPLATE_CHANGED};false;true;true;true;0;0;0.000000;formal type parameter removed
accessModifierClazzFieldAccessIncreasePrivateToProtected;false;false;;false;false;true;true;0;0;0.000000;;false;false;true;true;0;0;0.000000;;false;false;true;true;0;0;0.000000;visibility increased
accessModifierClazzConstructorAccessDecreaseNonToPrivate;false;false;;false;false;true;true;0;0;0.000000;;true;true;false;false;0;0;0.000000;JApiCompatibilityChange{type=CONSTRUCTOR_LESS_ACCESSIBLE}, JApiCompatibilityChange{type=CLASS_NOW_NOT_EXTENDABLE};false;false;true;true;0;0;0.000000;
accessModifierClazzNestedIfazeAccessIncreaseProtectedToPublic;false;false;;false;false;true;true;0;0;0.000000;;false;false;true;true;0;0;0.000000;;false;false;true;true;0;0;0.000000;visibility increased
accessModifierClazzMethodAccessDecreaseProtectedToPrivate;true;true;Compiler: compiler.err.cant.resolve.location.argsLinker: Exception in thread "main" java.lang.IllegalAccessError: class accessModifierClazzMethodAccessDecreaseProtectedToPrivate.Main tried to access private method 'void testing_lib.accessModifierClazzMethodAccessDecreaseProtectedToPrivate.AccessModifierClazzMethodAccessDecreaseProtectedToPrivate.method()' (accessModifierClazzMethodAccessDecreaseProtectedToPrivate.Main and testing_lib.accessModifierClazzMethodAccessDecreaseProtectedToPrivate.AccessModifierClazzMethodAccessDecreaseProtectedToPrivate are in unnamed module of loader 'app');true;true;true;true;0;0;0.000000;EXECUTABLE_REMOVED;true;true;true;true;0;0;0.000000;JApiCompatibilityChange{type=METHOD_LESS_ACCESSIBLE};true;true;true;true;0;0;0.000000;visibility reduced
genericsIfazeTypeBoundsAddN;false;true;Compiler: compiler.err.not.within.bounds;false;true;true;true;0;0;0.000000;FORMAL_TYPE_PARAMETER_CHANGED;false;true;true;true;0;0;0.000000;JApiCompatibilityChange{type=CLASS_GENERIC_TEMPLATE_CHANGED};false;true;true;true;0;0;0.000000;formal type parameter changed
accessModifierClazzMethodAccessIncreaseNonToProtected;false;false;;false;false;true;true;0;0;0.000000;;false;false;true;true;0;0;0.000000;;false;true;true;false;0;0;0.000000;visibility increased
accessModifierIfazeNestedIfazeAccessDecreasePublicToNon;false;false;;false;false;true;true;0;0;0.000000;;false;false;true;true;0;0;0.000000;;false;false;true;true;0;0;0.000000;
accessModifierClazzMethodAccessIncreaseProtectedToPublic;false;false;;false;false;true;true;0;0;0.000000;;false;false;true;true;0;0;0.000000;;false;true;true;false;0;0;0.000000;visibility increased
accessModifierClazzConstructorAccessDecreasePublicToPrivate;true;true;Compiler: compiler.err.report.access, compiler.err.report.accessLinker: Exception in thread "main" java.lang.IllegalAccessError: class accessModifierClazzConstructorAccessDecreasePublicToPrivate.Main tried to access private method 'void testing_lib.accessModifierClazzConstructorAccessDecreasePublicToPrivate.AccessModifierClazzConstructorAccessDecreasePublicToPrivate.<init>()' (accessModifierClazzConstructorAccessDecreasePublicToPrivate.Main and testing_lib.accessModifierClazzConstructorAccessDecreasePublicToPrivate.AccessModifierClazzConstructorAccessDecreasePublicToPrivate are in unnamed module of loader 'app');true;true;true;true;0;0;0.000000;CLASS_NOW_ABSTRACT, CLASS_NOW_FINAL, EXECUTABLE_REMOVED;true;true;true;true;0;0;0.000000;JApiCompatibilityChange{type=CONSTRUCTOR_LESS_ACCESSIBLE}, JApiCompatibilityChange{type=CLASS_NOW_NOT_EXTENDABLE};true;true;true;true;0;0;0.000000;visibility reduced
accessModifierClazzConstructorAccessIncreasePrivateToPublic;false;false;;false;false;true;true;0;0;0.000000;;false;false;true;true;0;0;0.000000;;false;true;true;false;0;0;0.000000;visibility increased
accessModifierClazzFieldAccessDecreasePublicToNon;true;true;Compiler: compiler.err.not.def.public.cant.accessLinker: Exception in thread "main" java.lang.IllegalAccessError: class accessModifierClazzFieldAccessDecreasePublicToNon.Main tried to access field testing_lib.accessModifierClazzFieldAccessDecreasePublicToNon.AccessModifierClazzFieldAccessDecreasePublicToNon.field (accessModifierClazzFieldAccessDecreasePublicToNon.Main and testing_lib.accessModifierClazzFieldAccessDecreasePublicToNon.AccessModifierClazzFieldAccessDecreasePublicToNon are in unnamed module of loader 'app');true;true;true;true;0;0;0.000000;FIELD_REMOVED;true;true;true;true;0;0;0.000000;JApiCompatibilityChange{type=FIELD_LESS_ACCESSIBLE};true;true;true;true;0;0;0.000000;visibility reduced
dataTypeClazzFieldMutation;true;true;Compiler: compiler.err.prob.found.reqLinker: Exception in thread "main" java.lang.NoSuchFieldError: Class testing_lib.dataTypeClazzFieldMutation.DataTypeClazzFieldMutation does not have member field 'java.lang.Integer field1';true;true;true;true;0;0;0.000000;FIELD_TYPE_ERASURE_CHANGED, FIELD_TYPE_CHANGED_INCOMPATIBLE;true;true;true;true;0;0;0.000000;JApiCompatibilityChange{type=FIELD_TYPE_CHANGED};true;true;true;true;0;0;0.000000;field type changed
genericsIfazeTypeSwap;false;false;;false;false;true;true;0;0;0.000000;;false;false;true;true;0;0;0.000000;;false;false;true;true;0;0;0.000000;
accessModifierClazzConstructorAccessDecreaseProtectedToNon;true;true;Compiler: compiler.err.not.def.public.cant.accessLinker: Exception in thread "main" java.lang.IllegalAccessError: class accessModifierClazzConstructorAccessDecreaseProtectedToNon.Main tried to access method 'void testing_lib.accessModifierClazzConstructorAccessDecreaseProtectedToNon.AccessModifierClazzConstructorAccessDecreaseProtectedToNon.<init>()' (accessModifierClazzConstructorAccessDecreaseProtectedToNon.Main and testing_lib.accessModifierClazzConstructorAccessDecreaseProtectedToNon.AccessModifierClazzConstructorAccessDecreaseProtectedToNon are in unnamed module of loader 'app');true;true;true;true;0;0;0.000000;CLASS_NOW_ABSTRACT, CLASS_NOW_FINAL, EXECUTABLE_REMOVED;true;true;true;true;0;0;0.000000;JApiCompatibilityChange{type=CONSTRUCTOR_LESS_ACCESSIBLE};true;true;true;true;0;0;0.000000;visibility reduced
accessModifierIfazeFieldAccessDecreasePublicToNon;false;false;;false;false;true;true;0;0;0.000000;;false;false;true;true;0;0;0.000000;;false;false;true;true;0;0;0.000000;
accessModifierClazzMethodAccessIncreaseNonToPublic;false;false;;false;false;true;true;0;0;0.000000;;false;false;true;true;0;0;0.000000;;false;true;true;false;0;0;0.000000;visibility increased
accessModifierIfazeNestedIfazeAccessIncreaseNonToPublic;false;false;;false;false;true;true;0;0;0.000000;;false;false;true;true;0;0;0.000000;;false;false;true;true;0;0;0.000000;
accessModifierClazzNestedClazzAccessDecreaseNonToPrivate;false;false;;false;false;true;true;0;0;0.000000;;true;true;false;false;0;0;0.000000;JApiCompatibilityChange{type=CONSTRUCTOR_LESS_ACCESSIBLE}, JApiCompatibilityChange{type=CLASS_NOW_NOT_EXTENDABLE}, JApiCompatibilityChange{type=CLASS_LESS_ACCESSIBLE};false;false;true;true;0;0;0.000000;
accessModifierClazzConstructorAccessDecreasePublicToProtected;true;true;Compiler: compiler.err.report.accessLinker: Caused by: java.lang.VerifyError: Bad access to protected <init> method;true;true;true;true;0;0;0.000000;EXECUTABLE_NOW_PROTECTED;true;true;true;true;0;0;0.000000;JApiCompatibilityChange{type=CONSTRUCTOR_LESS_ACCESSIBLE};false;false;false;false;0;0;0.000000;Public constructor of abstract class now protected
accessModifierClazzFieldAccessDecreasePublicToPrivate;true;true;Compiler: compiler.err.report.accessLinker: Exception in thread "main" java.lang.IllegalAccessError: class accessModifierClazzFieldAccessDecreasePublicToPrivate.Main tried to access private field testing_lib.accessModifierClazzFieldAccessDecreasePublicToPrivate.AccessModifierClazzFieldAccessDecreasePublicToPrivate.field (accessModifierClazzFieldAccessDecreasePublicToPrivate.Main and testing_lib.accessModifierClazzFieldAccessDecreasePublicToPrivate.AccessModifierClazzFieldAccessDecreasePublicToPrivate are in unnamed module of loader 'app');true;true;true;true;0;0;0.000000;FIELD_REMOVED;true;true;true;true;0;0;0.000000;JApiCompatibilityChange{type=FIELD_LESS_ACCESSIBLE};true;true;true;true;0;0;0.000000;visibility reduced
accessModifierClazzConstructorAccessIncreaseProtectedToPublic;false;false;;false;false;true;true;0;0;0.000000;;false;false;true;true;0;0;0.000000;;false;true;true;false;0;0;0.000000;visibility increased
accessModifierClazzConstructorAccessIncreaseNonToProtected;false;false;;false;false;true;true;0;0;0.000000;;false;false;true;true;0;0;0.000000;;false;true;true;false;0;0;0.000000;visibility increased
accessModifierClazzFieldAccessDecreasePublicToProtected;true;true;Compiler: compiler.err.report.accessLinker: Caused by: java.lang.VerifyError: Bad access to protected data in getfield;true;true;true;true;0;0;0.000000;FIELD_NOW_PROTECTED;true;true;true;true;0;0;0.000000;JApiCompatibilityChange{type=FIELD_LESS_ACCESSIBLE};true;true;true;true;0;0;0.000000;visibility reduced
